AIRLINE,AIRLINE_NAME,ORIGIN_AIRPORT,CITY,STATE,TIME_OF_DAY,scheduled,departures,delayed,risk,ci_low,ci_high,x_national,significantly_riskier,cancel_rate,avg_late_min
NK,Spirit Air Lines,ORD,Chicago,IL,Night (21-24),964,927,486.0,0.5242718446601942,0.492088451215001,0.5562548974277757,2.759651911804347,True,0.038381742738589214,72.6399154663086
NK,Spirit Air Lines,IAH,Houston,TX,Evening (17-21),1090,1058,551.0,0.5207939508506616,0.4906702987130444,0.5507671435570642,2.7413450421940784,True,0.031192660550458717,75.43738555908203
NK,Spirit Air Lines,ATL,Atlanta,GA,Evening (17-21),1125,1110,567.0,0.5108108108108108,0.4814164234984721,0.5401306259204041,2.6887959843391003,True,0.013333333333333334,67.06525421142578
WN,Southwest Airlines,LAX,Los Angeles,CA,Night (21-24),2491,2466,1249.0,0.5064882400648824,0.48676050457718556,0.5261957918913814,2.6660429207435477,True,0.010437575270975512,53.68695068359375
B6,JetBlue Airways,PBI,West Palm Beach,FL,Evening (17-21),1889,1843,908.0,0.49267498643516006,0.4698886538056203,0.5154917924654621,2.5933329856673875,True,0.024351508734780307,67.18061828613281
F9,Frontier Airlines,LGA,New York,NY,Night (21-24),209,200,97.0,0.485,0.4166726249238525,0.5538927552536972,2.552933541744188,True,0.0430622009569378,58.80412292480469
F9,Frontier Airlines,PHL,Philadelphia,PA,Evening (17-21),585,576,278.0,0.4826388888888889,0.44208044594185014,0.5234273755045586,2.5405051711228674,True,0.015384615384615385,74.05755615234375
WN,Southwest Airlines,CLT,Charlotte,NC,Evening (17-21),330,323,155.0,0.47987616099071206,0.4259488419946812,0.5342765393521239,2.525962777889944,True,0.021212121212121213,55.206451416015625
F9,Frontier Airlines,MIA,Miami,FL,Night (21-24),349,341,163.0,0.4780058651026393,0.4255278540605825,0.5309739137075754,2.516117950867991,True,0.022922636103151862,73.38650512695312
F9,Frontier Airlines,MCO,Orlando,FL,Night (21-24),265,260,123.0,0.47307692307692306,0.41322224971373994,0.5337156099717684,2.4901730819550765,True,0.018867924528301886,77.8943099975586
NK,Spirit Air Lines,ORD,Chicago,IL,Evening (17-21),2387,2290,1053.0,0.45982532751091704,0.43949683189451666,0.48028838779981625,2.4204195916414983,True,0.04189359028068706,68.93732452392578
WN,Southwest Airlines,SEA,Seattle,WA,Night (21-24),324,322,148.0,0.45962732919254656,0.40598812033311027,0.5142185076726445,2.4193773719545355,True,0.006172839506172839,52.16216278076172
NK,Spirit Air Lines,BOS,Boston,MA,Evening (17-21),554,539,246.0,0.45640074211502785,0.4148064059186869,0.49861216774994876,2.402393325819369,True,0.02888086642599278,64.48780822753906
UA,United Air Lines,EWR,Newark,NJ,Evening (17-21),11337,11161,5089.0,0.45596272735417975,0.44673921147811163,0.465216547930065,2.400087712263187,True,0.01755314457087413,63.773040771484375
WN,Southwest Airlines,PHX,Phoenix,AZ,Night (21-24),2917,2892,1314.0,0.45435684647302904,0.43628212805054783,0.47255266457070594,2.3916347077981657,True,0.009256085018854988,49.49695587158203
B6,JetBlue Airways,CHS,Charleston,SC,Evening (17-21),317,306,138.0,0.45098039215686275,0.3961785563999588,0.5069977762809982,2.3738617934148505,True,0.03470031545741325,82.79710388183594
UA,United Air Lines,EWR,Newark,NJ,Night (21-24),1748,1730,776.0,0.4485549132947977,0.4252581411442119,0.47207965488052306,2.36109460508133,True,0.010297482837528604,61.828609466552734
F9,Frontier Airlines,AUS,Austin,TX,Evening (17-21),315,314,139.0,0.4426751592356688,0.3887567274563522,0.4979793070967082,2.330144870329254,True,0.006349206349206349,80.64028930664062
UA,United Air Lines,MIA,Miami,FL,Evening (17-21),794,769,339.0,0.4408322496749025,0.40612105048960806,0.4761316646851445,2.320444198922901,True,0.031486146095717885,57.62241744995117
WN,Southwest Airlines,PDX,Portland,OR,Night (21-24),253,252,111.0,0.44047619047619047,0.38053016052431915,0.5022097848168607,2.31856998145643,True,0.003952569169960474,53.054054260253906
F9,Frontier Airlines,MIA,Miami,FL,Evening (17-21),318,309,136.0,0.4401294498381877,0.3858514767973912,0.4958778072875899,2.316744814848094,True,0.031446540880503145,67.875
UA,United Air Lines,SJU,San Juan,PR,Overnight (00-05),336,327,143.0,0.43730886850152906,0.38457847378452414,0.49149515178130565,2.3018978938139214,True,0.03273809523809524,62.69230651855469
B6,JetBlue Airways,LGA,New York,NY,Night (21-24),667,649,283.0,0.43605546995377503,0.39838982329239225,0.4744736707006375,2.295300278981479,True,0.02848575712143928,76.13074493408203
NK,Spirit Air Lines,LAX,Los Angeles,CA,Night (21-24),855,844,367.0,0.43483412322274884,0.4017586790445975,0.46850010514339235,2.288871377876868,True,0.012865497076023392,61.468666076660156
WN,Southwest Airlines,ATL,Atlanta,GA,Night (21-24),5445,5402,2332.0,0.43169196593854126,0.4185364865759294,0.4449445299599602,2.27233175164122,True,0.008264462809917356,51.74099349975586
NK,Spirit Air Lines,MCI,Kansas City,MO,Night (21-24),222,218,94.0,0.43119266055045874,0.36720252604601894,0.49756584922714914,2.269703517676664,True,0.018018018018018018,61.23404312133789
WN,Southwest Airlines,DAL,Dallas,TX,Night (21-24),2911,2860,1228.0,0.42937062937062936,0.41133608531068594,0.44759466002103915,2.2601127454847254,True,0.017863277224321537,54.567588806152344
WN,Southwest Airlines,BWI,Baltimore,MD,Night (21-24),7087,6880,2919.0,0.4242732558139535,0.4126400421477872,0.4359909896876924,2.233281289963823,True,0.029772823479610553,49.28091812133789
B6,JetBlue Airways,MSY,New Orleans,LA,Evening (17-21),363,352,149.0,0.42329545454545453,0.37278037068796527,0.47546671453197525,2.2281343587153466,True,0.030303030303030304,79.81879425048828
NK,Spirit Air Lines,MSP,Minneapolis,MN,Night (21-24),334,324,137.0,0.4228395061728395,0.3702598704134974,0.47722745273280254,2.2257343465632795,True,0.029940119760479042,60.84671401977539
B6,JetBlue Airways,LGA,New York,NY,Afternoon (12-17),1786,1739,735.0,0.4226566992524439,0.3996345618259959,0.44601979941945524,2.2247720910607214,True,0.02631578947368421,63.32244873046875
UA,United Air Lines,BOS,Boston,MA,Evening (17-21),2266,2216,934.0,0.4214801444043321,0.4010735771098135,0.4421584805288937,2.2185789645958836,True,0.02383053839364519,64.41542053222656
UA,United Air Lines,BQN,Aguadilla,PR,Overnight (00-05),291,287,120.0,0.4181184668989547,0.3625012136614704,0.4758987951405717,2.200883832101028,True,0.013745704467353952,81.01667022705078
B6,JetBlue Airways,SAV,Savannah,GA,Evening (17-21),342,335,140.0,0.417910447761194,0.36631657519299554,0.47136569286381913,2.1997888650203805,True,0.02046783625730994,81.2357177734375
NK,Spirit Air Lines,LGA,New York,NY,Night (21-24),334,292,122.0,0.4178082191780822,0.36266386441510295,0.47508714828899273,2.199250756198213,True,0.12574850299401197,59.78688430786133
UA,United Air Lines,MSP,Minneapolis,MN,Evening (17-21),537,527,220.0,0.4174573055028463,0.3760992835891423,0.4600100190728948,2.1974036236378702,True,0.0186219739292365,63.26363754272461
NK,Spirit Air Lines,BWI,Baltimore,MD,Evening (17-21),730,713,297.0,0.4165497896213184,0.3809048197533344,0.45308918952291294,2.192626659238657,True,0.023287671232876714,74.3131332397461
UA,United Air Lines,ANC,Anchorage,AK,Evening (17-21),351,346,144.0,0.4161849710982659,0.36544347307903563,0.4687672096985413,2.1907063346115434,True,0.017094017094017096,67.52083587646484
WN,Southwest Airlines,LGA,New York,NY,Evening (17-21),2868,2714,1129.0,0.41599115696389094,0.39757865292605354,0.43464114972911216,2.189686139550698,True,0.05369595536959554,72.29583740234375
NK,Spirit Air Lines,DTW,Detroit,MI,Evening (17-21),1965,1938,806.0,0.41589267285861714,0.3941361324955834,0.4379819970161131,2.1891677408379513,True,0.013740458015267175,67.83747100830078
WN,Southwest Airlines,LAX,Los Angeles,CA,Evening (17-21),8504,8366,3477.0,0.4156108056418838,0.40509121729765146,0.4262078600946853,2.1876840536793605,True,0.016462841015992474,54.706356048583984
NK,Spirit Air Lines,MSP,Minneapolis,MN,Evening (17-21),827,798,329.0,0.41228070175438597,0.3786267133463668,0.44677521142281457,2.1701551177785645,True,0.036275695284159616,64.92705535888672
WN,Southwest Airlines,BWI,Baltimore,MD,Evening (17-21),15239,14886,6136.0,0.4121993819696359,0.4043155851341631,0.4201284841701066,2.1697270682814596,True,0.02388608176389527,53.367340087890625
B6,JetBlue Airways,LGA,New York,NY,Evening (17-21),998,972,400.0,0.411522633744856,0.3809924722507015,0.4427494137275148,2.1661648141735084,True,0.026052104208416832,73.74749755859375
MQ,American Eagle Airlines,ASE,Aspen,CO,Afternoon (12-17),335,280,114.0,0.40714285714285714,0.35122918617789023,0.4655700426877869,2.143110631508376,True,0.16716417910447762,103.74561309814453
B6,JetBlue Airways,MCO,Orlando,FL,Evening (17-21),4649,4576,1862.0,0.40690559440559443,0.39275560817351407,0.42121175698601465,2.1418617325389655,True,0.015702301570230157,72.61116790771484
B6,JetBlue Airways,EWR,Newark,NJ,Night (21-24),737,718,292.0,0.40668523676880225,0.3713434537234979,0.44302025155477925,2.140701818307736,True,0.027137042062415198,72.373291015625
WN,Southwest Airlines,BOS,Boston,MA,Evening (17-21),2284,2232,906.0,0.40591397849462363,0.3857197074137922,0.42643156484091477,2.136642084044853,True,0.023204903677758317,61.01876449584961
NK,Spirit Air Lines,LGA,New York,NY,Evening (17-21),666,622,252.0,0.40514469453376206,0.3672602946471802,0.4441935940045169,2.1325927421339057,True,0.06756756756756757,69.28968048095703
WN,Southwest Airlines,ONT,Ontario,CA,Night (21-24),444,437,177.0,0.40503432494279173,0.3600289656479378,0.451694791819597,2.132011780833335,True,0.018018018018018018,56.926551818847656
B6,JetBlue Airways,TPA,Tampa,FL,Evening (17-21),1296,1281,517.0,0.40359094457455114,0.3770505304739785,0.43070787336350613,2.124414143399157,True,0.011574074074074073,74.50483703613281
MQ,American Eagle Airlines,LGA,New York,NY,Evening (17-21),2470,2244,905.0,0.40329768270944744,0.3831824156135747,0.423743481656055,2.1228704773126874,True,0.09473684210526316,64.26629638671875
F9,Frontier Airlines,ORD,Chicago,IL,Evening (17-21),929,918,369.0,0.4019607843137255,0.37071591444542223,0.4340227738498336,2.1158333376088883,True,0.011840688912809472,79.13821411132812
B6,JetBlue Airways,SEA,Seattle,WA,Night (21-24),652,645,259.0,0.4015503875968992,0.3644088739588718,0.43985768354915467,2.1136730993742336,True,0.010736196319018405,52.320465087890625
UA,United Air Lines,PBI,West Palm Beach,FL,Evening (17-21),541,526,211.0,0.4011406844106464,0.36011694150873286,0.4435979800829277,2.1115165117322867,True,0.027726432532347505,65.3838882446289
F9,Frontier Airlines,MCO,Orlando,FL,Evening (17-21),1347,1329,533.0,0.40105342362678703,0.37502457752964063,0.4276526498318101,2.1110571901199293,True,0.013363028953229399,77.91181945800781
DL,Delta Air Lines,JFK,New York,NY,Night (21-24),648,646,258.0,0.3993808049535604,0.36231394499858005,0.43763730465979833,2.102252892566469,True,0.0030864197530864196,64.31783294677734
F9,Frontier Airlines,ORD,Chicago,IL,Night (21-24),389,386,154.0,0.39896373056994816,0.3513387913992113,0.4485799448259633,2.100057504559612,True,0.007712082262210797,60.79220962524414
UA,United Air Lines,ORD,Chicago,IL,Evening (17-21),17857,17521,6970.0,0.39780834427258716,0.3905841269461189,0.405077364225362,2.0939758046993964,True,0.019824158593268745,65.92051696777344
B6,JetBlue Airways,PBI,West Palm Beach,FL,Afternoon (12-17),1878,1843,733.0,0.3977211068909387,0.375611033490526,0.42025667925755156,2.09351660627114,True,0.01863684771033014,60.29740905761719
MQ,American Eagle Airlines,RDU,Raleigh,NC,Evening (17-21),545,458,182.0,0.39737991266375544,0.3535945826445756,0.44287243115409475,2.091720634751912,True,0.1669724770642202,68.94505310058594
WN,Southwest Airlines,HOU,Houston,TX,Night (21-24),3995,3947,1562.0,0.39574360273625536,0.3805960791230577,0.4110938737214197,2.0831074584661304,True,0.012515644555694618,50.15877151489258
WN,Southwest Airlines,PHX,Phoenix,AZ,Evening (17-21),13136,13073,5128.0,0.39225885412682626,0.3839218931645146,0.40065911758964184,2.0647645066938463,True,0.004948233861144945,46.44013214111328
B6,JetBlue Airways,SJU,San Juan,PR,Night (21-24),351,342,134.0,0.391812865497076,0.3415517526240597,0.4444774584367265,2.06241692044204,True,0.02564102564102564,56.53731155395508
WN,Southwest Airlines,SFO,San Francisco,CA,Night (21-24),752,737,288.0,0.39077340569877883,0.3561997967270751,0.42647979361990324,2.0569454322268492,True,0.0199468085106383,58.34375
B6,JetBlue Airways,ORD,Chicago,IL,Evening (17-21),625,612,239.0,0.39052287581699346,0.352667566054571,0.42974401510525967,2.0556266979208306,True,0.0224,76.03765869140625
UA,United Air Lines,PHL,Philadelphia,PA,Evening (17-21),841,830,324.0,0.39036144578313253,0.35775082069692454,0.42398230463527276,2.0547769656567305,True,0.015457788347205707,68.98456573486328
B6,JetBlue Airways,SRQ,Sarasota,FL,Evening (17-21),354,346,135.0,0.3901734104046243,0.34024971772411744,0.4425091079844317,2.0537871886983217,True,0.022598870056497175,84.7259292602539
UA,United Air Lines,ANC,Anchorage,AK,Afternoon (12-17),233,231,90.0,0.38961038961038963,0.32901836447365573,0.4538139786887142,2.050823570821412,True,0.008583690987124463,48.266666412353516
WN,Southwest Airlines,ABQ,Albuquerque,NM,Evening (17-21),2401,2383,926.0,0.38858581619806964,0.3692094186686303,0.4083208539728385,2.0454304412744206,True,0.007913369429404415,49.70842361450195
UA,United Air Lines,ATL,Atlanta,GA,Evening (17-21),1157,1123,436.0,0.38824577025823687,0.36016869177266836,0.41708482815417863,2.0436405140877545,True,0.03197925669835782,68.29586791992188
WN,Southwest Airlines,LAS,Las Vegas,NV,Evening (17-21),16648,16540,6413.0,0.38772672309552597,0.38032814203588106,0.3951774454934386,2.0409083637549057,True,0.006727534839019702,50.48526382446289
B6,JetBlue Airways,HPN,White Plains,NY,Evening (17-21),616,600,232.0,0.38666666666666666,0.3485381336379906,0.4262372379164039,2.0353284593974283,True,0.025974025974025976,77.2112045288086
NK,Spirit Air Lines,ORD,Chicago,IL,Late morning (09-12),2013,1972,762.0,0.38640973630831643,0.3651588974450212,0.40810227895697365,2.0339760343876865,True,0.02036761053154496,56.6574821472168
B6,JetBlue Airways,SAN,San Diego,CA,Afternoon (12-17),354,350,135.0,0.38571428571428573,0.33622100716098213,0.4376891266390006,2.0303153351131984,True,0.011299435028248588,74.57037353515625
NK,Spirit Air Lines,ATL,Atlanta,GA,Afternoon (12-17),832,823,317.0,0.38517618469015796,0.352535036094202,0.4188843022651645,2.027482889436203,True,0.010817307692307692,65.5205078125
B6,JetBlue Airways,FLL,Ft. Lauderdale,FL,Evening (17-21),6100,6004,2306.0,0.38407728181212525,0.3718521984744576,0.3964506143027633,2.021698505897133,True,0.015737704918032787,63.45576858520508
WN,Southwest Airlines,DAL,Dallas,TX,Evening (17-21),12665,12522,4802.0,0.38348506628334134,0.37500545143197217,0.3920361499882469,2.018581213345846,True,0.012001579155151994,50.66493225097656
UA,United Air Lines,ORD,Chicago,IL,Night (21-24),2645,2604,998.0,0.38325652841781876,0.3647676720708799,0.40208933335460295,2.0173782401861526,True,0.017391304347826087,61.23447036743164
UA,United Air Lines,ANC,Anchorage,AK,Night (21-24),391,385,147.0,0.38181818181818183,0.33468177761269446,0.43128976452682966,2.009807099404984,True,0.015345268542199489,69.6802749633789
WN,Southwest Airlines,EWR,Newark,NJ,Evening (17-21),1397,1334,509.0,0.3815592203898051,0.3558665254566225,0.40793211856820083,2.008443983288446,True,0.04509663564781675,74.22003936767578
UA,United Air Lines,IAH,Houston,TX,Evening (17-21),13757,13609,5181.0,0.3807039459181424,0.3725806538654468,0.3888945696470343,2.003942006203693,True,0.012938867485643673,58.346458435058594
UA,United Air Lines,PBI,West Palm Beach,FL,Afternoon (12-17),338,329,125.0,0.3799392097264438,0.3291616665282381,0.43348819454681975,1.9999166027513773,True,0.026627218934911243,73.71199798583984
NK,Spirit Air Lines,FLL,Ft. Lauderdale,FL,Night (21-24),2157,2130,808.0,0.37934272300469485,0.3589706743807786,0.4001492153055037,1.996776827577856,True,0.013444598980064905,65.69554138183594
MQ,American Eagle Airlines,STL,St Louis,MO,Afternoon (12-17),843,771,292.0,0.3787289234760052,0.34516987410817895,0.4134904766009208,1.9935459215887865,True,0.08896797153024912,61.393836975097656
WN,Southwest Airlines,MDW,Chicago,IL,Evening (17-21),18069,17546,6607.0,0.37655306052661575,0.36941146533877206,0.38374869993588206,1.9820926566285086,True,0.029553378714926117,51.46995544433594
WN,Southwest Airlines,LAS,Las Vegas,NV,Night (21-24),3777,3747,1410.0,0.37630104083266613,0.3609231021542856,0.3919323636697043,1.9807660802782736,True,0.009266613714588298,49.62978744506836
UA,United Air Lines,IAH,Houston,TX,Night (21-24),4611,4554,1711.0,0.375713658322354,0.3617576497010737,0.389879177695473,1.9776742276753667,True,0.01344610713511169,56.55230712890625
WN,Southwest Airlines,HOU,Houston,TX,Evening (17-21),11809,11623,4338.0,0.37322550116149017,0.364475717269051,0.3820590596388927,1.964577114534954,True,0.01617410449657041,50.28192901611328
B6,JetBlue Airways,BOS,Boston,MA,Night (21-24),619,611,228.0,0.37315875613747956,0.33571343482322025,0.4121891143862021,1.964225783379199,True,0.014539579967689823,52.07017517089844
OO,Skywest Airlines,ASE,Aspen,CO,Evening (17-21),286,268,100.0,0.373134328358209,0.3174058213529177,0.43244850557864833,1.9640972009110542,True,0.06643356643356643,70.05999755859375
WN,Southwest Airlines,GSP,Greer,SC,Evening (17-21),452,448,167.0,0.37276785714285715,0.3292506984925311,0.41844849520720795,1.962168176874445,True,0.011061946902654867,46.38323211669922
WN,Southwest Airlines,ATL,Atlanta,GA,Evening (17-21),8165,8038,2991.0,0.37210748942523014,0.3616037558266177,0.38273341191864113,1.9586921461605995,True,0.015799142682180037,54.030757904052734
B6,JetBlue Airways,SLC,Salt Lake City,UT,Night (21-24),668,662,246.0,0.3716012084592145,0.3356293995573301,0.4090546213869906,1.9560271942849543,True,0.008982035928143712,50.63008117675781
OO,Skywest Airlines,CHO,Charlottesville,VA,Evening (17-21),304,288,107.0,0.3715277777777778,0.3177533731392083,0.4286844205132389,1.9556406712960204,True,0.05263157894736842,78.6635513305664
B6,JetBlue Airways,EWR,Newark,NJ,Evening (17-21),1213,1175,435.0,0.3702127659574468,0.3430679171489451,0.3982035140594547,1.9487187377209418,True,0.031327287716405604,80.70344543457031
B6,JetBlue Airways,JFK,New York,NY,Night (21-24),5665,5524,2045.0,0.37020275162925415,0.3575635124214729,0.38302239727608434,1.9486660244954963,True,0.02506619593998235,66.07970428466797
WN,Southwest Airlines,LAX,Los Angeles,CA,Afternoon (12-17),11840,11561,4274.0,0.36969120318311566,0.36093641272215776,0.3785325653916453,1.9459733457607045,True,0.02364864864864865,44.148807525634766
WN,Southwest Airlines,PHL,Philadelphia,PA,Evening (17-21),1720,1678,619.0,0.36889153754469606,0.3461287703195547,0.39225325091240903,1.9417640813679176,True,0.02441860465116279,69.25202178955078
OO,Skywest Airlines,ACV,Arcata/Eureka,CA,Afternoon (12-17),397,391,144.0,0.36828644501278773,0.3219736343419657,0.4171622621795762,1.938579007098706,True,0.015113350125944584,71.23611450195312
NK,Spirit Air Lines,LAX,Los Angeles,CA,Evening (17-21),1106,1091,401.0,0.3675527039413382,0.33945403764702464,0.3965808371695697,1.9347167551559041,True,0.014466546112115732,76.31172180175781
WN,Southwest Airlines,OAK,Oakland,CA,Evening (17-21),8043,7970,2928.0,0.3673776662484316,0.3568597781301591,0.37802334269832594,1.9337953951614901,True,0.009449210493596916,48.403690338134766
NK,Spirit Air Lines,ORD,Chicago,IL,Afternoon (12-17),1931,1881,689.0,0.366294524189261,0.3448144119574304,0.38831966148407265,1.9280939731133862,True,0.027446918694976695,62.940494537353516
WN,Southwest Airlines,PBI,West Palm Beach,FL,Evening (17-21),682,667,244.0,0.3658170914542729,0.3301284195000618,0.4030425704922106,1.925580871993638,True,0.02346041055718475,54.50409698486328
UA,United Air Lines,AUS,Austin,TX,Evening (17-21),591,585,214.0,0.3658119658119658,0.3277735102374684,0.4056013056722771,1.9255538917376198,True,0.01015228426395939,69.21495056152344
WN,Southwest Airlines,DEN,Denver,CO,Night (21-24),5579,5531,2013.0,0.3639486530464654,0.35136709934451205,0.376719066662479,1.9157458223400816,True,0.009679153970245564,51.34326934814453
NK,Spirit Air Lines,IAH,Houston,TX,Night (21-24),617,605,220.0,0.36363636363636365,0.3262759278638059,0.4027176231681866,1.9141019994333182,True,0.02106969205834684,63.931819915771484
WN,Southwest Airlines,ONT,Ontario,CA,Evening (17-21),1815,1811,658.0,0.36333517393705134,0.34149438256961184,0.38575454097280637,1.9125166029677465,True,0.0022038567493112946,49.35866165161133
US,US Airways,LGA,New York,NY,Night (21-24),275,245,89.0,0.363265306122449,0.30558234636009424,0.42517006802721097,1.9121488341277741,True,0.11272727272727273,54.82022476196289
WN,Southwest Airlines,TPA,Tampa,FL,Night (21-24),1178,1165,423.0,0.3630901287553648,0.3359672164463162,0.3911129969889344,1.9112267389191477,True,0.011035653650254669,63.29077911376953
F9,Frontier Airlines,ATL,Atlanta,GA,Night (21-24),277,273,99.0,0.3626373626373626,0.3078783582285438,0.4212085998008853,1.9088434774568528,True,0.01444043321299639,62.57575607299805
F9,Frontier Airlines,ATL,Atlanta,GA,Evening (17-21),1099,1096,397.0,0.36222627737226276,0.33429715171374785,0.3911178535015487,1.9066796148552234,True,0.003639672429481347,70.77833557128906
MQ,American Eagle Airlines,ATL,Atlanta,GA,Afternoon (12-17),540,498,180.0,0.3614457831325301,0.3204597636234358,0.40455306911103656,1.9025712644969728,True,0.08333333333333333,67.52777862548828
NK,Spirit Air Lines,RSW,Ft. Myers,FL,Afternoon (12-17),903,890,321.0,0.36067415730337077,0.3297865611045333,0.39275935754592994,1.89850959550535,True,0.015503875968992248,60.52336502075195
UA,United Air Lines,LGA,New York,NY,Evening (17-21),1545,1460,526.0,0.36027397260273974,0.33604430460254664,0.3852370143598328,1.8964031110823938,True,0.05566343042071197,83.46578216552734
UA,United Air Lines,DCA,Arlington,VA,Evening (17-21),879,860,309.0,0.35930232558139535,0.32792591284442135,0.3919301348383946,1.8912885744400723,True,0.023890784982935155,68.0938491821289
WN,Southwest Airlines,STL,St Louis,MO,Night (21-24),2430,2406,864.0,0.35910224438902744,0.340171282113149,0.3784824252508537,1.890235390961581,True,0.009876543209876543,54.042823791503906
DL,Delta Air Lines,LGA,New York,NY,Night (21-24),560,549,197.0,0.3588342440801457,0.3198190043888455,0.3998113562786585,1.888824696162113,True,0.019642857142857142,65.55329895019531
WN,Southwest Airlines,ROC,Rochester,NY,Evening (17-21),325,321,115.0,0.3582554517133956,0.307761587338398,0.41210187842460777,1.885778060189367,True,0.015384615384615385,55.68695831298828
F9,Frontier Airlines,PHX,Phoenix,AZ,Late morning (09-12),247,243,87.0,0.35802469135802467,0.30038500439456434,0.4200835065857565,1.884563388330952,True,0.016194331983805668,77.3563232421875
MQ,American Eagle Airlines,TYS,Knoxville,TN,Afternoon (12-17),302,271,97.0,0.35793357933579334,0.30320764462969646,0.4166309824194839,1.8840837946451572,True,0.10596026490066225,68.1546401977539
NK,Spirit Air Lines,LAX,Los Angeles,CA,Afternoon (12-17),847,833,298.0,0.3577430972388956,0.3259126837980407,0.3908795980388087,1.8830811386982045,True,0.01770956316410862,71.97315216064453
WN,Southwest Airlines,STL,St Louis,MO,Evening (17-21),7067,6958,2488.0,0.35757401552170165,0.34639362574411764,0.3689115888990883,1.882191129652596,True,0.0154238007641149,53.598472595214844
EV,Atlantic Southeast Airlines,ORF,Norfolk,VA,Evening (17-21),374,347,124.0,0.3573487031700288,0.30874059389426617,0.40908078190609504,1.8810051348898025,True,0.07219251336898395,61.475807189941406
NK,Spirit Air Lines,DTW,Detroit,MI,Afternoon (12-17),1859,1819,650.0,0.35733919736118747,0.3356382961061739,0.37964140784616063,1.8809550983986014,True,0.02151694459386767,61.43077087402344
WN,Southwest Airlines,PNS,Pensacola,FL,Evening (17-21),222,219,78.0,0.3561643835616438,0.2957211709701562,0.4215668039860458,1.8747711364312636,True,0.013513513513513514,58.871795654296875
NK,Spirit Air Lines,MSY,New Orleans,LA,Evening (17-21),668,646,230.0,0.3560371517027864,0.32006289351229117,0.39371350984508097,1.8741014158538292,True,0.03592814371257485,77.33478546142578
VX,Virgin America,DAL,Dallas,TX,Evening (17-21),1060,1045,372.0,0.3559808612440191,0.3275258658239642,0.3854908566248783,1.873805115234722,True,0.014150943396226415,62.40053939819336
NK,Spirit Air Lines,MCO,Orlando,FL,Evening (17-21),1024,1009,358.0,0.354806739345887,0.32588595950194205,0.3848289242469088,1.8676247952845408,True,0.015625,69.30726623535156
MQ,American Eagle Airlines,RIC,Richmond,VA,Evening (17-21),347,313,111.0,0.3546325878594249,0.3036878202279206,0.40910241943757786,1.866708100086327,True,0.09798270893371758,67.49549865722656
WN,Southwest Airlines,DEN,Denver,CO,Evening (17-21),14309,14144,5014.0,0.35449660633484165,0.34665347442659883,0.3624187560682634,1.8659923231890772,True,0.012230064994059682,51.66972351074219
MQ,American Eagle Airlines,BPT,Beaumont/Port Arthur,TX,Evening (17-21),248,223,79.0,0.3542600896860987,0.29443714414085215,0.4190192941843934,1.8647473514658672,True,0.10483870967741936,49.49367141723633
WN,Southwest Airlines,DTW,Detroit,MI,Evening (17-21),1556,1545,547.0,0.3540453074433657,0.330587789951153,0.3782268493250648,1.863616784885158,True,0.007069408740359897,49.97440719604492
NK,Spirit Air Lines,DEN,Denver,CO,Evening (17-21),960,935,331.0,0.35401069518716577,0.32401213884917124,0.3852039845096573,1.8634345935659655,True,0.027083333333333334,68.67975616455078
WN,Southwest Airlines,MCO,Orlando,FL,Night (21-24),2080,2051,725.0,0.3534861043393467,0.3330881299133624,0.3744319047209374,1.8606732624915545,True,0.013942307692307693,56.26068878173828
EV,Atlantic Southeast Airlines,JAX,Jacksonville,FL,Evening (17-21),523,507,179.0,0.3530571992110454,0.31270285583096047,0.39562160325772777,1.8584156000415206,True,0.032504780114722756,65.79329681396484
WN,Southwest Airlines,MCI,Kansas City,MO,Night (21-24),528,514,181.0,0.3521400778210117,0.3120831492820843,0.394390799508434,1.8535880743539574,True,0.026515151515151516,56.81215286254883
WN,Southwest Airlines,BOS,Boston,MA,Night (21-24),241,231,81.0,0.35064935064935066,0.2920133974257543,0.41417153744098145,1.845741213739271,True,0.04149377593360996,76.70370483398438
B6,JetBlue Airways,SEA,Seattle,WA,Afternoon (12-17),527,522,183.0,0.3505747126436782,0.3108683440513489,0.3924643705912355,1.8453483356605698,True,0.009487666034155597,56.85245895385742
WN,Southwest Airlines,SLC,Salt Lake City,UT,Night (21-24),633,631,221.0,0.3502377179080824,0.314023663726388,0.38826427707648303,1.8435744693432632,True,0.00315955766192733,52.217193603515625
MQ,American Eagle Airlines,GSO,Greensboro,NC,Evening (17-21),377,337,118.0,0.35014836795252224,0.3011669348007412,0.4025077340190273,1.843104150789649,True,0.11140583554376658,65.30508422851562
F9,Frontier Airlines,PHL,Philadelphia,PA,Afternoon (12-17),605,598,209.0,0.3494983277591973,0.3123524282506743,0.3885655541553275,1.839682481896822,True,0.01487603305785124,62.27751159667969
MQ,American Eagle Airlines,LGA,New York,NY,Night (21-24),458,398,139.0,0.3492462311557789,0.30405261322675375,0.3973222568713148,1.838355500712025,True,0.1331877729257642,55.424461364746094
F9,Frontier Airlines,CVG,Covington,KY,Evening (17-21),428,427,149.0,0.34894613583138173,0.30526535709963304,0.39532065873542094,1.8367758647957895,True,0.002336448598130841,69.89261627197266
NK,Spirit Air Lines,IAH,Houston,TX,Afternoon (12-17),1376,1353,472.0,0.34885439763488546,0.32391852425661766,0.3746461423927539,1.8362929750661101,True,0.016715116279069766,64.7033920288086
OO,Skywest Airlines,CLT,Charlotte,NC,Evening (17-21),362,347,121.0,0.34870317002881845,0.3004647685436587,0.4002548724567245,1.8354969461424686,True,0.04143646408839779,58.479339599609375
B6,JetBlue Airways,RSW,Ft. Myers,FL,Afternoon (12-17),1648,1615,563.0,0.34860681114551084,0.3257496454997145,0.3721825054902279,1.8349897341316623,True,0.020024271844660196,63.808170318603516
B6,JetBlue Airways,FLL,Ft. Lauderdale,FL,Night (21-24),915,905,315.0,0.34806629834254144,0.3177316044584935,0.3796854151849736,1.832144593380234,True,0.01092896174863388,57.901588439941406
F9,Frontier Airlines,LGA,New York,NY,Evening (17-21),331,322,112.0,0.34782608695652173,0.2978741838380673,0.4013661832605474,1.8308801733709998,True,0.027190332326283987,82.77678680419922
WN,Southwest Airlines,SAN,San Diego,CA,Evening (17-21),6627,6536,2262.0,0.3460832313341493,0.33464343147759157,0.35770385717845166,1.8217061639343566,True,0.014184397163120567,49.726348876953125
NK,Spirit Air Lines,TPA,Tampa,FL,Evening (17-21),780,760,262.0,0.3447368421052632,0.3118027487826481,0.37923267007906364,1.814619066568034,True,0.02564102564102564,72.66412353515625
B6,JetBlue Airways,RDU,Raleigh,NC,Evening (17-21),819,795,274.0,0.34465408805031444,0.31243528982568064,0.3783669918782266,1.8141834673874278,True,0.030525030525030524,66.92335510253906
F9,Frontier Airlines,ORD,Chicago,IL,Afternoon (12-17),1557,1541,531.0,0.3445814406229721,0.32126635241036533,0.36866949602872384,1.8138010672761211,True,0.012202954399486191,75.19962310791016
UA,United Air Lines,DEN,Denver,CO,Night (21-24),2070,2047,703.0,0.3434294088910601,0.3231688204301094,0.3642765678436608,1.807737025112097,True,0.012560386473429951,56.462303161621094
B6,JetBlue Airways,JAX,Jacksonville,FL,Evening (17-21),987,965,331.0,0.34300518134715025,0.3137287934142633,0.37352658455464294,1.8055039844395624,True,0.022289766970618033,69.60121154785156
NK,Spirit Air Lines,DFW,Dallas-Fort Worth,TX,Evening (17-21),960,950,325.0,0.34210526315789475,0.3126268773618066,0.3728554920378925,1.8007670126247664,True,0.011458333333333333,72.52307891845703
B6,JetBlue Airways,BDL,Windsor Locks,CT,Evening (17-21),1000,988,338.0,0.34210526315789475,0.31318527795878937,0.3722483638646632,1.8007670126247664,True,0.012,66.15088653564453
NK,Spirit Air Lines,LBE,Latrobe,PA,Evening (17-21),350,342,117.0,0.34210526315789475,0.2938277652876571,0.39389054274700386,1.8007670126247664,True,0.022857142857142857,66.17948913574219
UA,United Air Lines,RDU,Raleigh,NC,Evening (17-21),693,679,232.0,0.34167893961708395,0.30698519663818385,0.3781540801721334,1.79852293908462,True,0.023088023088023088,78.20689392089844
MQ,American Eagle Airlines,MOB,Mobile,AL,Evening (17-21),299,281,96.0,0.3416370106761566,0.28865451879764636,0.39889112060334,1.7983022343430461,True,0.06020066889632107,45.5625
EV,Atlantic Southeast Airlines,LGA,New York,NY,Night (21-24),412,366,125.0,0.34153005464480873,0.2948165435208923,0.3915356678041721,1.7977392412710467,True,0.11165048543689321,68.14399719238281
NK,Spirit Air Lines,DEN,Denver,CO,Afternoon (12-17),1220,1192,407.0,0.3414429530201342,0.31507084303745514,0.36883378112012555,1.7972807574377023,True,0.023770491803278688,68.93120574951172
EV,Atlantic Southeast Airlines,PWM,Portland,ME,Evening (17-21),415,381,130.0,0.34120734908136485,0.2953964684123834,0.3901884579573231,1.796040590019452,True,0.0819277108433735,79.45384979248047
F9,Frontier Airlines,PHL,Philadelphia,PA,Night (21-24),215,214,73.0,0.3411214953271028,0.28090414378073325,0.4069424383229604,1.7955886747020495,True,0.004651162790697674,86.49314880371094
WN,Southwest Airlines,SEA,Seattle,WA,Evening (17-21),2398,2393,816.0,0.34099456748850815,0.32226952342662596,0.3602293117070767,1.7949205544205458,True,0.002085070892410342,53.2475471496582
MQ,American Eagle Airlines,RDU,Raleigh,NC,Afternoon (12-17),711,650,221.0,0.34,0.304617485721475,0.3772626516084227,1.7896853694701524,True,0.09282700421940929,67.23076629638672
F9,Frontier Airlines,TPA,Tampa,FL,Evening (17-21),555,545,185.0,0.3394495412844037,0.30094114132571737,0.38020547729794396,1.7867878756177993,True,0.018018018018018018,77.8810806274414
F9,Frontier Airlines,IAD,Chantilly,VA,Evening (17-21),252,248,84.0,0.3387096774193548,0.28266586598928967,0.399674144557022,1.7828933946334535,True,0.023809523809523808,71.78571319580078
EV,Atlantic Southeast Airlines,SAV,Savannah,GA,Evening (17-21),679,632,214.0,0.33860759493670883,0.30278571599303294,0.3763796610442668,1.782356054852069,True,0.06921944035346098,71.12616729736328
UA,United Air Lines,BWI,Baltimore,MD,Evening (17-21),796,783,265.0,0.3384418901660281,0.3061585467693057,0.37230278521924204,1.781483821311661,True,0.017587939698492462,63.411319732666016
UA,United Air Lines,EGE,Eagle,CO,Afternoon (12-17),228,222,75.0,0.33783783783783783,0.27884805676947955,0.4023444250407803,1.7783042224464949,True,0.03070175438596491,67.21333312988281
UA,United Air Lines,MCO,Orlando,FL,Evening (17-21),2311,2269,766.0,0.3375936535918907,0.31842466901261135,0.3573116427479618,1.7770188901746515,True,0.01947209000432713,65.61227416992188
WN,Southwest Airlines,MDW,Chicago,IL,Night (21-24),8216,7961,2685.0,0.3372691872880291,0.32696434160902627,0.3477310095201161,1.7753109707719836,True,0.033106134371957155,52.3217887878418
NK,Spirit Air Lines,BWI,Baltimore,MD,Afternoon (12-17),482,472,159.0,0.336864406779661,0.2956938301345538,0.38066906037354814,1.7731802950258864,True,0.022821576763485476,69.06918334960938
OO,Skywest Airlines,ICT,Wichita,KS,Evening (17-21),343,333,112.0,0.33633633633633636,0.2877133782552554,0.3886923863533916,1.7704006481245105,True,0.029154518950437316,65.54463958740234
VX,Virgin America,SAN,San Diego,CA,Late morning (09-12),308,307,103.0,0.3355048859934853,0.28500784512089516,0.3900678204270882,1.7660240760243886,True,0.003246753246753247,59.621360778808594
WN,Southwest Airlines,MCO,Orlando,FL,Evening (17-21),10258,10157,3404.0,0.3351383282465295,0.3260220061511303,0.3443793117869429,1.76409459650441,True,0.010138428543575747,58.43419647216797
F9,Frontier Airlines,LAS,Las Vegas,NV,Overnight (00-05),380,376,126.0,0.3351063829787234,0.28927445230591975,0.3842736793363227,1.7639264436267148,True,0.010526315789473684,61.06349182128906
WN,Southwest Airlines,BNA,Nashville,TN,Night (21-24),2011,1983,664.0,0.33484619263741805,0.31441114960555117,0.35591989238591915,1.7625568587822686,True,0.0139234211834908,47.17921829223633
NK,Spirit Air Lines,PHL,Philadelphia,PA,Evening (17-21),492,472,158.0,0.3347457627118644,0.293657908036304,0.37850190312774734,1.7620282176986795,True,0.04065040650406504,80.49366760253906
NK,Spirit Air Lines,RSW,Ft. Myers,FL,Evening (17-21),263,260,87.0,0.3346153846153846,0.28003563395567327,0.3940112183981633,1.761341936017005,True,0.011406844106463879,63.390804290771484
B6,JetBlue Airways,PHX,Phoenix,AZ,Night (21-24),657,649,217.0,0.33436055469953774,0.29913290629172845,0.3715375901962404,1.760000567275551,True,0.0136986301369863,53.792625427246094
F9,Frontier Airlines,SLC,Salt Lake City,UT,Evening (17-21),491,488,163.0,0.33401639344262296,0.29360966326179044,0.37701600158640464,1.7581889779630837,True,0.006109979633401222,73.15950775146484
DL,Delta Air Lines,BOS,Boston,MA,Evening (17-21),3187,3121,1042.0,0.3338673502082666,0.3175351299831606,0.35060804885828856,1.757404447092654,True,0.02070913084405397,69.45681762695312
DL,Delta Air Lines,JFK,New York,NY,Evening (17-21),7357,7263,2422.0,0.33347101748588737,0.3227188821658773,0.3443992231744125,1.7553182386377,True,0.013320647002854425,63.5821647644043
F9,Frontier Airlines,MSP,Minneapolis,MN,Evening (17-21),553,546,182.0,0.3333333333333333,0.29507743061830827,0.3739181491995882,1.7545934994805414,True,0.012658227848101266,63.81318664550781
WN,Southwest Airlines,SJC,San Jose,CA,Evening (17-21),4979,4925,1641.0,0.33319796954314723,0.32016802028850005,0.3464879339219173,1.7538809742015649,True,0.011247238401285399,51.21815872192383
EV,Atlantic Southeast Airlines,LGA,New York,NY,Evening (17-21),2693,2365,788.0,0.3331923890063425,0.3144792434197238,0.3524465653806622,1.7538515994807613,True,0.12291125139249907,73.13959503173828
EV,Atlantic Southeast Airlines,BTV,Burlington,VT,Evening (17-21),291,268,89.0,0.332089552238806,0.2784254646130212,0.390499379855228,1.7480465088108381,True,0.07903780068728522,98.82022094726562
B6,JetBlue Airways,SJC,San Jose,CA,Night (21-24),503,495,164.0,0.33131313131313134,0.29128650333503325,0.3739378885360537,1.74395959948369,True,0.019880715705765408,59.21341323852539
NK,Spirit Air Lines,DFW,Dallas-Fort Worth,TX,Afternoon (12-17),2906,2868,949.0,0.3308926080892608,0.31390787137067433,0.3483297673626039,1.7417460575387385,True,0.013764624913971095,62.36880874633789
WN,Southwest Airlines,CMH,Columbus,OH,Evening (17-21),2227,2208,730.0,0.33061594202898553,0.3113023944448607,0.35051787333561707,1.7402897481260808,True,0.008531656937584195,61.624656677246094
B6,JetBlue Airways,CLT,Charlotte,NC,Evening (17-21),626,605,200.0,0.3305785123966942,0.2942649790631279,0.3690300388857113,1.7400927267575619,True,0.03354632587859425,66.68499755859375
B6,JetBlue Airways,HOU,Houston,TX,Late morning (09-12),334,330,109.0,0.3303030303030303,0.28176566292178906,0.38274588986252545,1.738642649485264,True,0.011976047904191617,63.13761520385742
B6,JetBlue Airways,HOU,Houston,TX,Evening (17-21),333,324,107.0,0.33024691358024694,0.28128748130173853,0.38318462962012134,1.7383472633742405,True,0.02702702702702703,69.26168060302734
WN,Southwest Airlines,SJC,San Jose,CA,Night (21-24),1983,1962,646.0,0.3292558613659531,0.30881251674926047,0.35036653409593477,1.733130582055703,True,0.011598587997982855,48.151702880859375
B6,JetBlue Airways,ORD,Chicago,IL,Afternoon (12-17),520,506,166.0,0.32806324110671936,0.28858313032952854,0.3701344007624813,1.7268528907931022,True,0.026923076923076925,77.49397277832031
WN,Southwest Airlines,TUS,Tucson,AZ,Evening (17-21),793,791,259.0,0.3274336283185841,0.29563242594287725,0.3609029139286141,1.7235387472773462,True,0.0037831021437578815,53.10038757324219
MQ,American Eagle Airlines,LIT,Little Rock,AR,Evening (17-21),453,419,137.0,0.3269689737470167,0.28379993447757385,0.37328205556314115,1.7210929076050183,True,0.07947019867549669,59.54014587402344
B6,JetBlue Airways,DEN,Denver,CO,Night (21-24),642,631,206.0,0.3264659270998415,0.2910236664813644,0.364008391909264,1.718444980473811,True,0.018691588785046728,51.19902801513672
B6,JetBlue Airways,RSW,Ft. Myers,FL,Evening (17-21),1036,1005,328.0,0.3263681592039801,0.29808769759632914,0.3559709772243761,1.717930351730202,True,0.029922779922779922,64.6219482421875
WN,Southwest Airlines,OAK,Oakland,CA,Afternoon (12-17),9589,9368,3053.0,0.32589666951323654,0.31647819184419684,0.33545788014404493,1.7154485334908496,True,0.02304724163103556,42.27775955200195
F9,Frontier Airlines,IND,Indianapolis,IN,Evening (17-21),267,267,87.0,0.3258426966292135,0.2724391778617905,0.38418668758871644,1.7151644320764845,True,0.0,73.37931060791016
WN,Southwest Airlines,CLE,Cleveland,OH,Evening (17-21),914,900,293.0,0.32555555555555554,0.29573910243240187,0.35685489191350994,1.7136529844926622,True,0.015317286652078774,50.40614318847656
DL,Delta Air Lines,LGA,New York,NY,Evening (17-21),5780,5658,1838.0,0.3248497702368328,0.31276918727210856,0.3371680345675133,1.709937885495883,True,0.02162629757785467,79.70838165283203
B6,JetBlue Airways,IAD,Chantilly,VA,Evening (17-21),629,599,194.0,0.32387312186978295,0.287623004848901,0.3623679712217617,1.7047970228675713,True,0.04769475357710652,76.39690399169922
UA,United Air Lines,EWR,Newark,NJ,Afternoon (12-17),12951,12776,4135.0,0.3236537257357545,0.3155947440516563,0.33181872623736514,1.7036421697758388,True,0.014284611226932283,58.97170639038086
MQ,American Eagle Airlines,DCA,Arlington,VA,Afternoon (12-17),379,328,106.0,0.3231707317073171,0.274855544576475,0.3755800849527944,1.7010997952280862,True,0.14511873350923482,71.9339599609375
NK,Spirit Air Lines,LAS,Las Vegas,NV,Night (21-24),2175,2136,690.0,0.32303370786516855,0.3035348390094479,0.3431679823582646,1.7003785317999631,True,0.01793103448275862,66.6231918334961
NK,Spirit Air Lines,LAS,Las Vegas,NV,Evening (17-21),1655,1638,529.0,0.322954822954823,0.30074645123790095,0.34599169938515545,1.6999632989472648,True,0.010876132930513595,64.82041931152344
NK,Spirit Air Lines,PHX,Phoenix,AZ,Afternoon (12-17),278,273,88.0,0.32234432234432236,0.2696983634509938,0.37992076893373466,1.696749757739425,True,0.017985611510791366,64.0
F9,Frontier Airlines,MIA,Miami,FL,Afternoon (12-17),613,605,195.0,0.32231404958677684,0.2862940100084204,0.3605763746696304,1.6965904085886228,True,0.01468189233278956,69.55897521972656
EV,Atlantic Southeast Airlines,CLT,Charlotte,NC,Evening (17-21),540,497,160.0,0.32193158953722334,0.28235569201128696,0.3642391595345911,1.69457722283835,True,0.08333333333333333,68.58125305175781
UA,United Air Lines,SJU,San Juan,PR,Evening (17-21),234,230,74.0,0.3217391304347826,0.2647210664732688,0.3846142100558005,1.6935641603681748,True,0.017094017094017096,47.797298431396484
WN,Southwest Airlines,ISP,Islip,NY,Evening (17-21),791,765,246.0,0.3215686274509804,0.2894319175337103,0.3554884405738636,1.692666670087111,True,0.03286978508217446,65.69105529785156
OO,Skywest Airlines,DFW,Dallas-Fort Worth,TX,Evening (17-21),937,918,295.0,0.3213507625272331,0.29193932394078853,0.3522511747305666,1.6915198769501953,True,0.021344717182497332,64.38304901123047
UA,United Air Lines,IAD,Chantilly,VA,Evening (17-21),5931,5868,1885.0,0.3212338104976142,0.3094064735848243,0.33329505978078966,1.690904267137434,True,0.012476816725678637,62.27267837524414
AA,American Airlines,MIA,Miami,FL,Night (21-24),6082,6014,1926.0,0.3202527435982707,0.30857850319045543,0.3321564739481918,1.6857401463250032,True,0.012002630713581059,58.75337600708008
EV,Atlantic Southeast Airlines,EWR,Newark,NJ,Evening (17-21),7424,6768,2163.0,0.3195921985815603,0.30858736141709303,0.33080172293479143,1.6822631823477001,True,0.08984375,66.27230834960938
MQ,American Eagle Airlines,PNS,Pensacola,FL,Evening (17-21),276,263,84.0,0.3193916349809886,0.2659891579528743,0.3779943888404292,1.6812074595783137,True,0.04710144927536232,54.0
F9,Frontier Airlines,PHX,Phoenix,AZ,Evening (17-21),547,545,174.0,0.3192660550458716,0.28150762041676514,0.35955457311958494,1.680546434364849,True,0.003656307129798903,66.83908081054688
MQ,American Eagle Airlines,DTW,Detroit,MI,Afternoon (12-17),834,746,238.0,0.3190348525469169,0.28658703971318644,0.35333691222546293,1.6793294351596604,True,0.1079136690647482,64.52101135253906
WN,Southwest Airlines,BNA,Nashville,TN,Evening (17-21),7030,6862,2188.0,0.31885747595453223,0.3079346865158579,0.3299829724059559,1.6783957637117861,True,0.024324324324324326,54.31855392456055
B6,JetBlue Airways,TPA,Tampa,FL,Afternoon (12-17),2032,2001,638.0,0.3188405797101449,0.29878489573180445,0.339590525049568,1.678306825590083,True,0.015255905511811024,63.01567459106445
WN,Southwest Airlines,ORF,Norfolk,VA,Evening (17-21),589,574,183.0,0.31881533101045295,0.28200340882223446,0.3580363529394663,1.6781739219770335,True,0.027164685908319185,54.79235076904297
B6,JetBlue Airways,BUF,Buffalo,NY,Evening (17-21),931,904,288.0,0.3185840707964602,0.2890331934546755,0.3496702984320148,1.676956618972553,True,0.02900107411385607,69.98958587646484
NK,Spirit Air Lines,MCO,Orlando,FL,Night (21-24),798,791,252.0,0.3185840707964602,0.28705730342284735,0.3518644641343615,1.676956618972553,True,0.011278195488721804,60.77777862548828
UA,United Air Lines,DEN,Denver,CO,Evening (17-21),12787,12673,4036.0,0.3184723427759804,0.31041703038137947,0.32663767573721714,1.676368507197222,True,0.009931962149057637,59.420467376708984
F9,Frontier Airlines,DFW,Dallas-Fort Worth,TX,Evening (17-21),558,556,177.0,0.3183453237410072,0.280983463159514,0.35820019164570244,1.6756999068779994,True,0.0035842293906810036,70.63842010498047
VX,Virgin America,LGA,New York,NY,Evening (17-21),292,286,91.0,0.3181818181818182,0.2669149613320001,0.37426836086881576,1.6748392495041533,True,0.02054794520547945,76.21977996826172
MQ,American Eagle Airlines,ORF,Norfolk,VA,Evening (17-21),271,233,74.0,0.31759656652360513,0.26119083755846334,0.3799195079213848,1.6717586132389708,True,0.14391143911439114,67.10810852050781
NK,Spirit Air Lines,MSP,Minneapolis,MN,Afternoon (12-17),863,845,268.0,0.31715976331360946,0.28666931742726176,0.3493051682718368,1.6694593770205388,True,0.0220162224797219,63.41044616699219
OO,Skywest Airlines,RDD,Redding,CA,Afternoon (12-17),326,319,101.0,0.3166144200626959,0.2680086201716879,0.3695845524553837,1.6665888098514234,True,0.024539877300613498,65.26732635498047
WN,Southwest Airlines,SLC,Salt Lake City,UT,Evening (17-21),1617,1615,510.0,0.3157894736842105,0.29357868571792867,0.3388745450367048,1.6622464731920918,True,0.0012368583797155227,50.40392303466797
UA,United Air Lines,IAD,Chantilly,VA,Night (21-24),2112,2081,657.0,0.3157135992311389,0.2960983417629962,0.3360080014719047,1.6618470867256836,True,0.015151515151515152,58.16742706298828
UA,United Air Lines,TPA,Tampa,FL,Evening (17-21),977,963,304.0,0.31568016614745587,0.28710580983445944,0.34571925685692007,1.66167110231179,True,0.014329580348004094,66.70394897460938
WN,Southwest Airlines,GEG,Spokane,WA,Evening (17-21),593,590,186.0,0.3152542372881356,0.27906088230447523,0.35383785702264503,1.6594291062883768,True,0.00505902192242833,44.93010711669922
B6,JetBlue Airways,DFW,Dallas-Fort Worth,TX,Evening (17-21),282,276,87.0,0.31521739130434784,0.2632595774486289,0.37224850998369,1.6592351571174688,True,0.024822695035460994,56.034481048583984
OO,Skywest Airlines,ASE,Aspen,CO,Afternoon (12-17),1365,1260,397.0,0.31507936507936507,0.29002350120258785,0.3412594064022892,1.658508617366131,True,0.07692307692307693,65.22418212890625
WN,Southwest Airlines,LGA,New York,NY,Afternoon (12-17),3312,3204,1009.0,0.31491885143570536,0.2990651186053092,0.33121587781296774,1.6576637087789012,True,0.03291062801932367,64.43013000488281
EV,Atlantic Southeast Airlines,RIC,Richmond,VA,Evening (17-21),891,833,262.0,0.31452581032412963,0.2839057693802896,0.34684872466015954,1.655594826640703,True,0.06734006734006734,68.3740463256836
F9,Frontier Airlines,TPA,Tampa,FL,Afternoon (12-17),394,385,121.0,0.3142857142857143,0.26994126684419495,0.3622997279464858,1.6543310137959393,True,0.02284263959390863,78.79338836669922
NK,Spirit Air Lines,BWI,Baltimore,MD,Late morning (09-12),469,468,147.0,0.3141025641025641,0.27370714680443353,0.35752502941741715,1.6533669514335871,True,0.006396588486140725,49.52381134033203
EV,Atlantic Southeast Airlines,PVD,Providence,RI,Evening (17-21),231,207,65.0,0.3140096618357488,0.25465870136119273,0.3801382267592541,1.6528779342932638,True,0.10822510822510822,74.92308044433594
NK,Spirit Air Lines,IAH,Houston,TX,Late morning (09-12),718,707,222.0,0.314002828854314,0.2808741070481856,0.34914191902569647,1.6528419669788412,True,0.01532033426183844,65.89639282226562
F9,Frontier Airlines,SEA,Seattle,WA,Evening (17-21),328,325,102.0,0.31384615384615383,0.2658166869761049,0.36622500118013807,1.6520172641262945,True,0.009146341463414634,62.77450942993164
UA,United Air Lines,LAX,Los Angeles,CA,Night (21-24),4176,4137,1296.0,0.3132704858593183,0.29931519022907105,0.3275722521691119,1.6489870742036126,True,0.009578544061302681,50.084877014160156
WN,Southwest Airlines,SMF,Sacramento,CA,Evening (17-21),4461,4425,1386.0,0.31322033898305085,0.2997215809538278,0.32704312429099286,1.648723112054258,True,0.008069939475453935,49.66522216796875
WN,Southwest Airlines,TUL,Tulsa,OK,Evening (17-21),967,962,301.0,0.3128898128898129,0.28438223475092966,0.3428858390201733,1.646983295250446,True,0.005170630816959669,52.00332260131836
B6,JetBlue Airways,SJU,San Juan,PR,Evening (17-21),3471,3444,1077.0,0.3127177700348432,0.2974501906815494,0.3284026907269236,1.6460776994255604,True,0.008066839527513685,54.76508712768555
WN,Southwest Airlines,BDL,Windsor Locks,CT,Evening (17-21),837,824,257.0,0.3118932038834951,0.2811957633903959,0.3443364640308885,1.6417373641984192,True,0.015531660692951015,52.342411041259766
MQ,American Eagle Airlines,CMH,Columbus,OH,Evening (17-21),847,792,247.0,0.31186868686868685,0.2805782056345059,0.3449754221225754,1.6416083120139915,True,0.06611570247933884,66.2874526977539
B6,JetBlue Airways,SFO,San Francisco,CA,Late morning (09-12),782,777,242.0,0.31145431145431146,0.2798870241761616,0.3448768203731041,1.6394271307887687,True,0.00639386189258312,64.3057861328125
EV,Atlantic Southeast Airlines,DCA,Arlington,VA,Night (21-24),257,225,70.0,0.3111111111111111,0.25421626429221844,0.37434777301568356,1.6376205995151722,True,0.1245136186770428,73.19999694824219
MQ,American Eagle Airlines,HOU,Houston,TX,Evening (17-21),282,254,79.0,0.3110236220472441,0.25726518740439913,0.3704132011876666,1.637160076286962,True,0.10283687943262411,73.48101043701172
B6,JetBlue Airways,SMF,Sacramento,CA,Night (21-24),331,328,102.0,0.31097560975609756,0.26331103094769354,0.3630167109629047,1.6369073501251394,True,0.00906344410876133,51.235294342041016
F9,Frontier Airlines,IAD,Chantilly,VA,Night (21-24),222,222,69.0,0.3108108108108108,0.2535801449701756,0.3744777504751276,1.6360398846507753,True,0.0,72.08695983886719
EV,Atlantic Southeast Airlines,CHS,Charleston,SC,Evening (17-21),497,467,145.0,0.31049250535331907,0.2702161285416192,0.35386126818798175,1.6343643945910826,True,0.06237424547283702,69.21379089355469
UA,United Air Lines,AUS,Austin,TX,Afternoon (12-17),1300,1289,400.0,0.3103180760279286,0.2856573640537283,0.33610604454946014,1.633446236909736,True,0.008461538461538461,66.625
NK,Spirit Air Lines,RSW,Ft. Myers,FL,Night (21-24),336,329,102.0,0.3100303951367781,0.26248631006178524,0.36195967265191387,1.6319319478451237,True,0.020833333333333332,70.10784149169922
WN,Southwest Airlines,OAK,Oakland,CA,Night (21-24),1070,1058,328.0,0.31001890359168244,0.2828789082290889,0.3385335510303713,1.6318714588741523,True,0.012149532710280374,47.92073059082031
B6,JetBlue Airways,ABQ,Albuquerque,NM,Night (21-24),274,271,84.0,0.30996309963099633,0.25787769322333465,0.367360989712582,1.631577719074157,True,0.010948905109489052,54.96428680419922
F9,Frontier Airlines,RSW,Ft. Myers,FL,Evening (17-21),578,568,176.0,0.30985915492957744,0.27321237268309756,0.34906064837727985,1.6310305769819118,True,0.01730103806228374,78.1022720336914
DL,Delta Air Lines,ORD,Chicago,IL,Evening (17-21),1346,1342,415.0,0.30923994038748137,0.28508563827622146,0.3344832619569116,1.627771167550875,True,0.0029717682020802376,67.63614654541016
MQ,American Eagle Airlines,XNA,Fayetteville/Springdale/Rogers,AR,Evening (17-21),772,715,221.0,0.3090909090909091,0.2763131566211084,0.3439091566117372,1.6269866995183204,True,0.07772020725388601,71.54298400878906
WN,Southwest Airlines,RNO,Reno,NV,Evening (17-21),1021,1016,314.0,0.3090551181102362,0.28140374956086445,0.33814501173696854,1.6267983036522344,True,0.004897159647404506,51.4681510925293
NK,Spirit Air Lines,FLL,Ft. Lauderdale,FL,Afternoon (12-17),1795,1770,547.0,0.30903954802259886,0.2879444887710746,0.3309617314912082,1.6267163461285699,True,0.013927576601671309,58.85557556152344
WN,Southwest Airlines,LAS,Las Vegas,NV,Afternoon (12-17),21752,21677,6699.0,0.3090372283987637,0.30291990095456184,0.3152222287310312,1.6267041361378625,True,0.0035399043766090473,47.18166732788086
F9,Frontier Airlines,IAH,Houston,TX,Evening (17-21),454,450,139.0,0.3088888888888889,0.2679669883656279,0.3530461580713669,1.6259233095186352,True,0.00881057268722467,73.07913970947266
EV,Atlantic Southeast Airlines,DFW,Dallas-Fort Worth,TX,Evening (17-21),6337,6114,1888.0,0.3087994766110566,0.29734188254576865,0.3204971932485442,1.6254526629142605,True,0.039608647625059175,70.08580780029297
WN,Southwest Airlines,AUS,Austin,TX,Evening (17-21),4534,4483,1384.0,0.30872183805487396,0.29536713502969386,0.3224040829246016,1.625043990596299,True,0.01168945743273048,54.818641662597656
WN,Southwest Airlines,JAX,Jacksonville,FL,Evening (17-21),1308,1291,398.0,0.308288148721921,0.28369755782087197,0.3340162999977215,1.6227611451431192,True,0.012996941896024464,58.31155776977539
F9,Frontier Airlines,LAS,Las Vegas,NV,Night (21-24),1579,1572,484.0,0.30788804071246817,0.2855594598509422,0.3311532858971076,1.620655064405691,True,0.00506649778340722,70.87190246582031
AA,American Airlines,ORD,Chicago,IL,Evening (17-21),14029,13759,4235.0,0.3077985318700487,0.3001402689463365,0.3155640925715639,1.6201839095065251,True,0.01981609523130658,63.30295181274414
OO,Skywest Airlines,EUG,Eugene,OR,Late morning (09-12),333,325,100.0,0.3076923076923077,0.26000325577946376,0.3598745212414484,1.6196247687512693,True,0.024024024024024024,74.11000061035156
US,US Airways,JFK,New York,NY,Afternoon (12-17),513,491,151.0,0.3075356415478615,0.268342164074885,0.34971743317805426,1.6188001125553673,True,0.042884990253411304,72.44371032714844
NK,Spirit Air Lines,DFW,Dallas-Fort Worth,TX,Night (21-24),660,644,198.0,0.30745341614906835,0.2730435261819005,0.34414684874925566,1.6183672961047233,True,0.025757575757575757,60.050506591796875
MQ,American Eagle Airlines,DTW,Detroit,MI,Evening (17-21),692,631,194.0,0.3074484944532488,0.27269963359012994,0.3445277188707043,1.618341389378249,True,0.08959537572254335,61.6340217590332
WN,Southwest Airlines,SAT,San Antonio,TX,Evening (17-21),3523,3497,1075.0,0.30740634829854163,0.2923312249246853,0.3229041516202004,1.6181195412710172,True,0.007380073800738007,48.92558288574219
MQ,American Eagle Airlines,LIT,Little Rock,AR,Afternoon (12-17),722,693,213.0,0.30735930735930733,0.27414652151749497,0.34269610096658165,1.6178719280924474,True,0.04016620498614958,64.39906311035156
AA,American Airlines,EWR,Newark,NJ,Evening (17-21),933,908,279.0,0.30726872246696035,0.2781237556737678,0.33803764779806333,1.617395109102658,True,0.027867095391211148,82.31541442871094
NK,Spirit Air Lines,LAS,Las Vegas,NV,Overnight (00-05),1469,1432,440.0,0.30726256983240224,0.28390873901977826,0.3316477401907419,1.6173627229848568,True,0.025867937372362152,68.81136322021484
B6,JetBlue Airways,BOS,Boston,MA,Evening (17-21),9237,9101,2795.0,0.30710910888913306,0.2977147217828843,0.3166662686563123,1.616554938264404,True,0.015048175814658438,61.66726303100586
WN,Southwest Airlines,FLL,Ft. Lauderdale,FL,Evening (17-21),4721,4666,1430.0,0.30647235319331334,0.29340752116531504,0.3198555925128877,1.6132031960504765,True,0.012073713196356703,59.313987731933594
NK,Spirit Air Lines,MYR,Myrtle Beach,SC,Afternoon (12-17),973,943,289.0,0.3064687168610817,0.27787751816331285,0.33663033615994475,1.6131840551957897,True,0.030832476875642344,52.71626281738281
NK,Spirit Air Lines,MCI,Kansas City,MO,Evening (17-21),497,490,150.0,0.30612244897959184,0.26695352714992715,0.34830772261112974,1.6113613770739668,True,0.014084507042253521,64.15333557128906
B6,JetBlue Airways,LAS,Las Vegas,NV,Afternoon (12-17),1429,1412,432.0,0.3059490084985836,0.2824665632783324,0.33048449000333424,1.610448424452395,True,0.012596221133659902,69.04166412353516
OO,Skywest Airlines,AUS,Austin,TX,Evening (17-21),543,533,163.0,0.3058161350844278,0.2682046533682047,0.34620674843076177,1.6097490079662005,True,0.020257826887661142,62.68098068237305
EV,Atlantic Southeast Airlines,GSO,Greensboro,NC,Evening (17-21),964,904,276.0,0.3053097345132743,0.2761639692464428,0.3361031927782979,1.6070834265153633,True,0.06224066390041494,73.3840560913086
F9,Frontier Airlines,SFO,San Francisco,CA,Evening (17-21),319,318,97.0,0.3050314465408805,0.25700231234137205,0.35771498958603576,1.6056185797133258,True,0.003134796238244514,83.79381561279297
B6,JetBlue Airways,FLL,Ft. Lauderdale,FL,Afternoon (12-17),4314,4245,1293.0,0.30459363957597174,0.29093032162324006,0.3186103117578679,1.6033140599493572,True,0.016226240148354196,58.331787109375
EV,Atlantic Southeast Airlines,MHT,Manchester,NH,Evening (17-21),230,220,67.0,0.30454545454545456,0.24751651351531426,0.36828323058944556,1.603060424525404,True,0.043478260869565216,88.88059997558594
AA,American Airlines,MIA,Miami,FL,Evening (17-21),14027,13909,4233.0,0.3043353224530879,0.2967433341123448,0.3120353642665687,1.6019543353155077,True,0.00869751194125615,55.754310607910156
WN,Southwest Airlines,ELP,El Paso,TX,Evening (17-21),1051,1047,318.0,0.3037249283667622,0.2766285097493025,0.33225640687371666,1.5987413548275422,True,0.003805899143672693,57.60062789916992
B6,JetBlue Airways,SRQ,Sarasota,FL,Afternoon (12-17),202,201,61.0,0.3034825870646766,0.24409810618643252,0.3702380442830034,1.5974657234076572,True,0.0049504950495049506,50.04917907714844
EV,Atlantic Southeast Airlines,TYS,Knoxville,TN,Evening (17-21),564,547,166.0,0.30347349177330896,0.26642486735002147,0.3432632898261976,1.5974178477903285,True,0.031914893617021274,68.34939575195312
B6,JetBlue Airways,AUS,Austin,TX,Evening (17-21),484,478,145.0,0.303347280334728,0.26383814105466386,0.34599214342056617,1.596753498481246,True,0.012396694214876033,59.86896514892578
EV,Atlantic Southeast Airlines,EWR,Newark,NJ,Night (21-24),2293,2097,635.0,0.3028135431568908,0.2835226659751405,0.3228255708457603,1.5939440231332531,True,0.08634976013955517,58.58740234375
WN,Southwest Airlines,OMA,Omaha,NE,Evening (17-21),1403,1387,420.0,0.3028118240807498,0.27920246956789546,0.3275104731568547,1.5939349742937867,True,0.011404133998574484,49.36190414428711
NK,Spirit Air Lines,ATL,Atlanta,GA,Late morning (09-12),1223,1204,364.0,0.3023255813953488,0.27704576084042454,0.3288628284977799,1.5913754995288631,True,0.01553556827473426,56.67033004760742
EV,Atlantic Southeast Airlines,HPN,White Plains,NY,Evening (17-21),673,645,195.0,0.3023255813953488,0.2681378775529644,0.33885402925449043,1.5913754995288631,True,0.041604754829123326,67.12820434570312
WN,Southwest Airlines,ABQ,Albuquerque,NM,Afternoon (12-17),3294,3278,991.0,0.3023184868822453,0.2868352137235538,0.318264557088054,1.5913381555691428,True,0.004857316332726169,46.573158264160156
UA,United Air Lines,MCO,Orlando,FL,Afternoon (12-17),3604,3577,1081.0,0.3022085546547386,0.28737814866656475,0.31746335004703374,1.590759496453843,True,0.00804661487236404,66.88066864013672
WN,Southwest Airlines,FLL,Ft. Lauderdale,FL,Night (21-24),836,828,250.0,0.30193236714975846,0.27163477005966,0.3340593909440695,1.5893057060512152,True,0.009569377990430622,61.02799987792969
B6,JetBlue Airways,MCO,Orlando,FL,Night (21-24),1581,1567,473.0,0.30185067007019784,0.27962829599195627,0.3250422194820419,1.5888756705570444,True,0.008855154965211892,59.3382682800293
WN,Southwest Airlines,MEM,Memphis,TN,Evening (17-21),675,666,201.0,0.30180180180180183,0.2681566637210189,0.33772030778985773,1.5886184387188689,True,0.013333333333333334,58.85572052001953
MQ,American Eagle Airlines,MAF,Midland,TX,Evening (17-21),390,358,108.0,0.3016759776536313,0.2564418245495411,0.3511212638294623,1.5879561280214958,True,0.08461538461538462,69.58333587646484
UA,United Air Lines,DFW,Dallas-Fort Worth,TX,Evening (17-21),631,620,187.0,0.3016129032258065,0.26679814319494877,0.3388709881999439,1.5876241180783612,True,0.01901743264659271,65.1390380859375
WN,Southwest Airlines,PDX,Portland,OR,Evening (17-21),2038,2036,614.0,0.30157170923379173,0.2820253527751321,0.321865459138891,1.587407281946541,True,0.0009813542688910696,50.19706726074219
WN,Southwest Airlines,BOI,Boise,ID,Evening (17-21),785,783,236.0,0.30140485312899107,0.2702970809347426,0.3344518291381362,1.5865289880360454,True,0.003821656050955414,49.20338821411133
WN,Southwest Airlines,SFO,San Francisco,CA,Evening (17-21),2890,2817,849.0,0.30138445154419596,0.28471929669390594,0.3185905807554341,1.5864215985718635,True,0.025951557093425604,59.13898849487305
EV,Atlantic Southeast Airlines,ABE,Allentown,PA,Evening (17-21),445,438,132.0,0.3013698630136986,0.26027654335247286,0.3459171695075205,1.5863448077495306,True,0.017977528089887642,68.20454406738281
NK,Spirit Air Lines,ACY,Atlantic City,NJ,Evening (17-21),852,847,255.0,0.3010625737898465,0.2711243954027049,0.33279718059922075,1.5847273047256367,True,0.005868544600938967,62.14509963989258
MQ,American Eagle Airlines,JAN,Jackson,MS,Late morning (09-12),239,226,68.0,0.3008849557522124,0.2448249059640863,0.3636010708825768,1.5837923623629668,True,0.058577405857740586,57.60293960571289
UA,United Air Lines,SEA,Seattle,WA,Overnight (00-05),238,236,71.0,0.3008474576271186,0.24590632966108453,0.36216833294957185,1.58359498046337,True,0.008403361344537815,71.77465057373047
WN,Southwest Airlines,SAN,San Diego,CA,Night (21-24),1727,1689,508.0,0.30076968620485495,0.27937096797545646,0.32307263927049024,1.5831856087675225,True,0.022003474232773594,44.22637939453125
B6,JetBlue Airways,MSY,New Orleans,LA,Afternoon (12-17),290,286,86.0,0.3006993006993007,0.2504821100375326,0.3561996085287463,1.582815114916013,True,0.013793103448275862,63.627906799316406
NK,Spirit Air Lines,LAX,Los Angeles,CA,Late morning (09-12),803,795,239.0,0.30062893081761005,0.2697756030827652,0.3333997948935044,1.5824447033050921,True,0.009962640099626401,58.192466735839844
MQ,American Eagle Airlines,JFK,New York,NY,Night (21-24),249,203,61.0,0.30049261083743845,0.24160690207119456,0.3667890879037428,1.581727144851917,True,0.18875502008032127,51.065574645996094
NK,Spirit Air Lines,PHX,Phoenix,AZ,Overnight (00-05),487,470,141.0,0.3,0.2603277321017803,0.34291520815504817,1.5791341495324873,True,0.03490759753593429,56.8510627746582
VX,Virgin America,FLL,Ft. Lauderdale,FL,Evening (17-21),512,511,153.0,0.299412915851272,0.2613186681740927,0.3405006098329682,1.5760438674394688,True,0.00390625,49.75817108154297
F9,Frontier Airlines,DEN,Denver,CO,Evening (17-21),4445,4437,1328.0,0.29930132972729323,0.2860045779042068,0.3129453148368448,1.5754565025761726,True,0.0022497187851518562,60.51430892944336
NK,Spirit Air Lines,CLE,Cleveland,OH,Evening (17-21),870,860,257.0,0.2988372093023256,0.26919298645653206,0.3302706189081552,1.5730134745342996,True,0.01264367816091954,66.4630355834961
B6,JetBlue Airways,DEN,Denver,CO,Afternoon (12-17),245,241,72.0,0.2987551867219917,0.24449268392651127,0.35933280978044047,1.5725817256755061,True,0.0163265306122449,53.34722137451172
NK,Spirit Air Lines,TPA,Tampa,FL,Afternoon (12-17),947,931,278.0,0.29860365198711064,0.2700825458598862,0.32877997801581627,1.5717840800932028,True,0.01795142555438226,69.0323715209961
MQ,American Eagle Airlines,OKC,Oklahoma City,OK,Evening (17-21),377,355,106.0,0.29859154929577464,0.2533476966252587,0.3481477821598098,1.5717203741825696,True,0.058355437665782495,62.877357482910156
DL,Delta Air Lines,MIA,Miami,FL,Evening (17-21),1891,1863,556.0,0.298443370907139,0.2780969880005085,0.3196192831603656,1.5709403956701788,True,0.014806980433632998,60.73021697998047
WN,Southwest Airlines,TPA,Tampa,FL,Evening (17-21),7027,6936,2068.0,0.29815455594002305,0.2875029712057166,0.30902960671364105,1.5694201370786158,True,0.013234666287178027,57.38829803466797
OO,Skywest Airlines,CHS,Charleston,SC,Afternoon (12-17),212,208,62.0,0.2980769230769231,0.24003293954973906,0.36344437557627973,1.569011494727792,True,0.018867924528301886,63.91935348510742
MQ,American Eagle Airlines,ABQ,Albuquerque,NM,Afternoon (12-17),283,272,81.0,0.2977941176470588,0.24657124518122714,0.35464916537323604,1.567522869021219,True,0.04240282685512368,63.87654495239258
UA,United Air Lines,FLL,Ft. Lauderdale,FL,Evening (17-21),1147,1132,337.0,0.29770318021201414,0.2717866859199295,0.32498807563132903,1.5670441943240527,True,0.013949433304272014,57.10979080200195
MQ,American Eagle Airlines,OKC,Oklahoma City,OK,Afternoon (12-17),769,746,222.0,0.2975871313672922,0.2658830896997294,0.33136518246868585,1.5664333386783387,True,0.036410923276983094,70.70270538330078
US,US Airways,LGA,New York,NY,Evening (17-21),1505,1339,398.0,0.2972367438386856,0.27336439809816315,0.3222692194483888,1.564588975638362,True,0.11162790697674418,64.52010345458984
OO,Skywest Airlines,ORD,Chicago,IL,Evening (17-21),9477,9054,2689.0,0.29699580296001765,0.2876713292522462,0.30649247241988714,1.5633207157399522,True,0.047694418064788434,63.69096374511719
WN,Southwest Airlines,MSP,Minneapolis,MN,Evening (17-21),1603,1588,471.0,0.2965994962216625,0.2746465537832372,0.31953417374643656,1.5612346440591973,True,0.009357454772301934,50.75796127319336
F9,Frontier Airlines,MSY,New Orleans,LA,Evening (17-21),390,388,115.0,0.2963917525773196,0.25312713201244874,0.3436487080208708,1.56014112711543,True,0.005128205128205128,81.66956329345703
B6,JetBlue Airways,MCO,Orlando,FL,Afternoon (12-17),4874,4790,1419.0,0.29624217118997914,0.28347886581665105,0.3093320439138666,1.5593537635258174,True,0.01764464505539598,70.01902770996094
WN,Southwest Airlines,PIT,Pittsburgh,PA,Evening (17-21),1800,1778,526.0,0.2958380202474691,0.2750809896016985,0.317475385779817,1.5572264016762063,True,0.012222222222222223,55.224334716796875
WN,Southwest Airlines,SFO,San Francisco,CA,Afternoon (12-17),4355,4242,1254.0,0.2956152758132956,0.2820730004110749,0.3095274022040391,1.5560539238674675,True,0.025947187141216993,53.70414733886719
WN,Southwest Airlines,AUS,Austin,TX,Night (21-24),327,322,95.0,0.2950310559006211,0.24786968817697658,0.3470255001599331,1.5529787184843302,True,0.01529051987767584,57.11579132080078
WN,Southwest Airlines,OKC,Oklahoma City,OK,Evening (17-21),1384,1370,404.0,0.2948905109489051,0.27134449570461733,0.31958359964494837,1.5522389207083331,True,0.010115606936416185,51.905941009521484
UA,United Air Lines,IAH,Houston,TX,Afternoon (12-17),16253,16089,4739.0,0.29454907079371,0.28755503749594186,0.30164119246011506,1.5504416546780324,True,0.010767242970528518,63.22810745239258
UA,United Air Lines,SFO,San Francisco,CA,Afternoon (12-17),12627,12492,3679.0,0.29450848543067565,0.28657917738823474,0.30256414209814547,1.5502280222355698,True,0.011166547873604181,64.21038055419922
UA,United Air Lines,SJU,San Juan,PR,Afternoon (12-17),1094,1087,319.0,0.2934682612695492,0.2671635562215753,0.3212276455807762,1.5447525105822248,True,0.007312614259597806,52.65830612182617
UA,United Air Lines,ORD,Chicago,IL,Afternoon (12-17),18488,18137,5321.0,0.2933781772068148,0.28679604207805626,0.30004782298275773,1.5442783278495829,True,0.01995889225443531,69.11182403564453
MQ,American Eagle Airlines,ELP,El Paso,TX,Afternoon (12-17),321,314,92.0,0.2929936305732484,0.24539608182289085,0.34559515406316055,1.5422541587790748,True,0.028037383177570093,73.13043212890625
EV,Atlantic Southeast Airlines,MSP,Minneapolis,MN,Evening (17-21),1921,1850,542.0,0.292972972972973,0.2726793635282711,0.31412460073706855,1.5421454217056003,True,0.03800104112441437,64.52398681640625
MQ,American Eagle Airlines,DSM,Des Moines,IA,Evening (17-21),382,345,101.0,0.2927536231884058,0.24723084504145154,0.3428409812544948,1.5409908125872582,True,0.10209424083769633,62.79207992553711
OO,Skywest Airlines,IAH,Houston,TX,Evening (17-21),4141,4076,1192.0,0.29244357212953875,0.27867922861246097,0.3065987880634806,1.5393587718700728,True,0.018111567254286403,59.10989761352539
B6,JetBlue Airways,SFO,San Francisco,CA,Evening (17-21),626,623,182.0,0.29213483146067415,0.2577864308311947,0.3290310362928761,1.5377336287582275,True,0.004792332268370607,69.81318664550781
EV,Atlantic Southeast Airlines,ROA,Roanoke,VA,Evening (17-21),467,452,132.0,0.2920353982300885,0.2520093017344909,0.3355667334496609,1.5372102340581737,True,0.032119914346895075,66.13636016845703
WN,Southwest Airlines,PVD,Providence,RI,Evening (17-21),1088,1062,310.0,0.2919020715630885,0.26534732256281784,0.31995691026127154,1.536508431748497,True,0.02389705882352941,63.84193420410156
F9,Frontier Airlines,ATL,Atlanta,GA,Afternoon (12-17),1645,1641,479.0,0.2918951858622791,0.27040452242038315,0.3143579252219916,1.5364721869308582,True,0.00303951367781155,80.40292358398438
F9,Frontier Airlines,TTN,Trenton,NJ,Evening (17-21),740,723,211.0,0.2918395573997234,0.2598712475194435,0.32600826185371296,1.536179370914499,True,0.022972972972972974,64.09478759765625
AA,American Airlines,MCO,Orlando,FL,Evening (17-21),3128,3094,902.0,0.2915319974143504,0.27578438578348646,0.3077966468942334,1.5345604426613917,True,0.012468030690537084,76.38802337646484
US,US Airways,JFK,New York,NY,Evening (17-21),259,247,72.0,0.291497975708502,0.23836066492956332,0.3510216384842244,1.5343813598696232,True,0.04633204633204633,67.375
B6,JetBlue Airways,SFO,San Francisco,CA,Afternoon (12-17),1346,1336,389.0,0.2911676646706587,0.2674329513308689,0.3160999080757953,1.5326426750702036,True,0.007429420505200594,59.88431930541992
WN,Southwest Airlines,CLT,Charlotte,NC,Late morning (09-12),346,344,100.0,0.29069767441860467,0.24523313083296047,0.3407853327435642,1.530168749546984,True,0.005780346820809248,50.06999969482422
UA,United Air Lines,JAC,Jackson,WY,Afternoon (12-17),561,554,161.0,0.29061371841155237,0.2543490240100673,0.32976230795226746,1.529726823554335,True,0.0142602495543672,66.44099426269531
F9,Frontier Airlines,MKE,Milwaukee,WI,Evening (17-21),211,210,61.0,0.2904761904761905,0.23327557430555879,0.35520487103342124,1.5290029066901865,True,0.004739336492890996,83.44261932373047
B6,JetBlue Airways,PHL,Philadelphia,PA,Evening (17-21),573,558,162.0,0.2903225806451613,0.25419529879177327,0.32931720722415725,1.528194338257246,True,0.027923211169284468,93.50617218017578
WN,Southwest Airlines,SAN,San Diego,CA,Afternoon (12-17),9968,9866,2862.0,0.2900871680518954,0.28121551596304445,0.2991222272485588,1.5269551780397252,True,0.010232744783306581,46.80817794799805
WN,Southwest Airlines,MCI,Kansas City,MO,Evening (17-21),5208,5160,1496.0,0.289922480620155,0.27770225974969975,0.3024552725804941,1.526088299548192,True,0.009600614439324117,57.41243362426758
NK,Spirit Air Lines,MCO,Orlando,FL,Afternoon (12-17),1356,1342,389.0,0.28986587183308493,0.2662185302738424,0.31471283638921815,1.525790323318772,True,0.011061946902654867,61.19537353515625
WN,Southwest Airlines,CLT,Charlotte,NC,Afternoon (12-17),457,452,131.0,0.28982300884955753,0.24990817711372781,0.3332803690830213,1.5255647019819754,True,0.010940919037199124,50.82442855834961
MQ,American Eagle Airlines,JFK,New York,NY,Evening (17-21),395,342,99.0,0.2894736842105263,0.24395677410064667,0.33966763661223465,1.5237259337594178,True,0.13670886075949368,63.22222137451172
B6,JetBlue Airways,PDX,Portland,OR,Night (21-24),410,408,118.0,0.28921568627450983,0.2473481514132241,0.3350155534674874,1.522367889255176,True,0.004878048780487805,55.686439514160156
WN,Southwest Airlines,BHM,Birmingham,AL,Evening (17-21),1084,1069,309.0,0.2890551917680075,0.26267334531232767,0.31694772829257367,1.5215230814017418,True,0.013837638376383764,65.0809097290039
WN,Southwest Airlines,ICT,Wichita,KS,Evening (17-21),288,284,82.0,0.2887323943661972,0.23912290619124488,0.34398113436439415,1.5198239467331451,True,0.013888888888888888,49.024391174316406
F9,Frontier Airlines,LAX,Los Angeles,CA,Overnight (00-05),210,208,60.0,0.28846153846153844,0.23116820128277665,0.35342708123019534,1.5183982207043147,True,0.009523809523809525,52.61666488647461
F9,Frontier Airlines,SFO,San Francisco,CA,Afternoon (12-17),429,427,123.0,0.28805620608899296,0.24714219467271592,0.3327498120415846,1.5162646400663227,True,0.004662004662004662,67.59349822998047
WN,Southwest Airlines,BWI,Baltimore,MD,Afternoon (12-17),17700,17448,5022.0,0.2878266850068776,0.28115594181295944,0.2945908378277635,1.5150564914703026,True,0.014745762711864407,50.40700912475586
WN,Southwest Airlines,MEM,Memphis,TN,Afternoon (12-17),723,713,205.0,0.28751753155680226,0.25550345080906595,0.32180902659179916,1.51342917556877,True,0.013831258644536652,57.94634246826172
WN,Southwest Airlines,LIT,Little Rock,AR,Evening (17-21),498,491,141.0,0.28716904276985744,0.2489227015023513,0.32871992191492005,1.5115948070881244,True,0.014056224899598393,52.34042739868164
UA,United Air Lines,DFW,Dallas-Fort Worth,TX,Afternoon (12-17),814,805,231.0,0.28695652173913044,0.25677811021463814,0.3191586368567292,1.510476143031075,True,0.011056511056511056,87.32467651367188
UA,United Air Lines,PIT,Pittsburgh,PA,Evening (17-21),428,415,119.0,0.28674698795180725,0.2453473755842164,0.33205849813988375,1.5093732031675986,True,0.030373831775700934,62.445377349853516
EV,Atlantic Southeast Airlines,BOS,Boston,MA,Evening (17-21),725,691,198.0,0.2865412445730825,0.2540812015531828,0.3213616044043188,1.5082902151829838,True,0.04689655172413793,77.93939208984375
MQ,American Eagle Airlines,GRR,Grand Rapids,MI,Afternoon (12-17),810,772,221.0,0.2862694300518135,0.2555030141186646,0.3191524310134345,1.5068594432067346,True,0.05308641975308642,56.5927619934082
UA,United Air Lines,GUM,Agana,GU,Early morning (05-09),334,332,95.0,0.286144578313253,0.24019117114755933,0.33699045257028865,1.5062022510601034,True,0.008982035928143712,54.547367095947266
EV,Atlantic Southeast Airlines,PVD,Providence,RI,Afternoon (12-17),357,346,99.0,0.2861271676300578,0.24105765340391694,0.335893744028521,1.506110605045436,True,0.03081232492997199,67.32323455810547
MQ,American Eagle Airlines,BNA,Nashville,TN,Afternoon (12-17),1105,1042,298.0,0.28598848368522073,0.2593759650989219,0.314173222464472,1.5053806032011556,True,0.06334841628959276,60.986576080322266
MQ,American Eagle Airlines,BWI,Baltimore,MD,Evening (17-21),396,371,106.0,0.2857142857142857,0.24212424607988348,0.3336965806373219,1.5039372852690356,True,0.0707070707070707,107.5943374633789
EV,Atlantic Southeast Airlines,DHN,Dothan,AL,Evening (17-21),279,273,78.0,0.2857142857142857,0.23538880024174763,0.3419868542841618,1.5039372852690356,True,0.021505376344086023,58.32051467895508
B6,JetBlue Airways,BDL,Windsor Locks,CT,Afternoon (12-17),669,660,188.0,0.28484848484848485,0.2517365537470493,0.3204505463081446,1.4993798995560992,True,0.013452914798206279,53.787235260009766
WN,Southwest Airlines,SEA,Seattle,WA,Afternoon (12-17),3726,3718,1058.0,0.28456159225389993,0.2702861500725835,0.29928177565536784,1.4978697599115758,True,0.0021470746108427268,49.273155212402344
B6,JetBlue Airways,LAS,Las Vegas,NV,Evening (17-21),451,450,128.0,0.28444444444444444,0.24472167292991895,0.3278164108420403,1.497253119556729,True,0.004434589800443459,73.890625
EV,Atlantic Southeast Airlines,RDU,Raleigh,NC,Evening (17-21),764,728,207.0,0.28434065934065933,0.2527702342973333,0.3181751724682837,1.496706817551396,True,0.051047120418848166,75.48792266845703
AA,American Airlines,CLE,Cleveland,OH,Evening (17-21),308,299,85.0,0.2842809364548495,0.2361402478261599,0.33789449508894825,1.4963924493897593,True,0.032467532467532464,66.4117660522461
UA,United Air Lines,DEN,Denver,CO,Afternoon (12-17),10143,10039,2847.0,0.2835939834644885,0.27486069336623226,0.2924928333487566,1.4927764796357512,True,0.010746327516513852,61.15841293334961
WN,Southwest Airlines,BUF,Buffalo,NY,Evening (17-21),995,984,279.0,0.28353658536585363,0.25625881648099,0.31249795585983875,1.4924743486435093,True,0.012060301507537688,55.232975006103516
MQ,American Eagle Airlines,TUL,Tulsa,OK,Evening (17-21),459,441,125.0,0.2834467120181406,0.2433944652985932,0.32723921644340215,1.4920012750684877,True,0.04139433551198257,83.33599853515625
WN,Southwest Airlines,CAK,Akron,OH,Evening (17-21),444,441,125.0,0.2834467120181406,0.2433944652985932,0.32723921644340215,1.4920012750684877,True,0.006756756756756757,51.784000396728516
EV,Atlantic Southeast Airlines,IAD,Chantilly,VA,Evening (17-21),751,713,202.0,0.28330995792426367,0.25146391237121946,0.3174785150771875,1.4912814315360563,True,0.05326231691078562,73.94554138183594
EV,Atlantic Southeast Airlines,PIT,Pittsburgh,PA,Evening (17-21),221,205,58.0,0.28292682926829266,0.2257000161883812,0.3481396785850739,1.489264726388362,True,0.07239819004524888,61.2068977355957
MQ,American Eagle Airlines,LGA,New York,NY,Afternoon (12-17),4030,3699,1044.0,0.2822384428223844,0.2679653191436493,0.2969634101868195,1.4856412112389987,True,0.0880893300248139,56.43199157714844
AA,American Airlines,STT,Charlotte Amalie,VI,Afternoon (12-17),909,901,254.0,0.28190899001109876,0.25350367293237075,0.3121661636445505,1.4839070439557964,True,0.009900990099009901,94.6692886352539
OO,Skywest Airlines,FAT,Fresno,CA,Evening (17-21),688,674,190.0,0.2818991097922849,0.24924135341826179,0.3170289964687916,1.4838550366526837,True,0.02180232558139535,61.56842041015625
AA,American Airlines,JFK,New York,NY,Evening (17-21),4763,4658,1311.0,0.2814512666380421,0.2687206770143325,0.29454204731332373,1.4814976885910198,True,0.023304639932815452,75.86727905273438
EV,Atlantic Southeast Airlines,CMH,Columbus,OH,Evening (17-21),799,761,214.0,0.2812089356110381,0.2504259540766693,0.3141897781219977,1.480222111256909,True,0.05131414267834793,63.238319396972656
F9,Frontier Airlines,IAH,Houston,TX,Afternoon (12-17),667,665,187.0,0.281203007518797,0.2483637585297062,0.31655564839713574,1.4801909070805772,True,0.004497751124437781,71.0053482055664
MQ,American Eagle Airlines,BNA,Nashville,TN,Evening (17-21),754,690,194.0,0.2811594202898551,0.24889741576100824,0.31584473864426243,1.4799614734748916,True,0.08885941644562334,75.3814468383789
WN,Southwest Airlines,MDW,Chicago,IL,Afternoon (12-17),22498,22070,6200.0,0.28092433167195285,0.2750330949565842,0.28689182163790655,1.4787240185925723,True,0.019290603609209707,49.11564636230469
DL,Delta Air Lines,PHL,Philadelphia,PA,Evening (17-21),1400,1392,391.0,0.28089080459770116,0.25790827199633204,0.3050793907871816,1.4785475394329564,True,0.005714285714285714,73.7263412475586
WN,Southwest Airlines,TUS,Tucson,AZ,Afternoon (12-17),975,972,273.0,0.2808641975308642,0.2535155640467018,0.309938176806322,1.4784074856734195,True,0.003076923076923077,48.20512771606445
DL,Delta Air Lines,SFO,San Francisco,CA,Evening (17-21),729,727,204.0,0.28060522696011003,0.24916368244932266,0.314353227370808,1.4770443214334132,True,0.0027434842249657062,68.86274719238281
OO,Skywest Airlines,SBN,South Bend,IN,Evening (17-21),426,417,117.0,0.2805755395683453,0.23960643258700504,0.32555062412982144,1.4768880535195925,True,0.02112676056338028,75.27350616455078
WN,Southwest Airlines,PWM,Portland,ME,Evening (17-21),249,246,69.0,0.2804878048780488,0.2280551780832744,0.3396709331808227,1.476426237367773,True,0.012048192771084338,51.81159591674805
OO,Skywest Airlines,OTH,North Bend,OR,Afternoon (12-17),274,264,74.0,0.2803030303030303,0.22957135896802208,0.3373368434919394,1.4754536245631826,True,0.0364963503649635,74.85134887695312
UA,United Air Lines,BOS,Boston,MA,Afternoon (12-17),2663,2610,731.0,0.2800766283524904,0.2631821760913617,0.29761752959853166,1.4742618943911217,True,0.020653398422831395,61.958961486816406
NK,Spirit Air Lines,MSP,Minneapolis,MN,Late morning (09-12),651,643,180.0,0.27993779160186627,0.2466203252613865,0.3158691621185223,1.4735310882107193,True,0.01228878648233487,64.00555419921875
EV,Atlantic Southeast Airlines,GRK,Killeen,TX,Evening (17-21),225,208,58.0,0.27884615384615385,0.222336142471955,0.34337710742797034,1.4677849466808377,True,0.07555555555555556,67.13793182373047
B6,JetBlue Airways,PIT,Pittsburgh,PA,Evening (17-21),482,477,133.0,0.27882599580712786,0.24047280251905948,0.3207132512666363,1.467678839188126,True,0.01037344398340249,50.23308181762695
NK,Spirit Air Lines,LGA,New York,NY,Afternoon (12-17),1002,962,268.0,0.2785862785862786,0.2511800174769782,0.30775386981882696,1.4664170203558788,True,0.041916167664670656,68.11566925048828
B6,JetBlue Airways,LAX,Los Angeles,CA,Night (21-24),1224,1217,339.0,0.27855382087099423,0.2540941765734526,0.3044071064758798,1.466246170067141,True,0.005718954248366013,48.758113861083984
WN,Southwest Airlines,PHX,Phoenix,AZ,Afternoon (12-17),15853,15781,4392.0,0.27830935935618784,0.27137152353912775,0.28535510208630765,1.4649593783128836,True,0.004541727117895666,43.84926986694336
UA,United Air Lines,CLE,Cleveland,OH,Evening (17-21),1121,1097,305.0,0.2780309936189608,0.25232758032793495,0.3052836145978382,1.4634941221738336,True,0.021409455842997322,75.01966857910156
OO,Skywest Airlines,ABQ,Albuquerque,NM,Late morning (09-12),300,295,82.0,0.27796610169491526,0.2299464627765314,0.33169421910979224,1.4631525453295364,True,0.02,69.07317352294922
WN,Southwest Airlines,CHS,Charleston,SC,Evening (17-21),712,702,195.0,0.2777777777777778,0.2459215692648146,0.3120529111285201,1.4621612495671181,True,0.014044943820224719,55.128204345703125
UA,United Air Lines,LAX,Los Angeles,CA,Evening (17-21),3787,3745,1040.0,0.27770360480640854,0.2635926670964122,0.2922701359625381,1.4617708193269132,True,0.011354634275151836,57.922115325927734
WN,Southwest Airlines,TUL,Tulsa,OK,Afternoon (12-17),1091,1084,301.0,0.27767527675276754,0.25183494203222384,0.30508584496470653,1.4616217066705988,True,0.006416131989000917,48.631229400634766
MQ,American Eagle Airlines,JAN,Jackson,MS,Afternoon (12-17),497,472,131.0,0.2775423728813559,0.2390640394989738,0.31961262937571056,1.4609221298640949,True,0.052313883299798795,52.61832046508789
B6,JetBlue Airways,LAX,Los Angeles,CA,Afternoon (12-17),1350,1337,371.0,0.2774869109947644,0.25414907149408217,0.30209977997353343,1.4606301906670478,True,0.00962962962962963,65.15364074707031
AA,American Airlines,DEN,Denver,CO,Evening (17-21),1173,1150,319.0,0.2773913043478261,0.2522884626523241,0.3039764527398754,1.4601269382633726,True,0.0196078431372549,75.4921646118164
VX,Virgin America,SEA,Seattle,WA,Evening (17-21),926,923,256.0,0.27735644637053086,0.24944180661170196,0.30711672507267646,1.4599434535222706,True,0.0032397408207343412,53.43359375
MQ,American Eagle Airlines,DRO,Durango,CO,Afternoon (12-17),219,213,59.0,0.27699530516431925,0.2212501599007176,0.34064202314902925,1.4580424854838303,True,0.0273972602739726,56.915252685546875
WN,Southwest Airlines,RDU,Raleigh,NC,Evening (17-21),2703,2676,741.0,0.2769058295964126,0.2602806086599176,0.29417066935591746,1.4575715057343963,True,0.009988901220865706,52.28070068359375
UA,United Air Lines,STT,Charlotte Amalie,VI,Afternoon (12-17),439,430,119.0,0.27674418604651163,0.23657531234533635,0.3208668508773699,1.4567206495687288,True,0.022779043280182234,69.55461883544922
B6,JetBlue Airways,BUR,Burbank,CA,Night (21-24),334,329,91.0,0.2765957446808511,0.23104878812898805,0.32729968754232225,1.4559392868030026,True,0.014970059880239521,64.46154022216797
NK,Spirit Air Lines,BOS,Boston,MA,Afternoon (12-17),597,593,164.0,0.2765598650927487,0.24208345992038177,0.3139126368664374,1.4557504245268573,True,0.010050251256281407,63.56097412109375
WN,Southwest Airlines,PBI,West Palm Beach,FL,Afternoon (12-17),705,698,193.0,0.27650429799426934,0.2446143584677112,0.31084088955406475,1.4554579315175267,True,0.011347517730496455,59.71502685546875
UA,United Air Lines,IND,Indianapolis,IN,Afternoon (12-17),306,301,83.0,0.2757475083056478,0.22832680602392405,0.3288202500209201,1.451474356713139,True,0.016339869281045753,63.93975830078125
OO,Skywest Airlines,SFO,San Francisco,CA,Afternoon (12-17),11513,11265,3105.0,0.2756324900133156,0.26745848714623405,0.28395946871535155,1.4508689256689964,True,0.02249630852080257,61.164573669433594
DL,Delta Air Lines,ANC,Anchorage,AK,Afternoon (12-17),537,537,148.0,0.2756052141527002,0.23950779611995338,0.31489038626838356,1.450725351525811,True,0.0,46.7094612121582
EV,Atlantic Southeast Airlines,CLT,Charlotte,NC,Afternoon (12-17),1058,1024,282.0,0.275390625,0.24890734885669227,0.3035528745862973,1.4495958013286505,True,0.0330812854442344,71.97872161865234
WN,Southwest Airlines,SDF,Louisville,KY,Evening (17-21),874,857,236.0,0.27537922987164526,0.24652365246176614,0.3062395968979302,1.4495358198742396,True,0.021739130434782608,54.75423812866211
WN,Southwest Airlines,ONT,Ontario,CA,Afternoon (12-17),2755,2746,756.0,0.2753095411507647,0.258925384616435,0.2923214944765281,1.4491689937443073,True,0.003629764065335753,46.78703689575195
WN,Southwest Airlines,SMF,Sacramento,CA,Night (21-24),1317,1308,360.0,0.27522935779816515,0.2517093725142331,0.30006578082745083,1.448746926176594,True,0.009111617312072893,47.00555419921875
B6,JetBlue Airways,SFO,San Francisco,CA,Night (21-24),913,905,249.0,0.2751381215469613,0.24703849893027222,0.305138690142059,1.4482666785767564,True,0.008762322015334063,59.12449645996094
OO,Skywest Airlines,MCI,Kansas City,MO,Afternoon (12-17),386,378,104.0,0.2751322751322751,0.23254405231102118,0.3222451587126074,1.4482359043331454,True,0.023316062176165803,60.16345977783203
MQ,American Eagle Airlines,DFW,Dallas-Fort Worth,TX,Evening (17-21),13698,13064,3588.0,0.2746478873239437,0.267061112493763,0.28236715728263223,1.4456861932339675,True,0.04942327347057965,56.369285583496094
MQ,American Eagle Airlines,HSV,Huntsville,AL,Evening (17-21),282,266,73.0,0.2744360902255639,0.2243078790001839,0.33098678275693594,1.4445713397978897,True,0.06028368794326241,57.315067291259766
AA,American Airlines,DFW,Dallas-Fort Worth,TX,Evening (17-21),37279,36542,10027.0,0.27439658475179246,0.2698453961286084,0.2789952030163297,1.4443633916554697,True,0.02154027736795515,57.400020599365234
UA,United Air Lines,SAN,San Diego,CA,Afternoon (12-17),2280,2262,620.0,0.27409372236958446,0.2561060404978213,0.29284742562267013,1.4427691905542916,True,0.007894736842105263,62.358062744140625
WN,Southwest Airlines,ALB,Albany,NY,Evening (17-21),773,759,208.0,0.2740447957839262,0.24350998922929745,0.30685538151084035,1.4425116517468484,True,0.018111254851228976,57.05288314819336
WN,Southwest Airlines,ISP,Islip,NY,Afternoon (12-17),1415,1383,379.0,0.2740419378163413,0.25118443535592816,0.29815126383278956,1.4424966080328097,True,0.022614840989399292,52.688655853271484
WN,Southwest Airlines,MSY,New Orleans,LA,Evening (17-21),3837,3800,1041.0,0.2739473684210526,0.26000080383516344,0.28835052604145384,1.4419988154941397,True,0.009642950221527235,55.32661056518555
OO,Skywest Airlines,IAH,Houston,TX,Night (21-24),1791,1730,473.0,0.27341040462427746,0.25292654099050066,0.2948983583543992,1.4391723559323055,True,0.03796761585706309,58.443973541259766
F9,Frontier Airlines,CLE,Cleveland,OH,Afternoon (12-17),1126,1123,307.0,0.27337488869100623,0.24811291990222759,0.3001820667223344,1.4389854078553685,True,0.0026642984014209592,86.47882843017578
EV,Atlantic Southeast Airlines,CAE,Columbia,SC,Evening (17-21),884,864,236.0,0.27314814814814814,0.2444898898449869,0.3038147777349033,1.437791895407666,True,0.02262443438914027,67.69068145751953
WN,Southwest Airlines,ORF,Norfolk,VA,Afternoon (12-17),410,403,110.0,0.2729528535980149,0.23175559075701335,0.3184378997808275,1.4367639077632228,True,0.01707317073170732,51.181819915771484
MQ,American Eagle Airlines,RDU,Raleigh,NC,Late morning (09-12),619,557,152.0,0.27289048473967686,0.23754696745160558,0.3113452687876463,1.4364356117829928,True,0.1050080775444265,63.546051025390625
EV,Atlantic Southeast Airlines,IAD,Chantilly,VA,Night (21-24),711,656,179.0,0.2728658536585366,0.2401751021891835,0.3082013566457854,1.4363059591784313,True,0.07735583684950774,62.68156433105469
DL,Delta Air Lines,MCO,Orlando,FL,Evening (17-21),3765,3731,1018.0,0.2728491021173948,0.2587953989781411,0.2873700930202344,1.4362177827428504,True,0.009296148738379814,68.69842529296875
WN,Southwest Airlines,MKE,Milwaukee,WI,Evening (17-21),3108,3072,838.0,0.2727864583333333,0.2573272552452681,0.2888132222097477,1.4358880396139588,True,0.012226512226512226,58.02864074707031
B6,JetBlue Airways,JFK,New York,NY,Evening (17-21),9240,9026,2462.0,0.2727675603811212,0.2636772472164526,0.2820512182751238,1.4357885649416442,True,0.023376623376623377,68.66368865966797
NK,Spirit Air Lines,ORD,Chicago,IL,Early morning (05-09),2670,2635,718.0,0.27248576850094874,0.2558257601613053,0.28980820286247,1.4343052743381732,True,0.014232209737827715,64.33565521240234
F9,Frontier Airlines,IAD,Chantilly,VA,Afternoon (12-17),724,716,195.0,0.2723463687150838,0.2410178441734499,0.3061047450183945,1.4335715044638502,True,0.013812154696132596,83.83077239990234
UA,United Air Lines,BZN,Bozeman,MT,Afternoon (12-17),339,331,90.0,0.2719033232628399,0.226790200363225,0.32225030117541303,1.4312394104524055,True,0.02359882005899705,59.477779388427734
WN,Southwest Airlines,SLC,Salt Lake City,UT,Afternoon (12-17),2558,2547,692.0,0.2716921868865332,0.2547698314528471,0.2893022112800298,1.4301280349122907,True,0.004300234558248631,47.1257209777832
WN,Southwest Airlines,IND,Indianapolis,IN,Evening (17-21),2094,2073,563.0,0.2715870718765075,0.25287566761377905,0.29114348146335806,1.429574732572424,True,0.010506208213944603,61.765541076660156
UA,United Air Lines,ATL,Atlanta,GA,Afternoon (12-17),753,737,200.0,0.27137042062415195,0.24051353386032,0.30459840369826197,1.428434327935312,True,0.02656042496679947,67.11499786376953
MQ,American Eagle Airlines,CHO,Charlottesville,VA,Afternoon (12-17),264,236,64.0,0.2711864406779661,0.21846746250884597,0.3312353413416954,1.4274658978824746,True,0.11363636363636363,71.234375
F9,Frontier Airlines,ORD,Chicago,IL,Early morning (05-09),1236,1228,333.0,0.2711726384364821,0.24704959242577595,0.29672291858538,1.4273932459129162,True,0.006472491909385114,70.45945739746094
EV,Atlantic Southeast Airlines,SDF,Louisville,KY,Evening (17-21),703,664,180.0,0.2710843373493976,0.23866142203525148,0.3061408184960361,1.4269284483727296,True,0.05547652916073969,68.25555419921875
OO,Skywest Airlines,RNO,Reno,NV,Late morning (09-12),540,528,143.0,0.2708333333333333,0.23468392453559822,0.3102933769767317,1.42560721832794,True,0.022222222222222223,73.2237777709961
UA,United Air Lines,SFO,San Francisco,CA,Overnight (00-05),570,565,153.0,0.27079646017699116,0.23579362636577914,0.30889508838363433,1.42541312612667,True,0.008771929824561403,54.568626403808594
EV,Atlantic Southeast Airlines,BUF,Buffalo,NY,Evening (17-21),359,329,89.0,0.270516717325228,0.22536736441393176,0.32096338270421687,1.4239406211589807,True,0.08356545961002786,67.05618286132812
B6,JetBlue Airways,DCA,Arlington,VA,Evening (17-21),2324,2297,621.0,0.2703526338702656,0.2525837741478995,0.28888835500692817,1.4230769218686328,True,0.01161790017211704,70.82125854492188
UA,United Air Lines,SEA,Seattle,WA,Evening (17-21),912,907,245.0,0.2701212789415656,0.24223823899288235,0.299943409276147,1.4218591203067235,True,0.006578947368421052,68.36326599121094
VX,Virgin America,ORD,Chicago,IL,Evening (17-21),566,563,152.0,0.2699822380106572,0.234960228748419,0.30812200092562053,1.4211272393661225,True,0.00530035335689046,56.75
OO,Skywest Airlines,ICT,Wichita,KS,Afternoon (12-17),1003,978,264.0,0.26993865030674846,0.24305602327532527,0.2986215752293623,1.420897803260316,True,0.0259222333000997,72.74242401123047
EV,Atlantic Southeast Airlines,BPT,Beaumont/Port Arthur,TX,Late morning (09-12),264,252,68.0,0.2698412698412698,0.21879575980811922,0.32779869551110946,1.4203852138652002,True,0.045454545454545456,80.86764526367188
F9,Frontier Airlines,LGA,New York,NY,Late morning (09-12),333,330,89.0,0.2696969696969697,0.22466591352483004,0.320028336682454,1.419625649579711,True,0.012012012012012012,67.16854095458984
MQ,American Eagle Airlines,CLE,Cleveland,OH,Evening (17-21),840,790,213.0,0.26962025316455696,0.23984477141002386,0.30162546648126326,1.4192218305924886,True,0.0630952380952381,66.00939178466797
WN,Southwest Airlines,DAL,Dallas,TX,Afternoon (12-17),15985,15833,4267.0,0.26950041053495866,0.26264556536374906,0.2764670819459266,1.4185910052959272,True,0.009884266499843603,44.47410202026367
EV,Atlantic Southeast Airlines,GNV,Gainesville,FL,Evening (17-21),411,405,109.0,0.2691358024691358,0.22825887735035827,0.31435126799688623,1.4166717884694744,True,0.014598540145985401,70.2844009399414
UA,United Air Lines,MSY,New Orleans,LA,Evening (17-21),927,919,247.0,0.2687704026115343,0.24111387061624417,0.29835205723096164,1.414748403824898,True,0.008629989212513484,65.0728759765625
DL,Delta Air Lines,EWR,Newark,NJ,Evening (17-21),1012,1001,269.0,0.26873126873126874,0.24219143618713532,0.29703942368172354,1.4145424116691279,True,0.010869565217391304,90.9442367553711
UA,United Air Lines,MIA,Miami,FL,Afternoon (12-17),842,830,223.0,0.26867469879518074,0.23963428726080133,0.29984659256097773,1.41424463994275,True,0.015439429928741092,68.26008605957031
US,US Airways,PHL,Philadelphia,PA,Evening (17-21),6823,6681,1795.0,0.2686723544379584,0.2581782604664079,0.27943232405365026,1.4142322997609216,True,0.023303532170599443,60.53147506713867
NK,Spirit Air Lines,PDX,Portland,OR,Evening (17-21),481,469,126.0,0.26865671641791045,0.23053831270377717,0.310534215601685,1.4141499846559589,True,0.02494802494802495,65.34920501708984
VX,Virgin America,EWR,Newark,NJ,Evening (17-21),611,603,162.0,0.26865671641791045,0.23482307567403418,0.3054193862797937,1.4141499846559589,True,0.01309328968903437,68.75308990478516
OO,Skywest Airlines,RNO,Reno,NV,Afternoon (12-17),750,739,198.0,0.2679296346414073,0.23725825739702888,0.30100131234166105,1.4103227857800293,True,0.016,59.52020263671875
WN,Southwest Airlines,PHL,Philadelphia,PA,Afternoon (12-17),2385,2331,624.0,0.2676962676962677,0.2501149228547592,0.28604204813633505,1.4090943934052227,True,0.023060796645702306,56.14904022216797
B6,JetBlue Airways,RDU,Raleigh,NC,Afternoon (12-17),413,400,107.0,0.2675,0.22648167576028763,0.31294170211856387,1.4080612833331347,True,0.031476997578692496,58.40187072753906
OO,Skywest Airlines,EUG,Eugene,OR,Evening (17-21),317,303,81.0,0.26732673267326734,0.2206347582189663,0.3198447595517663,1.4071492421576621,True,0.04416403785488959,71.22222137451172
F9,Frontier Airlines,LAX,Los Angeles,CA,Evening (17-21),394,393,105.0,0.26717557251908397,0.2258353843233411,0.31302344499294016,1.4063535682859303,True,0.0025380710659898475,59.06666564941406
NK,Spirit Air Lines,CLE,Cleveland,OH,Early morning (05-09),461,457,122.0,0.26695842450765866,0.2284650772399831,0.3093370656221196,1.4052105488181144,True,0.010845986984815618,62.3934440612793
VX,Virgin America,LAS,Las Vegas,NV,Evening (17-21),745,742,198.0,0.2668463611859838,0.2362806103093064,0.29981391700051374,1.4046206720908918,True,0.004026845637583893,67.51515197753906
EV,Atlantic Southeast Airlines,DFW,Dallas-Fort Worth,TX,Night (21-24),1968,1859,496.0,0.2668101129639591,0.24719998594931475,0.2873820203790816,1.404429869406695,True,0.06046747967479675,65.23185729980469
F9,Frontier Airlines,SFO,San Francisco,CA,Night (21-24),215,214,57.0,0.26635514018691586,0.21162816233838233,0.3293226936964613,1.4020349925755728,True,0.004651162790697674,62.859649658203125
B6,JetBlue Airways,SYR,Syracuse,NY,Evening (17-21),332,316,84.0,0.26582278481012656,0.2201382609767818,0.3171326881430325,1.3992327907249886,True,0.04819277108433735,77.13095092773438
F9,Frontier Airlines,MSP,Minneapolis,MN,Afternoon (12-17),207,207,55.0,0.26570048309178745,0.21019428439166865,0.32974470298084235,1.3985890213250696,True,0.004830917874396135,82.76363372802734
EV,Atlantic Southeast Airlines,EWN,New Bern,NC,Afternoon (12-17),243,241,64.0,0.26556016597510373,0.21379756182912385,0.3246795597057786,1.3978504228226722,True,0.00823045267489712,57.71875
US,US Airways,ORD,Chicago,IL,Evening (17-21),491,479,127.0,0.2651356993736952,0.2275876594262218,0.30642100925518423,1.395616123803938,True,0.026476578411405296,62.8425178527832
MQ,American Eagle Airlines,CVG,Covington,KY,Evening (17-21),1216,1143,303.0,0.2650918635170604,0.240320849500737,0.29143663121848346,1.3953853814766513,True,0.0625,61.7359733581543
B6,JetBlue Airways,LAS,Las Vegas,NV,Night (21-24),1362,1343,356.0,0.265078183172003,0.2421662443392645,0.28933025829326486,1.3953133711431263,True,0.013950073421439061,56.738765716552734
UA,United Air Lines,DTW,Detroit,MI,Afternoon (12-17),202,200,53.0,0.265,0.20868060011609973,0.33017702266551113,1.3949018320870306,True,0.009900990099009901,60.32075500488281
UA,United Air Lines,BOI,Boise,ID,Afternoon (12-17),235,234,62.0,0.26495726495726496,0.21253907259543808,0.32496824319793033,1.3946768842024817,True,0.00425531914893617,72.19355010986328
B6,JetBlue Airways,OAK,Oakland,CA,Night (21-24),386,385,102.0,0.2649350649350649,0.2233325782127109,0.31118224736150735,1.3945600281585602,True,0.0025906735751295338,55.2156867980957
WN,Southwest Airlines,MSP,Minneapolis,MN,Afternoon (12-17),2064,2046,542.0,0.2649071358748778,0.24623910250827194,0.28445634244708456,1.3944130157162076,True,0.009689922480620155,50.90590286254883
EV,Atlantic Southeast Airlines,MLI,Moline,IL,Evening (17-21),300,291,77.0,0.2646048109965636,0.2172260487563887,0.3181176747887285,1.3928216439175434,True,0.03333333333333333,74.18181610107422
MQ,American Eagle Airlines,ORD,Chicago,IL,Evening (17-21),15173,14355,3795.0,0.26436781609195403,0.25721733161742816,0.271644383801175,1.3915741547604297,True,0.05654781519804917,60.080894470214844
OO,Skywest Airlines,CMH,Columbus,OH,Afternoon (12-17),285,280,74.0,0.2642857142857143,0.21607777227179478,0.31887411638723195,1.391141988873858,True,0.017543859649122806,71.64865112304688
UA,United Air Lines,SEA,Seattle,WA,Afternoon (12-17),2390,2370,626.0,0.2641350210970464,0.24677716347686976,0.28225628172014766,1.3903487730061,True,0.008368200836820083,56.83226776123047
WN,Southwest Airlines,MHT,Manchester,NH,Evening (17-21),705,693,183.0,0.26406926406926406,0.23261254885233584,0.29812729216748834,1.3900026424456238,True,0.01702127659574468,61.43169403076172
OO,Skywest Airlines,MCI,Kansas City,MO,Evening (17-21),585,572,151.0,0.263986013986014,0.22952316990958116,0.3015978883814489,1.3895644322809186,True,0.022222222222222223,66.18543243408203
EV,Atlantic Southeast Airlines,HPN,White Plains,NY,Afternoon (12-17),948,917,242.0,0.2639040348964013,0.23640415881060134,0.29337381820520675,1.3891329123477352,True,0.03270042194092827,70.05785369873047
AA,American Airlines,IAD,Chantilly,VA,Evening (17-21),939,929,245.0,0.263724434876211,0.23640279982695048,0.2929921156656691,1.3881875372639378,True,0.010649627263045794,87.69795989990234
NK,Spirit Air Lines,PBG,Plattsburgh,NY,Overnight (00-05),225,224,59.0,0.26339285714285715,0.21004809745881153,0.32471640559945353,1.3864421848573922,True,0.0044444444444444444,61.15254211425781
US,US Airways,BOS,Boston,MA,Evening (17-21),1939,1800,474.0,0.2633333333333333,0.24350541851638718,0.2841692952722292,1.3861288645896277,True,0.07220216606498195,60.3291130065918
WN,Southwest Airlines,BUR,Burbank,CA,Night (21-24),873,866,228.0,0.2632794457274827,0.23503805166042668,0.2936117622827096,1.3858452120608435,True,0.008018327605956471,51.47368240356445
UA,United Air Lines,ORD,Chicago,IL,Late morning (09-12),10461,10321,2716.0,0.263152795271776,0.254746563823432,0.27173527585922236,1.385178551861976,True,0.013861007551859287,62.488216400146484
VX,Virgin America,BOS,Boston,MA,Evening (17-21),638,631,166.0,0.2630744849445325,0.2302270912144477,0.2987892807435336,1.384766343488605,True,0.0109717868338558,50.1204833984375
F9,Frontier Airlines,CVG,Covington,KY,Afternoon (12-17),657,654,172.0,0.26299694189602446,0.23070868614434556,0.29805325289994716,1.3843581739020787,True,0.0045662100456621,76.15116119384766
AA,American Airlines,DCA,Arlington,VA,Evening (17-21),4567,4476,1177.0,0.2629579982126899,0.2502678518188963,0.2760546860136912,1.3841531829012046,True,0.021239325596671774,63.43755340576172
OO,Skywest Airlines,CID,Cedar Rapids,IA,Evening (17-21),418,411,108.0,0.26277372262773724,0.22255844469339148,0.3073826219691612,1.383183196670792,True,0.0215311004784689,57.48147964477539
WN,Southwest Airlines,RSW,Ft. Myers,FL,Evening (17-21),1961,1934,508.0,0.2626680455015512,0.24353848228404437,0.28273858803996976,1.3826269354748426,True,0.013768485466598673,61.85236358642578
F9,Frontier Airlines,CLT,Charlotte,NC,Afternoon (12-17),340,339,89.0,0.26253687315634217,0.21854441514050235,0.3118509627832969,1.3819364730421964,True,0.0058823529411764705,50.2471923828125
UA,United Air Lines,SFO,San Francisco,CA,Evening (17-21),7003,6950,1824.0,0.2624460431654676,0.2522354918820525,0.2729190644138515,1.3814583639075573,True,0.008424960731115236,60.9945182800293
B6,JetBlue Airways,SJU,San Juan,PR,Overnight (00-05),646,637,167.0,0.2621664050235479,0.2295098359154368,0.29767441679225265,1.3799864101094996,True,0.01393188854489164,53.70658493041992
EV,Atlantic Southeast Airlines,LGA,New York,NY,Afternoon (12-17),3275,3080,807.0,0.26201298701298703,0.2467864744540162,0.2778324294481817,1.3791788513774,True,0.06320610687022901,76.02230834960938
F9,Frontier Airlines,DFW,Dallas-Fort Worth,TX,Afternoon (12-17),235,233,61.0,0.26180257510729615,0.20954432936321424,0.32178800414576386,1.3780712892915843,True,0.00851063829787234,63.59016418457031
B6,JetBlue Airways,SJU,San Juan,PR,Afternoon (12-17),2950,2931,763.0,0.2603207096554077,0.24475538762316462,0.2765134944861799,1.3702710748246194,True,0.006440677966101695,54.18086624145508
UA,United Air Lines,SNA,Santa Ana,CA,Afternoon (12-17),1701,1689,439.0,0.2599171107164002,0.23956160612356275,0.2813622653124889,1.3681466186002802,True,0.007054673721340388,64.79270935058594
MQ,American Eagle Airlines,TYS,Knoxville,TN,Evening (17-21),248,235,61.0,0.25957446808510637,0.2077074846786052,0.3191756043645096,1.3663430229997409,True,0.05241935483870968,55.180328369140625
OO,Skywest Airlines,LAX,Los Angeles,CA,Night (21-24),3761,3668,952.0,0.2595419847328244,0.24561159260894297,0.2739755268354251,1.3661720377634752,True,0.028981653815474608,48.382354736328125
EV,Atlantic Southeast Airlines,JAX,Jacksonville,FL,Afternoon (12-17),602,578,150.0,0.25951557093425603,0.22544803971497365,0.2967586914640964,1.366033001325681,True,0.03986710963455149,69.13333129882812
UA,United Air Lines,LAX,Los Angeles,CA,Late morning (09-12),5258,5197,1348.0,0.2593804117760246,0.24764479870218825,0.27147149201506793,1.3653215531843967,True,0.012171928489920122,61.13798141479492
EV,Atlantic Southeast Airlines,ATL,Atlanta,GA,Evening (17-21),12289,12107,3140.0,0.2593540926736599,0.2516241928210015,0.26723665992105733,1.3651830152066329,True,0.015623728537716658,62.777706146240234
EV,Atlantic Southeast Airlines,DAY,Dayton,OH,Evening (17-21),552,509,132.0,0.2593320235756385,0.2231601306212089,0.2991095136510186,1.3650668483188497,True,0.07789855072463768,71.57575988769531
UA,United Air Lines,JFK,New York,NY,Evening (17-21),988,972,252.0,0.25925925925925924,0.23269483713127068,0.2877191316931779,1.36468383292931,True,0.01720647773279352,73.6031723022461
AA,American Airlines,ORD,Chicago,IL,Night (21-24),2112,2068,536.0,0.25918762088974856,0.24076027941302958,0.2785079889719667,1.3643067442769397,True,0.021780303030303032,60.55223846435547
UA,United Air Lines,PHX,Phoenix,AZ,Evening (17-21),279,278,72.0,0.2589928057553957,0.21102679485269504,0.313528842072443,1.3632812801719316,True,0.0035842293906810036,59.13888931274414
AA,American Airlines,MIA,Miami,FL,Afternoon (12-17),13476,13350,3456.0,0.25887640449438204,0.25151620433665867,0.2663753363268161,1.362668569484214,True,0.010240427426536063,59.82986068725586
MQ,American Eagle Airlines,CID,Cedar Rapids,IA,Late morning (09-12),390,367,95.0,0.25885558583106266,0.21670349771534567,0.30600377137204904,1.3625589846102297,True,0.05897435897435897,68.42105102539062
EV,Atlantic Southeast Airlines,ROC,Rochester,NY,Evening (17-21),366,340,88.0,0.25882352941176473,0.21514416179068002,0.3078920269660033,1.3623902466554796,True,0.07377049180327869,69.8522720336914
F9,Frontier Airlines,MCO,Orlando,FL,Afternoon (12-17),1294,1287,333.0,0.25874125874125875,0.23555730230312813,0.28336120791532154,1.3619571919044764,True,0.0061823802163833074,69.43543243408203
WN,Southwest Airlines,BOS,Boston,MA,Afternoon (12-17),2752,2706,700.0,0.2586844050258684,0.24253484932529423,0.2755181615960821,1.3616579264261408,True,0.016715116279069766,52.40285873413086
AS,Alaska Airlines,OME,Nome,AK,Evening (17-21),330,317,82.0,0.2586750788643533,0.21356024377945088,0.3095689265027071,1.3616088355590323,True,0.03939393939393939,45.59756088256836
B6,JetBlue Airways,STT,Charlotte Amalie,VI,Evening (17-21),232,232,60.0,0.25862068965517243,0.20652903457653146,0.3185759511426971,1.3613225427004203,True,0.0,55.849998474121094
WN,Southwest Airlines,CMH,Columbus,OH,Night (21-24),356,352,91.0,0.2585227272727273,0.21556398075879232,0.3066953616002799,1.3608068902221246,True,0.011235955056179775,57.92307662963867
UA,United Air Lines,DEN,Denver,CO,Late morning (09-12),14411,14303,3691.0,0.25805775012235194,0.25095227999186803,0.26529315044611196,1.358359352565758,True,0.007771840954826174,53.3690071105957
EV,Atlantic Southeast Airlines,AVP,Wilkes-Barre/Scranton,PA,Evening (17-21),418,411,106.0,0.25790754257907544,0.21799036193027968,0.30230847020227414,1.3575686930287403,True,0.01674641148325359,66.46226501464844
B6,JetBlue Airways,PVD,Providence,RI,Afternoon (12-17),487,477,123.0,0.2578616352201258,0.22064706183912633,0.2989452529689103,1.3573270467679661,True,0.02053388090349076,57.42276382446289
WN,Southwest Airlines,MSY,New Orleans,LA,Night (21-24),957,939,242.0,0.2577209797657082,0.23077199725888398,0.2866442898459701,1.3565866673300033,True,0.018808777429467086,57.491737365722656
EV,Atlantic Southeast Airlines,CRW,Charleston,WV,Afternoon (12-17),947,920,237.0,0.2576086956521739,0.23039830328845765,0.28683495401452586,1.355995628402897,True,0.028511087645195353,65.8523178100586
B6,JetBlue Airways,SAN,San Diego,CA,Late morning (09-12),267,264,68.0,0.25757575757575757,0.20856593129913364,0.31353967141530653,1.3558222495986003,True,0.0149812734082397,61.25
UA,United Air Lines,LGA,New York,NY,Afternoon (12-17),2894,2804,722.0,0.2574893009985735,0.24164431601822048,0.2739978769032036,1.3553671611536566,True,0.03282653766413269,80.95845031738281
WN,Southwest Airlines,DCA,Arlington,VA,Evening (17-21),3641,3496,900.0,0.2574370709382151,0.24321535466818928,0.2721912854494663,1.3550922335805098,True,0.04092282340016479,63.594444274902344
OO,Skywest Airlines,ORD,Chicago,IL,Afternoon (12-17),12562,12171,3132.0,0.2573330046832635,0.2496437010121187,0.26517544866782455,1.3545444516571497,True,0.033513771692405665,64.01851654052734
MQ,American Eagle Airlines,CMH,Columbus,OH,Afternoon (12-17),1174,1096,282.0,0.2572992700729927,0.2322975675388998,0.283996415158245,1.3543668800734836,True,0.0706984667802385,65.19857788085938
MQ,American Eagle Airlines,MDT,Harrisburg,PA,Evening (17-21),296,276,71.0,0.2572463768115942,0.2092555635545436,0.31190211993497324,1.3540884615556352,True,0.07094594594594594,73.91548919677734
MQ,American Eagle Airlines,ATL,Atlanta,GA,Late morning (09-12),393,366,94.0,0.2568306010928962,0.21475866909563018,0.3039542069031757,1.3518999094358273,True,0.07124681933842239,53.0638313293457
EV,Atlantic Southeast Airlines,OAJ,Jacksonville,NC,Evening (17-21),210,207,53.0,0.2560386473429952,0.2014039582415214,0.3195634409814024,1.3477312387314306,True,0.014285714285714285,76.16981506347656
UA,United Air Lines,SFO,San Francisco,CA,Night (21-24),6888,6830,1747.0,0.25578330893118595,0.24557518481357254,0.26626600272580503,1.346387193378846,True,0.009581881533101045,53.19232940673828
EV,Atlantic Southeast Airlines,FAR,Fargo,ND,Evening (17-21),225,219,56.0,0.2557077625570776,0.20248472554410663,0.31735358112753814,1.3459895338480867,True,0.02666666666666667,64.94642639160156
US,US Airways,DCA,Arlington,VA,Evening (17-21),2419,2316,592.0,0.2556131260794473,0.2382624158640108,0.27377323346652965,1.345491388202695,True,0.04712691194708557,58.309120178222656
UA,United Air Lines,MSY,New Orleans,LA,Afternoon (12-17),1384,1371,350.0,0.2552881108679796,0.23291343251850788,0.27903034340447846,1.3437805794708744,True,0.010115606936416185,68.92857360839844
MQ,American Eagle Airlines,CHA,Chattanooga,TN,Afternoon (12-17),469,439,112.0,0.255125284738041,0.21659175104702408,0.297907338469408,1.342923498463467,True,0.06396588486140725,52.26785659790039
UA,United Air Lines,HNL,Honolulu,HI,Afternoon (12-17),1756,1734,442.0,0.2549019607843137,0.23494649297285092,0.27594103555679167,1.3417479701910022,True,0.013097949886104784,67.61312103271484
F9,Frontier Airlines,CLE,Cleveland,OH,Evening (17-21),543,542,138.0,0.25461254612546125,0.2197516209066781,0.29292751531159467,1.3402245549537717,True,0.001841620626151013,68.57246398925781
WN,Southwest Airlines,HOU,Houston,TX,Afternoon (12-17),12541,12392,3155.0,0.25459974176888317,0.24700636249834,0.2623452252147525,1.3401571556313208,True,0.011960768678733753,49.79239273071289
WN,Southwest Airlines,CRP,Corpus Christi,TX,Evening (17-21),293,291,74.0,0.2542955326460481,0.20768727813210314,0.3073065354952819,1.3385558655830936,True,0.006825938566552901,62.14864730834961
UA,United Air Lines,MSP,Minneapolis,MN,Afternoon (12-17),889,881,224.0,0.2542565266742338,0.22661205338109594,0.28403482398090873,1.3383505467093348,True,0.008998875140607425,78.04463958740234
AA,American Airlines,DFW,Dallas-Fort Worth,TX,Night (21-24),8737,8499,2159.0,0.2540298858689258,0.2448874636629164,0.2633945676053128,1.3371575592582032,True,0.028957308000457822,54.99212646484375
AA,American Airlines,LGA,New York,NY,Evening (17-21),4051,3884,986.0,0.25386199794026776,0.24042228695645865,0.26778812984653044,1.3362738340534093,True,0.04147124166872377,69.203857421875
B6,JetBlue Airways,HPN,White Plains,NY,Afternoon (12-17),1000,985,250.0,0.25380710659898476,0.22762167117978374,0.28190543609402025,1.3359848980816307,True,0.016,61.78799819946289
WN,Southwest Airlines,DEN,Denver,CO,Afternoon (12-17),15660,15584,3954.0,0.2537217659137577,0.2469510646482994,0.26061385697625705,1.335535683447009,True,0.004853128991060026,47.26884078979492
NK,Spirit Air Lines,MSP,Minneapolis,MN,Early morning (05-09),666,652,165.0,0.25306748466257667,0.2212076733534628,0.2878201162835471,1.332091690556546,True,0.02252252252252252,73.448486328125
VX,Virgin America,LAS,Las Vegas,NV,Late morning (09-12),511,502,127.0,0.25298804780876494,0.2169329679469412,0.2927949785090243,1.3316735523945944,True,0.019569471624266144,53.11811065673828
DL,Delta Air Lines,DCA,Arlington,VA,Evening (17-21),2002,1987,502.0,0.2526421741318571,0.23402575913863297,0.2722132103504515,1.3298529492791624,True,0.008991008991008992,69.32270812988281
OO,Skywest Airlines,RNO,Reno,NV,Evening (17-21),970,954,241.0,0.2526205450733753,0.22607699846771964,0.281148413333146,1.3297390986629263,True,0.01752577319587629,61.19087219238281
UA,United Air Lines,SEA,Seattle,WA,Night (21-24),1361,1354,342.0,0.25258493353028066,0.2301634581250886,0.2764063803597539,1.3295516473168654,True,0.005878030859662013,56.546783447265625
F9,Frontier Airlines,PHL,Philadelphia,PA,Late morning (09-12),812,804,203.0,0.2524875621890547,0.2236828220450741,0.28364633753274404,1.3290391059498132,True,0.009852216748768473,69.93595886230469
DL,Delta Air Lines,IAH,Houston,TX,Evening (17-21),719,717,181.0,0.2524407252440725,0.22201951951603568,0.2855005792130053,1.3287925665522093,True,0.0027816411682892906,64.4254150390625
OO,Skywest Airlines,DEN,Denver,CO,Evening (17-21),13065,12811,3234.0,0.25243930996799624,0.24499171392147814,0.26003533221852243,1.328785116849599,True,0.021660926138538077,58.52690124511719
OO,Skywest Airlines,SNA,Santa Ana,CA,Afternoon (12-17),427,420,106.0,0.2523809523809524,0.21320995806349105,0.29604066764196113,1.3284779353209815,True,0.01873536299765808,57.54716873168945
OO,Skywest Airlines,IND,Indianapolis,IN,Evening (17-21),215,210,53.0,0.2523809523809524,0.19843882344929456,0.31521988467859086,1.3284779353209815,True,0.023255813953488372,61.32075500488281
F9,Frontier Airlines,ATL,Atlanta,GA,Early morning (05-09),1295,1288,325.0,0.25232919254658387,0.22936832520700368,0.2767630766614607,1.32820548291423,True,0.006177606177606178,70.44923400878906
OO,Skywest Airlines,ATW,Appleton,WI,Evening (17-21),234,226,57.0,0.252212389380531,0.20005600918549948,0.31265187311257003,1.3275906566866045,True,0.03418803418803419,54.98245620727539
MQ,American Eagle Airlines,RIC,Richmond,VA,Afternoon (12-17),365,349,88.0,0.2521489971346705,0.20945635302359428,0.3002386489262891,1.3272569738190916,True,0.052054794520547946,68.53408813476562
UA,United Air Lines,SFO,San Francisco,CA,Late morning (09-12),10289,10185,2568.0,0.25213549337260677,0.24379659489048547,0.26066130148116884,1.327185892979685,True,0.010691029254543688,60.97975158691406
VX,Virgin America,AUS,Austin,TX,Evening (17-21),425,413,104.0,0.25181598062953997,0.21237119107641528,0.2958352835172913,1.3255040480337263,True,0.02823529411764706,64.18269348144531
AA,American Airlines,BWI,Baltimore,MD,Evening (17-21),1026,1013,255.0,0.25172754195459035,0.225972780592512,0.2793582365491942,1.3250385262612185,True,0.016569200779727095,68.21176147460938
NK,Spirit Air Lines,MCI,Kansas City,MO,Afternoon (12-17),345,342,86.0,0.25146198830409355,0.20841375552443173,0.300031729344942,1.3236407101344436,True,0.008695652173913044,76.48837280273438
B6,JetBlue Airways,DTW,Detroit,MI,Evening (17-21),383,378,95.0,0.25132275132275134,0.21024389320752138,0.29740535192449147,1.3229077972273926,True,0.013054830287206266,49.26315689086914
OO,Skywest Airlines,ONT,Ontario,CA,Afternoon (12-17),968,952,239.0,0.2510504201680672,0.2245430728874152,0.27955886199384533,1.3214743058062481,True,0.01652892561983471,70.05857849121094
NK,Spirit Air Lines,IAH,Houston,TX,Early morning (05-09),1295,1283,322.0,0.2509742790335152,0.2280164990710218,0.2754188887809096,1.321073515587064,True,0.010038610038610039,64.84471893310547
OO,Skywest Airlines,SFO,San Francisco,CA,Late morning (09-12),6510,6405,1607.0,0.2508977361436378,0.2404318530769715,0.2616622539142202,1.320670610616033,True,0.016589861751152075,62.869319915771484
NK,Spirit Air Lines,SAN,San Diego,CA,Afternoon (12-17),573,558,140.0,0.25089605734767023,0.21671069089210765,0.28848792736613454,1.3206617738025581,True,0.02617801047120419,61.58571243286133
EV,Atlantic Southeast Airlines,MDW,Chicago,IL,Afternoon (12-17),567,558,140.0,0.25089605734767023,0.21671069089210765,0.28848792736613454,1.3206617738025581,True,0.015873015873015872,73.20714569091797
MQ,American Eagle Airlines,MGM,Montgomery,AL,Evening (17-21),311,299,75.0,0.2508361204013378,0.20507078949914062,0.30292282828652695,1.3203462788733173,True,0.03858520900321544,57.01333236694336
EV,Atlantic Southeast Airlines,MGM,Montgomery,AL,Evening (17-21),328,319,80.0,0.2507836990595611,0.20637226342288512,0.30112615066005827,1.320070344436771,True,0.027439024390243903,72.25
EV,Atlantic Southeast Airlines,CRP,Corpus Christi,TX,Afternoon (12-17),773,750,188.0,0.25066666666666665,0.22097251260313228,0.2829020414145818,1.319454311609367,True,0.03234152652005175,74.55319213867188
OO,Skywest Airlines,BFL,Bakersfield,CA,Late morning (09-12),385,379,95.0,0.25065963060686014,0.20967573721723234,0.29664750456213534,1.3194172753349718,True,0.01818181818181818,76.03157806396484
EV,Atlantic Southeast Airlines,SGF,Springfield,MO,Evening (17-21),408,395,99.0,0.25063291139240507,0.21043439740432968,0.2956351800921,1.3192766312549895,True,0.03431372549019608,80.82828521728516
WN,Southwest Airlines,SJC,San Jose,CA,Afternoon (12-17),6271,6171,1545.0,0.25036460865337873,0.23971305623624614,0.26132677610536403,1.3178643445296243,True,0.015946420028703556,43.54433822631836
WN,Southwest Airlines,MAF,Midland,TX,Evening (17-21),727,711,178.0,0.25035161744022505,0.2199067684545986,0.28347971604770233,1.3177959616351749,True,0.023383768913342505,55.61235809326172
UA,United Air Lines,SJU,San Juan,PR,Early morning (05-09),204,204,51.0,0.25,0.19557023805604531,0.3136714152029749,1.3159451246104061,True,0.0,58.60784149169922
NK,Spirit Air Lines,ACY,Atlantic City,NJ,Late morning (09-12),596,588,147.0,0.25,0.216698787363395,0.2865466756118334,1.3159451246104061,True,0.013422818791946308,68.850341796875
UA,United Air Lines,LAS,Las Vegas,NV,Evening (17-21),1365,1353,338.0,0.24981522542498152,0.22747784715257605,0.27356929055310736,1.3149725118058162,True,0.009523809523809525,65.65680694580078
EV,Atlantic Southeast Airlines,BHM,Birmingham,AL,Afternoon (12-17),1052,1022,255.0,0.24951076320939333,0.22395129001556732,0.2769463144489035,1.3133698895328907,True,0.030418250950570342,70.56078338623047
OO,Skywest Airlines,MRY,Monterey,CA,Evening (17-21),757,742,185.0,0.24932614555256064,0.2195418332746044,0.2816927452203467,1.3123981027111866,True,0.019815059445178335,59.518917083740234
UA,United Air Lines,SRQ,Sarasota,FL,Afternoon (12-17),372,361,90.0,0.24930747922437674,0.20747695090541526,0.2964173418506739,1.3122998472569147,True,0.03225806451612903,61.477779388427734
UA,United Air Lines,RSW,Ft. Myers,FL,Afternoon (12-17),744,735,183.0,0.24897959183673468,0.2190766017155328,0.28149293849443907,1.3105739200201596,True,0.01747311827956989,57.896175384521484
EV,Atlantic Southeast Airlines,ORD,Chicago,IL,Evening (17-21),11936,11415,2842.0,0.2489706526500219,0.24112329745323174,0.2569869136560983,1.310526866103469,True,0.044738605898123326,62.25967788696289
F9,Frontier Airlines,LAS,Las Vegas,NV,Afternoon (12-17),693,691,172.0,0.24891461649782923,0.2181226958137874,0.2824829098379179,1.3102319040983494,True,0.004329004329004329,75.69767761230469
B6,JetBlue Airways,ACK,Nantucket,MA,Afternoon (12-17),341,338,84.0,0.2485207100591716,0.20544729644941864,0.29724634879446044,1.3081584670683328,True,0.008797653958944282,84.05952453613281
WN,Southwest Airlines,IAD,Chantilly,VA,Evening (17-21),642,636,158.0,0.24842767295597484,0.2164225336960326,0.28345368566826007,1.3076687401788942,True,0.009345794392523364,56.28480911254883
B6,JetBlue Airways,BWI,Baltimore,MD,Evening (17-21),442,431,107.0,0.2482598607888631,0.2098181681654924,0.2911495405357911,1.3067854137662502,True,0.024886877828054297,73.91588592529297
B6,JetBlue Airways,RIC,Richmond,VA,Evening (17-21),278,274,68.0,0.24817518248175183,0.20074589861931638,0.3025682199288061,1.3063396857446368,True,0.014388489208633094,70.70587921142578
UA,United Air Lines,PDX,Portland,OR,Afternoon (12-17),1487,1475,366.0,0.24813559322033898,0.22676560728818862,0.27081411997942406,1.3061312965624643,True,0.008742434431741762,63.04644775390625
EV,Atlantic Southeast Airlines,MGM,Montgomery,AL,Afternoon (12-17),929,923,229.0,0.24810400866738894,0.22132180375985355,0.2769743452261221,1.3059650424085938,True,0.006458557588805167,60.008731842041016
AA,American Airlines,BOS,Boston,MA,Evening (17-21),3851,3767,933.0,0.24767719670825591,0.23415398746302032,0.26171452104181847,1.3037183979416076,True,0.02233186185406388,58.21757888793945
UA,United Air Lines,LAS,Las Vegas,NV,Afternoon (12-17),3106,3076,761.0,0.24739921976592977,0.23247144800639238,0.26295714806166504,1.302255188333575,True,0.010946555054732776,65.34428405761719
MQ,American Eagle Airlines,XNA,Fayetteville/Springdale/Rogers,AR,Afternoon (12-17),1322,1274,315.0,0.24725274725274726,0.224345943149497,0.2716792292975419,1.301484189175127,True,0.038577912254160365,63.663490295410156
AA,American Airlines,CLT,Charlotte,NC,Evening (17-21),10838,10767,2662.0,0.24723692764929878,0.23917921790638594,0.2554749417091449,1.301400918255002,True,0.007012363904779479,61.296016693115234
B6,JetBlue Airways,PHL,Philadelphia,PA,Afternoon (12-17),368,360,89.0,0.24722222222222223,0.20548299867766973,0.2942993241793098,1.301323512114735,True,0.021739130434782608,72.2022476196289
UA,United Air Lines,LAX,Los Angeles,CA,Overnight (00-05),633,627,155.0,0.24720893141945774,0.2150491984765372,0.28244747897783484,1.3012535522463347,True,0.009478672985781991,44.400001525878906
AA,American Airlines,RDU,Raleigh,NC,Evening (17-21),1451,1428,353.0,0.24719887955182074,0.22552227980350675,0.27023199916142904,1.301200641421494,True,0.01722949689869056,65.02265930175781
UA,United Air Lines,DCA,Arlington,VA,Afternoon (12-17),1453,1420,351.0,0.2471830985915493,0.225448059622105,0.2702823643239294,1.3011175739105707,True,0.02339986235375086,64.52991485595703
VX,Virgin America,SAN,San Diego,CA,Afternoon (12-17),537,530,131.0,0.24716981132075472,0.21235117291097097,0.28562725364851793,1.3010476326336846,True,0.01303538175046555,55.7557258605957
NK,Spirit Air Lines,ACY,Atlantic City,NJ,Afternoon (12-17),844,834,206.0,0.24700239808153476,0.2189367248977585,0.2773881174113367,1.3001664060898976,True,0.011848341232227487,70.2669906616211
WN,Southwest Airlines,BDL,Windsor Locks,CT,Afternoon (12-17),1944,1899,469.0,0.2469720905739863,0.22809929316222494,0.2668665516038344,1.3000068740227078,True,0.023148148148148147,55.28571319580078
OO,Skywest Airlines,SNA,Santa Ana,CA,Late morning (09-12),900,891,220.0,0.24691358024691357,0.21972534332084895,0.27627484263384966,1.2996988885041048,True,0.011111111111111112,61.077274322509766
UA,United Air Lines,SLC,Salt Lake City,UT,Afternoon (12-17),809,806,199.0,0.24689826302729528,0.2183756257721355,0.2778221492001553,1.2996182620221877,True,0.003708281829419036,67.69346618652344
DL,Delta Air Lines,ANC,Anchorage,AK,Evening (17-21),239,239,59.0,0.24686192468619247,0.19648635747974358,0.30524645930288347,1.299426984970945,True,0.0,66.7796630859375
MQ,American Eagle Airlines,CID,Cedar Rapids,IA,Evening (17-21),497,466,115.0,0.24678111587982832,0.20981164618535453,0.2878914094827684,1.299001625151903,True,0.06237424547283702,70.15652465820312
DL,Delta Air Lines,PIT,Pittsburgh,PA,Evening (17-21),908,900,222.0,0.24666666666666667,0.2196193990255923,0.27586742078885307,1.2983991896156009,True,0.00881057268722467,59.864864349365234
AA,American Airlines,ORD,Chicago,IL,Afternoon (12-17),14677,14373,3543.0,0.24650386140680441,0.23952634145753354,0.2536168534984434,1.2975422184636942,True,0.021734686925120938,65.60175323486328
AA,American Airlines,FAT,Fresno,CA,Afternoon (12-17),281,276,68.0,0.2463768115942029,0.19925188246496156,0.30046510028527995,1.2968734561377917,True,0.017793594306049824,79.26470947265625
MQ,American Eagle Airlines,GSO,Greensboro,NC,Late morning (09-12),363,341,84.0,0.24633431085043989,0.20359482567390794,0.2947255625855132,1.2966497415516025,True,0.06336088154269973,64.21428680419922
OO,Skywest Airlines,FSD,Sioux Falls,SD,Evening (17-21),749,727,179.0,0.24621733149931224,0.21628889842091462,0.2788137339415563,1.2960339879244165,True,0.030707610146862484,62.36871337890625
MQ,American Eagle Airlines,JFK,New York,NY,Afternoon (12-17),2415,2210,544.0,0.24615384615384617,0.2286445912536867,0.26454408132342994,1.2956998150010155,True,0.08819875776397515,68.49816131591797
EV,Atlantic Southeast Airlines,CVG,Covington,KY,Evening (17-21),816,768,189.0,0.24609375,0.2169433048728861,0.2777716729153026,1.2953834820383685,True,0.06004901960784314,72.53968048095703
MQ,American Eagle Airlines,TUL,Tulsa,OK,Afternoon (12-17),459,439,108.0,0.2460136674259681,0.20804275956503912,0.28839117979386475,1.2949619449469145,True,0.0457516339869281,60.66666793823242
B6,JetBlue Airways,STT,Charlotte Amalie,VI,Afternoon (12-17),307,301,74.0,0.24584717607973422,0.20060683198753482,0.2974931648632887,1.2940855710454493,True,0.019543973941368076,68.35134887695312
VX,Virgin America,LAS,Las Vegas,NV,Afternoon (12-17),1669,1656,407.0,0.2457729468599034,0.22564008722288775,0.26708259185685096,1.2936948447256893,True,0.008388256440982624,62.57985305786133
VX,Virgin America,LGA,New York,NY,Afternoon (12-17),420,411,101.0,0.24574209245742093,0.20659979965501052,0.2895934461525459,1.293532433923611,True,0.023809523809523808,63.26732635498047
B6,JetBlue Airways,ORD,Chicago,IL,Late morning (09-12),648,643,158.0,0.24572317262830481,0.2140213307923827,0.2804453207031303,1.2934328440960756,True,0.007716049382716049,69.12025451660156
MQ,American Eagle Airlines,COU,Columbia,MO,Afternoon (12-17),667,636,156.0,0.24528301886792453,0.21343880985251407,0.28018586225383224,1.2911159713158702,True,0.053973013493253376,65.28845977783203
EV,Atlantic Southeast Airlines,TYS,Knoxville,TN,Afternoon (12-17),1467,1444,354.0,0.2451523545706371,0.22365958752306667,0.26799751087775286,1.290428183135966,True,0.015678254942058625,68.15819549560547
EV,Atlantic Southeast Airlines,SAV,Savannah,GA,Afternoon (12-17),1089,1069,262.0,0.245088868101029,0.22024609314916882,0.2717571997880178,1.2900940042953282,True,0.021120293847566574,70.7022933959961
MQ,American Eagle Airlines,SPS,Wichita Falls,TX,Evening (17-21),270,253,62.0,0.2450592885375494,0.1961308406503865,0.3016140729461648,1.2899383039659318,True,0.06296296296296296,58.967742919921875
WN,Southwest Airlines,RNO,Reno,NV,Afternoon (12-17),2236,2226,545.0,0.24483378256963162,0.2274205297109339,0.26312624275936175,1.288751290049724,True,0.004472271914132379,47.85688018798828
EV,Atlantic Southeast Airlines,DFW,Dallas-Fort Worth,TX,Afternoon (12-17),8187,8018,1963.0,0.24482414567223745,0.2355359748032768,0.25435672016093186,1.2887005635371551,True,0.02174178575790888,62.59297180175781
MQ,American Eagle Airlines,BWI,Baltimore,MD,Afternoon (12-17),553,515,126.0,0.2446601941747573,0.20951188321707104,0.2835896722480266,1.2878375588420286,True,0.07233273056057866,74.01587677001953
NK,Spirit Air Lines,DFW,Dallas-Fort Worth,TX,Late morning (09-12),700,699,171.0,0.2446351931330472,0.21421950733926307,0.2778424309409981,1.2877059588462345,True,0.0014285714285714286,64.0526351928711
WN,Southwest Airlines,PDX,Portland,OR,Afternoon (12-17),3574,3561,871.0,0.2445942151081157,0.23075604471777766,0.25898285419991895,1.287490259517735,True,0.00391717963066592,47.40757751464844
WN,Southwest Airlines,ELP,El Paso,TX,Afternoon (12-17),2123,2110,516.0,0.24454976303317535,0.22668471214595232,0.2633433013059544,1.287256273552549,True,0.006123410268487989,47.414730072021484
AA,American Airlines,JFK,New York,NY,Night (21-24),315,315,77.0,0.24444444444444444,0.20025032873376764,0.2947967416610617,1.2867018996190638,True,0.0,51.80519485473633
EV,Atlantic Southeast Airlines,TLH,Tallahassee,FL,Evening (17-21),321,315,77.0,0.24444444444444444,0.20025032873376764,0.2947967416610617,1.2867018996190638,True,0.018691588785046728,74.29869842529297
OO,Skywest Airlines,SGF,Springfield,MO,Afternoon (12-17),316,311,76.0,0.24437299035369775,0.199922860299979,0.29506128410787563,1.2863257809696576,True,0.0189873417721519,65.65789794921875
WN,Southwest Airlines,PNS,Pensacola,FL,Afternoon (12-17),268,262,64.0,0.24427480916030533,0.19618871661499712,0.299751723105498,1.2858089767185648,True,0.022388059701492536,58.625
B6,JetBlue Airways,LGB,Long Beach,CA,Night (21-24),649,639,156.0,0.24413145539906103,0.21241761034167564,0.2789034242646722,1.2850543939857488,True,0.015408320493066256,57.012821197509766
DL,Delta Air Lines,LGA,New York,NY,Afternoon (12-17),7298,7144,1744.0,0.24412094064949608,0.23429893607766022,0.2542179890875533,1.2849990466520427,True,0.021649767059468347,66.03038787841797
UA,United Air Lines,PHX,Phoenix,AZ,Late morning (09-12),1157,1147,280.0,0.24411508282476024,0.22013617181551465,0.26980232189204684,1.284968212348435,True,0.010371650821089023,57.4178581237793
UA,United Air Lines,LAX,Los Angeles,CA,Afternoon (12-17),6827,6772,1652.0,0.24394565859421147,0.23386399469406874,0.2543176652786201,1.2840764003877088,True,0.00820272447634393,65.89527893066406
B6,JetBlue Airways,SEA,Seattle,WA,Late morning (09-12),330,328,80.0,0.24390243902439024,0.2005673024241293,0.2931670575837781,1.2838489020589328,True,0.006060606060606061,49.13750076293945
UA,United Air Lines,TPA,Tampa,FL,Afternoon (12-17),1846,1830,446.0,0.24371584699453552,0.22459552390054924,0.2639099173545733,1.2828667225710189,True,0.009209100758396533,64.97085571289062
WN,Southwest Airlines,STL,St Louis,MO,Afternoon (12-17),6251,6205,1512.0,0.2436744560838034,0.23315337692500307,0.2545127281339503,1.2826488499022943,True,0.007358822588385858,48.882938385009766
AS,Alaska Airlines,SFO,San Francisco,CA,Afternoon (12-17),1428,1408,343.0,0.24360795454545456,0.22190327425516773,0.26670791272218164,1.2822988004016174,True,0.014005602240896359,60.61807632446289
EV,Atlantic Southeast Airlines,ABY,Albany,GA,Evening (17-21),237,234,57.0,0.24358974358974358,0.19302106602614688,0.30244146029389135,1.282202941928088,True,0.012658227848101266,68.68421173095703
UA,United Air Lines,PDX,Portland,OR,Evening (17-21),431,427,104.0,0.24355971896955503,0.20525082343627704,0.286441715074396,1.2820448989178663,True,0.009280742459396751,73.92308044433594
EV,Atlantic Southeast Airlines,SCE,State College,PA,Evening (17-21),344,333,81.0,0.24324324324324326,0.20025942397648844,0.29208356453799433,1.2803790401614763,True,0.03197674418604651,69.06172943115234
B6,JetBlue Airways,SLC,Salt Lake City,UT,Evening (17-21),333,333,81.0,0.24324324324324326,0.20025942397648844,0.29208356453799433,1.2803790401614763,True,0.0,44.543209075927734
NK,Spirit Air Lines,OAK,Oakland,CA,Evening (17-21),334,329,80.0,0.24316109422492402,0.19994244059352376,0.29230852803539753,1.2799466257608814,True,0.014970059880239521,74.69999694824219
MQ,American Eagle Airlines,XNA,Fayetteville/Springdale/Rogers,AR,Late morning (09-12),656,638,155.0,0.24294670846394983,0.2112707757439658,0.2776997116784761,1.278818146173122,True,0.027439024390243903,71.2516098022461
DL,Delta Air Lines,TPA,Tampa,FL,Evening (17-21),2109,2091,508.0,0.24294595887135342,0.22504597462462822,0.26178873402351016,1.2788142004822312,True,0.008534850640113799,67.5649642944336
UA,United Air Lines,SAT,San Antonio,TX,Afternoon (12-17),747,737,179.0,0.24287652645861602,0.21330161010772433,0.2751180466718086,1.2784487235021043,True,0.013386880856760375,65.08938598632812
EV,Atlantic Southeast Airlines,SHV,Shreveport,LA,Evening (17-21),636,610,148.0,0.24262295081967214,0.2102837313548081,0.278183651761618,1.2771139569989516,True,0.0440251572327044,69.37837982177734
OO,Skywest Airlines,CVG,Covington,KY,Afternoon (12-17),1178,1163,282.0,0.24247635425623387,0.21871820886993706,0.26793019310681804,1.2763423048671867,True,0.017826825127334467,69.19149017333984
B6,JetBlue Airways,JFK,New York,NY,Afternoon (12-17),10010,9824,2381.0,0.2423656351791531,0.23399361830695417,0.2509390651827757,1.2757595039484435,True,0.018581418581418582,60.31709289550781
WN,Southwest Airlines,GSP,Greer,SC,Afternoon (12-17),285,281,68.0,0.24199288256227758,0.19561254476559725,0.2953325980787064,1.273797415992991,True,0.014035087719298246,51.82352828979492
WN,Southwest Airlines,SMF,Sacramento,CA,Afternoon (12-17),5985,5951,1440.0,0.24197613846412366,0.23126333139492558,0.25302185933122234,1.2737092787356645,True,0.005847953216374269,43.77152633666992
EV,Atlantic Southeast Airlines,ATW,Appleton,WI,Evening (17-21),398,372,90.0,0.24193548387096775,0.20119609894111934,0.28795039255955546,1.2734952818810383,True,0.07035175879396985,57.07777786254883
MQ,American Eagle Airlines,GRR,Grand Rapids,MI,Evening (17-21),532,496,120.0,0.24193548387096775,0.20632233041324577,0.28151541658500334,1.2734952818810383,True,0.06766917293233082,65.5250015258789
US,US Airways,DCA,Arlington,VA,Night (21-24),529,492,119.0,0.241869918699187,0.20612495332010056,0.2816146796594639,1.273150161208442,True,0.07183364839319471,45.14285659790039
AA,American Airlines,TPA,Tampa,FL,Evening (17-21),1874,1855,448.0,0.24150943396226415,0.22257926347993837,0.26150803045624205,1.2712526486802416,True,0.010138740661686232,67.73661041259766
OO,Skywest Airlines,SAT,San Antonio,TX,Evening (17-21),953,940,227.0,0.24148936170212765,0.21521664605630703,0.26986644415713557,1.2711469927087753,True,0.013641133263378805,64.07048797607422
NK,Spirit Air Lines,SJU,San Juan,PR,Afternoon (12-17),470,464,112.0,0.2413793103448276,0.20466828562030084,0.28233757277279636,1.2705677065203922,True,0.014893617021276596,61.58035659790039
OO,Skywest Airlines,MKE,Milwaukee,WI,Evening (17-21),1335,1252,302.0,0.24121405750798722,0.21833054297994592,0.2656808164144236,1.2696978518605198,True,0.06441947565543071,59.24834442138672
OO,Skywest Airlines,STL,St Louis,MO,Evening (17-21),313,311,75.0,0.24115755627009647,0.1969566948213579,0.29167504888722445,1.2694004417463725,True,0.006389776357827476,64.83999633789062
WN,Southwest Airlines,RDU,Raleigh,NC,Afternoon (12-17),2317,2281,550.0,0.24112231477422183,0.22401205469957555,0.25910309866597947,1.2692149382476516,True,0.015537332757876565,48.741817474365234
AA,American Airlines,LGA,New York,NY,Night (21-24),376,365,88.0,0.2410958904109589,0.20005520763221182,0.287529706867671,1.2690758461996245,True,0.02925531914893617,56.943180084228516
UA,United Air Lines,PHX,Phoenix,AZ,Afternoon (12-17),1494,1485,358.0,0.24107744107744108,0.22000780581194962,0.26348325193388455,1.2689787329576443,True,0.008032128514056224,61.3351936340332
EV,Atlantic Southeast Airlines,VPS,Valparaiso,FL,Afternoon (12-17),1101,1079,260.0,0.24096385542168675,0.2163932266144455,0.267372450655434,1.268380842997982,True,0.02089009990917348,68.05000305175781
WN,Southwest Airlines,TPA,Tampa,FL,Afternoon (12-17),7809,7766,1869.0,0.24066443471542623,0.2312863388352548,0.25029897430677894,1.2668047581235382,True,0.005506466897169932,54.13429641723633
MQ,American Eagle Airlines,FSD,Sioux Falls,SD,Afternoon (12-17),467,449,108.0,0.24053452115812918,0.20330776648619786,0.28216353297038915,1.2661209216741547,True,0.042826552462526764,56.80555725097656
B6,JetBlue Airways,BUF,Buffalo,NY,Afternoon (12-17),981,948,228.0,0.24050632911392406,0.2143816182065601,0.2687256551044614,1.2659725249416567,True,0.034658511722731905,67.24122619628906
F9,Frontier Airlines,SFO,San Francisco,CA,Late morning (09-12),520,520,125.0,0.2403846153846154,0.20564531709302575,0.27893170008163165,1.265331850586929,True,0.0,82.7040023803711
WN,Southwest Airlines,SNA,Santa Ana,CA,Evening (17-21),4093,4062,976.0,0.24027572624322993,0.22738583804789111,0.25365641406542294,1.2647586820480123,True,0.007818226239921818,41.206966400146484
EV,Atlantic Southeast Airlines,EVV,Evansville,IN,Evening (17-21),279,275,66.0,0.24,0.19332512736666183,0.2938389112846728,1.2633073196259899,True,0.021505376344086023,71.40908813476562
OO,Skywest Airlines,OKC,Oklahoma City,OK,Afternoon (12-17),878,867,208.0,0.23990772779700115,0.21266957083190202,0.2694406085623759,1.2628216190032964,True,0.012528473804100227,63.99038314819336
AA,American Airlines,JAX,Jacksonville,FL,Evening (17-21),526,517,124.0,0.23984526112185686,0.20504317857407017,0.27848501886638,1.2624928081368694,True,0.019011406844106463,81.46774291992188
DL,Delta Air Lines,LAX,Los Angeles,CA,Night (21-24),3783,3778,906.0,0.23980942297511912,0.22646301853904283,0.25368443131713303,1.262304163998971,True,0.0018503832936822627,48.348785400390625
VX,Virgin America,SFO,San Francisco,CA,Evening (17-21),3615,3603,864.0,0.23980016652789343,0.2261403744680549,0.2540142294934831,1.2622554400925796,True,0.0033195020746887966,59.44560241699219
VX,Virgin America,LAX,Los Angeles,CA,Evening (17-21),1993,1985,476.0,0.2397984886649874,0.2215295746534885,0.25907260100494506,1.2622466081905357,True,0.004014049172102358,55.829830169677734
EV,Atlantic Southeast Airlines,CWA,Mosinee,WI,Afternoon (12-17),277,267,64.0,0.2397003745318352,0.19241627516563914,0.2943686205076991,1.2617301569298276,True,0.036101083032490974,78.046875
B6,JetBlue Airways,ROC,Rochester,NY,Afternoon (12-17),271,263,63.0,0.23954372623574144,0.19194582820837475,0.294640970851442,1.260905594683735,True,0.02952029520295203,68.5873031616211
NK,Spirit Air Lines,MYR,Myrtle Beach,SC,Late morning (09-12),856,835,200.0,0.23952095808383234,0.21180695620653076,0.26962076507004873,1.2607857481297304,True,0.02570093457943925,65.0999984741211
MQ,American Eagle Airlines,DAY,Dayton,OH,Afternoon (12-17),517,472,113.0,0.23940677966101695,0.20311142466217463,0.2799098160195985,1.260184737974372,True,0.09090909090909091,67.50442504882812
DL,Delta Air Lines,SMF,Sacramento,CA,Night (21-24),235,234,56.0,0.23931623931623933,0.18913846201747528,0.29791510640789687,1.2597081534732093,False,0.00425531914893617,44.51785659790039
EV,Atlantic Southeast Airlines,DEN,Denver,CO,Late morning (09-12),2019,1989,476.0,0.23931623931623933,0.22107899858139243,0.25855852002520435,1.2597081534732093,True,0.015354135710747894,58.407562255859375
NK,Spirit Air Lines,OAK,Oakland,CA,Afternoon (12-17),451,443,106.0,0.23927765237020315,0.20189686021699219,0.28114142449060886,1.2595050402591699,True,0.019955654101995565,71.98113250732422
OO,Skywest Airlines,BNA,Nashville,TN,Evening (17-21),230,226,54.0,0.23893805309734514,0.187998252572096,0.2986046948490845,1.2577174642294149,False,0.017391304347826087,66.03704071044922
OO,Skywest Airlines,DSM,Des Moines,IA,Evening (17-21),619,607,145.0,0.23887973640856672,0.20666717991821254,0.27437667826040524,1.2574104979802894,True,0.01938610662358643,68.08275604248047
EV,Atlantic Southeast Airlines,DSM,Des Moines,IA,Evening (17-21),594,582,139.0,0.23883161512027493,0.2059752784167505,0.2751131250015114,1.2571571980814191,True,0.021885521885521887,71.28777313232422
OO,Skywest Airlines,CMH,Columbus,OH,Evening (17-21),272,268,64.0,0.23880597014925373,0.19167916335791774,0.29331503914824764,1.2570222085830745,True,0.01838235294117647,71.5
NK,Spirit Air Lines,LGA,New York,NY,Late morning (09-12),1002,972,232.0,0.23868312757201646,0.21294600725319066,0.2664777024964245,1.2563755922206348,True,0.03093812375249501,50.86206817626953
B6,JetBlue Airways,DFW,Dallas-Fort Worth,TX,Late morning (09-12),316,306,73.0,0.238562091503268,0.19423555735941506,0.28937155027235556,1.2557384849223485,True,0.03164556962025317,65.76712036132812
US,US Airways,PHL,Philadelphia,PA,Night (21-24),630,600,143.0,0.23833333333333334,0.20597368710112046,0.27402239134064316,1.2545343521285872,True,0.049206349206349205,58.06293869018555
DL,Delta Air Lines,PBI,West Palm Beach,FL,Evening (17-21),974,962,229.0,0.23804573804573806,0.21220795991434635,0.2659673433651977,1.2530205136622996,True,0.012320328542094456,72.0349349975586
MQ,American Eagle Airlines,ORD,Chicago,IL,Night (21-24),5008,4639,1104.0,0.237982323776676,0.2259476868846622,0.25045056025777745,1.2526867148694878,True,0.0762779552715655,58.47282791137695
EV,Atlantic Southeast Airlines,FAY,Fayetteville,NC,Evening (17-21),294,290,69.0,0.23793103448275862,0.19254882422882993,0.2901656722890219,1.2524167392843866,True,0.013605442176870748,87.50724792480469
OO,Skywest Airlines,MTJ,Montrose,CO,Afternoon (12-17),276,269,64.0,0.2379182156133829,0.19094768833943127,0.29226894724693087,1.2523492635697546,True,0.028985507246376812,74.15625
UA,United Air Lines,PHL,Philadelphia,PA,Afternoon (12-17),820,799,190.0,0.23779724655819776,0.2095755466652115,0.2685282287246039,1.251712509016156,True,0.02804878048780488,68.1894760131836
EV,Atlantic Southeast Airlines,PIA,Peoria,IL,Evening (17-21),323,307,73.0,0.23778501628664495,0.19358691000614955,0.28846439844162575,1.2516481315512658,True,0.04953560371517028,68.32876586914062
WN,Southwest Airlines,LIT,Little Rock,AR,Afternoon (12-17),641,632,150.0,0.23734177215189872,0.20582067540011031,0.2720367029154953,1.24931499171874,True,0.014040561622464899,48.02000045776367
EV,Atlantic Southeast Airlines,ICT,Wichita,KS,Evening (17-21),545,531,126.0,0.23728813559322035,0.20307107937985977,0.2752791461822506,1.2490326606471653,True,0.029357798165137616,74.30158996582031
US,US Airways,CLT,Charlotte,NC,Evening (17-21),11536,11413,2708.0,0.23727328485060895,0.22955764200432907,0.24516573508097614,1.24895448959782,True,0.01118238557558946,53.11262893676758
DL,Delta Air Lines,JFK,New York,NY,Afternoon (12-17),6391,6346,1505.0,0.23715726441853135,0.2268531787827617,0.24777938527993873,1.2483437835100293,True,0.007667031763417305,61.33820724487305
NK,Spirit Air Lines,MYR,Myrtle Beach,SC,Night (21-24),668,641,152.0,0.23712948517940718,0.20582993599626334,0.2715611008102951,1.2481975596928658,True,0.040419161676646706,66.76973724365234
EV,Atlantic Southeast Airlines,STL,St Louis,MO,Afternoon (12-17),996,949,225.0,0.23709167544783982,0.21112611317244778,0.2651771884466251,1.2479985375651903,True,0.050200803212851405,68.34666442871094
DL,Delta Air Lines,LAX,Los Angeles,CA,Evening (17-21),3327,3325,788.0,0.23699248120300753,0.22284702610193408,0.2517449761128905,1.2474764008336843,True,0.0006011421701232341,59.37944030761719
F9,Frontier Airlines,MCO,Orlando,FL,Late morning (09-12),913,903,214.0,0.2369878183831672,0.21040257835663978,0.265801424635724,1.247451856773541,True,0.01095290251916758,84.4859848022461
UA,United Air Lines,SAN,San Diego,CA,Evening (17-21),737,730,173.0,0.236986301369863,0.20756553760615118,0.2691607749931891,1.2474438715484946,True,0.010854816824966078,59.947975158691406
EV,Atlantic Southeast Airlines,SAF,Santa Fe,NM,Late morning (09-12),214,211,50.0,0.23696682464454977,0.18461523116737097,0.2987250530234003,1.2473413503416173,False,0.014018691588785047,79.13999938964844
EV,Atlantic Southeast Airlines,LIT,Little Rock,AR,Evening (17-21),841,819,194.0,0.23687423687423687,0.20902614211542003,0.2671792417640533,1.24685398864185,True,0.027348394768133173,71.52062225341797
F9,Frontier Airlines,DEN,Denver,CO,Night (21-24),2716,2711,642.0,0.2368129841386942,0.22118909388826669,0.2531817128652471,1.2465315676870243,True,0.001840942562592047,48.87227249145508
EV,Atlantic Southeast Airlines,HOU,Houston,TX,Afternoon (12-17),281,279,66.0,0.23655913978494625,0.19048115672567062,0.28979331492206434,1.2451953867281265,True,0.010676156583629894,77.98484802246094
OO,Skywest Airlines,MFE,McAllen,TX,Afternoon (12-17),211,203,48.0,0.23645320197044334,0.18323493052623,0.2994610068480699,1.2446377533260984,False,0.04265402843601896,75.04166412353516
EV,Atlantic Southeast Airlines,BTR,Baton Rouge,LA,Evening (17-21),1156,1117,264.0,0.23634735899731424,0.2123627958355275,0.2621392212202277,1.2440806191482443,True,0.03546712802768166,60.77651596069336
EV,Atlantic Southeast Airlines,XNA,Fayetteville/Springdale/Rogers,AR,Evening (17-21),763,732,173.0,0.23633879781420766,0.2069884441424893,0.26844213765663705,1.2440355549595643,True,0.04193971166448231,65.31214141845703
WN,Southwest Airlines,SNA,Santa Ana,CA,Afternoon (12-17),5710,5673,1340.0,0.2362065926317645,0.22533431569869314,0.24743589511712386,1.243339655898427,True,0.006654991243432574,45.33358383178711
UA,United Air Lines,SMF,Sacramento,CA,Afternoon (12-17),784,775,183.0,0.2361290322580645,0.2075747258189038,0.2672864012703528,1.2429313951158933,True,0.011479591836734694,57.96721267700195
B6,JetBlue Airways,PBI,West Palm Beach,FL,Late morning (09-12),1335,1311,309.0,0.23569794050343248,0.21351524467121202,0.25942506996440645,1.2406622227448223,True,0.017977528089887642,53.50809097290039
MQ,American Eagle Airlines,ABI,Abilene,TX,Evening (17-21),308,297,70.0,0.2356902356902357,0.1909852480978644,0.2871454359564685,1.240621666299373,True,0.03896103896103896,56.11428451538086
EV,Atlantic Southeast Airlines,GSO,Greensboro,NC,Afternoon (12-17),1003,968,228.0,0.23553719008264462,0.2098833155079553,0.26328185873443144,1.2398160678147627,True,0.03589232303090728,69.70613861083984
MQ,American Eagle Airlines,BTR,Baton Rouge,LA,Afternoon (12-17),303,293,69.0,0.2354948805460751,0.1905270673473695,0.28730892329545155,1.23959335970127,True,0.033003300330033,67.24637603759766
NK,Spirit Air Lines,LAS,Las Vegas,NV,Late morning (09-12),1580,1563,368.0,0.23544465770953296,0.2150749139478735,0.2571116810467961,1.2393289977137032,True,0.010759493670886076,62.543479919433594
MQ,American Eagle Airlines,CRP,Corpus Christi,TX,Evening (17-21),250,238,56.0,0.23529411764705882,0.18587204392488904,0.2931257794437952,1.2385365878686176,False,0.048,46.875
US,US Airways,SJU,San Juan,PR,Afternoon (12-17),711,706,166.0,0.23512747875354106,0.2053304027113002,0.26779148814434983,1.2376594373106369,True,0.009845288326300985,55.81325149536133
EV,Atlantic Southeast Airlines,SHV,Shreveport,LA,Afternoon (12-17),1415,1391,327.0,0.2350826743350108,0.21354617943527213,0.2580784122029468,1.2374235966861333,True,0.01696113074204947,70.29051971435547
WN,Southwest Airlines,ATL,Atlanta,GA,Afternoon (12-17),11075,10949,2572.0,0.2349072974700886,0.22706014395490173,0.24294040823056942,1.236500451364678,True,0.011828442437923251,52.2266731262207
WN,Southwest Airlines,BNA,Nashville,TN,Afternoon (12-17),7113,7020,1648.0,0.23475783475783477,0.2249894579244483,0.2448163531860984,1.235713712454672,True,0.013215239701954169,51.11104202270508
UA,United Air Lines,ALB,Albany,NY,Evening (17-21),220,213,50.0,0.2347417840375587,0.182832126145143,0.29605015474560864,1.235629224986297,False,0.031818181818181815,60.900001525878906
MQ,American Eagle Airlines,ROC,Rochester,NY,Evening (17-21),315,294,69.0,0.23469387755102042,0.18986256744050414,0.286369093952666,1.2353770557567079,False,0.06666666666666667,68.0434799194336
AA,American Airlines,SFO,San Francisco,CA,Evening (17-21),1396,1382,324.0,0.23444283646888567,0.21286160299976672,0.25749633689754914,1.2340556306042594,True,0.01002865329512894,59.50617218017578
MQ,American Eagle Airlines,SYR,Syracuse,NY,Afternoon (12-17),291,273,64.0,0.23443223443223443,0.18807687982123433,0.28815790570232863,1.2339998238104908,False,0.061855670103092786,73.875
OO,Skywest Airlines,CIU,Sault Ste. Marie,MI,Afternoon (12-17),288,286,67.0,0.23426573426573427,0.18890016356524245,0.28667546118979614,1.2331234034810798,False,0.006944444444444444,59.62686538696289
OO,Skywest Airlines,BHM,Birmingham,AL,Afternoon (12-17),527,521,122.0,0.23416506717850288,0.19982845623447187,0.2723932578979445,1.2325935140304765,True,0.011385199240986717,62.8934440612793
VX,Virgin America,SEA,Seattle,WA,Late morning (09-12),613,611,143.0,0.23404255319148937,0.20219548637632692,0.2692130845466555,1.2319486272948483,True,0.0032626427406199023,49.92307662963867
MQ,American Eagle Airlines,PNS,Pensacola,FL,Afternoon (12-17),274,261,61.0,0.23371647509578544,0.18646428330062415,0.2886936979228695,1.230232223773713,False,0.04744525547445255,41.83606719970703
OO,Skywest Airlines,AUS,Austin,TX,Afternoon (12-17),1081,1070,250.0,0.2336448598130841,0.2092705569760283,0.2599248997840749,1.2298552566452394,True,0.011100832562442183,73.45600128173828
EV,Atlantic Southeast Airlines,CLE,Cleveland,OH,Evening (17-21),2471,2342,547.0,0.2335610589239966,0.21687017177934406,0.25112459820001004,1.2294141471595084,True,0.053824362606232294,66.40950775146484
EV,Atlantic Southeast Airlines,BNA,Nashville,TN,Evening (17-21),683,638,149.0,0.2335423197492163,0.20236657784203638,0.2679077079007388,1.229315508256743,True,0.06734992679355783,67.97315216064453
VX,Virgin America,JFK,New York,NY,Evening (17-21),601,591,138.0,0.233502538071066,0.20118184341684492,0.2692654151474519,1.2291061062351003,True,0.016638935108153077,91.47826385498047
WN,Southwest Airlines,CHS,Charleston,SC,Afternoon (12-17),600,587,137.0,0.23339011925042588,0.20097214208144462,0.2692750443048896,1.228514358239357,True,0.021666666666666667,52.708030700683594
OO,Skywest Airlines,LIT,Little Rock,AR,Afternoon (12-17),461,450,105.0,0.23333333333333334,0.19661207476661705,0.2745690597966315,1.228215449636379,True,0.03036876355748373,62.095237731933594
OO,Skywest Airlines,SPI,Springfield,IL,Evening (17-21),330,313,73.0,0.23322683706070288,0.18978437442894927,0.28313837308905343,1.2276548766333502,False,0.05454545454545454,78.93150329589844
MQ,American Eagle Airlines,MIA,Miami,FL,Night (21-24),1132,1103,257.0,0.23300090661831369,0.20900519302192358,0.2588500086618585,1.2264656283766977,True,0.027385159010600707,55.478599548339844
EV,Atlantic Southeast Airlines,MLI,Moline,IL,Afternoon (12-17),327,322,75.0,0.2329192546583851,0.19006406001781823,0.2820720944817913,1.226035830382366,True,0.01529051987767584,72.33333587646484
OO,Skywest Airlines,BNA,Nashville,TN,Afternoon (12-17),576,567,132.0,0.2328042328042328,0.1998863460145274,0.26931842112227544,1.2254303805895845,True,0.017361111111111112,73.56060791015625
NK,Spirit Air Lines,FLL,Ft. Lauderdale,FL,Late morning (09-12),863,852,198.0,0.2323943661971831,0.20527302321713342,0.2619181018695648,1.223272932736434,True,0.012746234067207415,65.96969604492188
VX,Virgin America,LGA,New York,NY,Late morning (09-12),247,241,56.0,0.23236514522821577,0.1834954628519529,0.2896332865109005,1.2231191199698381,False,0.02834008097165992,53.91071319580078
DL,Delta Air Lines,RDU,Raleigh,NC,Evening (17-21),1153,1145,266.0,0.23231441048034934,0.20877255430519998,0.25764648901635107,1.2228520633934254,True,0.006938421509106678,63.36090087890625
F9,Frontier Airlines,LAS,Las Vegas,NV,Evening (17-21),523,521,121.0,0.23224568138195778,0.19802581504457362,0.27038522554367245,1.2224902885056366,True,0.0038240917782026767,84.61983489990234
OO,Skywest Airlines,ATL,Atlanta,GA,Evening (17-21),1362,1331,309.0,0.23215627347858753,0.21026401904378078,0.25559020665610754,1.2220196649274697,True,0.024229074889867842,83.64724731445312
US,US Airways,STT,Charlotte Amalie,VI,Afternoon (12-17),309,306,71.0,0.23202614379084968,0.18822811103626869,0.28246917428629614,1.2213346908148868,False,0.009708737864077669,62.0704231262207
WN,Southwest Airlines,SJU,San Juan,PR,Evening (17-21),539,539,125.0,0.23191094619666047,0.19825280822506344,0.26936352773739775,1.2207283159651263,True,0.0,62.944000244140625
OO,Skywest Airlines,LAX,Los Angeles,CA,Evening (17-21),9807,9660,2239.0,0.23178053830227743,0.2234732649446019,0.24030105850871303,1.22004187743383,True,0.015703069236259814,57.72576904296875
EV,Atlantic Southeast Airlines,DCA,Arlington,VA,Evening (17-21),972,919,213.0,0.23177366702937977,0.20564227317006764,0.2601382031326912,1.2200057085615519,True,0.05761316872427984,69.39436340332031
EV,Atlantic Southeast Airlines,GRR,Grand Rapids,MI,Evening (17-21),586,544,126.0,0.23161764705882354,0.19812281569313142,0.26887640451942635,1.2191844536831704,True,0.07337883959044368,55.9603157043457
OO,Skywest Airlines,MKG,Muskegon,MI,Evening (17-21),331,298,69.0,0.23154362416107382,0.18725036220687385,0.28267028491400015,1.2187948133975575,False,0.09969788519637462,66.02898406982422
AA,American Airlines,SFO,San Francisco,CA,Afternoon (12-17),3247,3197,739.0,0.23115420706912732,0.216868545078847,0.24608519808670043,1.2167450073032096,True,0.015398829688943641,69.58051300048828
AA,American Airlines,CLT,Charlotte,NC,Night (21-24),4565,4541,1049.0,0.23100638625853337,0.21897786879937522,0.24348964602006315,1.2159669110031412,True,0.006790799561883899,57.70257568359375
WN,Southwest Airlines,MCO,Orlando,FL,Afternoon (12-17),10780,10698,2470.0,0.2308842774350346,0.22299630920047614,0.23896545259573654,1.2153241569593207,True,0.007792207792207792,57.016597747802734
MQ,American Eagle Airlines,DFW,Dallas-Fort Worth,TX,Night (21-24),4786,4514,1041.0,0.23061586176340274,0.21855972251689623,0.24313012513070612,1.213911275781509,True,0.059757626410363564,52.66378402709961
F9,Frontier Airlines,PHX,Phoenix,AZ,Afternoon (12-17),629,625,144.0,0.2304,0.19909343224653253,0.2650005462688838,1.2127750268409503,True,0.00794912559618442,70.54861450195312
OO,Skywest Airlines,DAY,Dayton,OH,Evening (17-21),575,560,129.0,0.23035714285714284,0.19739031388920286,0.2669982661659047,1.21254943624816,True,0.02608695652173913,54.0
AA,American Airlines,RIC,Richmond,VA,Evening (17-21),520,508,117.0,0.23031496062992127,0.19580706165159334,0.2688710731463598,1.2123273982631302,True,0.025,72.0854721069336
MQ,American Eagle Airlines,DFW,Dallas-Fort Worth,TX,Afternoon (12-17),18322,17651,4062.0,0.23012860461163673,0.22397809393667745,0.23639656045840923,1.2113464610883167,True,0.03858749044864098,49.904727935791016
OO,Skywest Airlines,IAH,Houston,TX,Afternoon (12-17),5375,5315,1223.0,0.23010348071495768,0.21898510406007185,0.24161172965650282,1.2112142144109328,True,0.013209302325581396,58.53720474243164
MQ,American Eagle Airlines,CLE,Cleveland,OH,Afternoon (12-17),573,539,124.0,0.2300556586270872,0.19650942446374872,0.2674225954846119,1.2109624894374054,True,0.06108202443280977,65.62096405029297
AA,American Airlines,DEN,Denver,CO,Night (21-24),206,200,46.0,0.23,0.1770925624139232,0.2930842807819702,1.2106695146415738,False,0.02912621359223301,53.956520080566406
DL,Delta Air Lines,MSY,New Orleans,LA,Evening (17-21),1752,1731,398.0,0.22992489890236859,0.21071298352449347,0.2503329125388706,1.2102741989484498,True,0.011986301369863013,59.771358489990234
F9,Frontier Airlines,FLL,Ft. Lauderdale,FL,Late morning (09-12),454,448,103.0,0.22991071428571427,0.19334080603023773,0.2710732718235942,1.210199534239927,True,0.013215859030837005,101.48543548583984
AA,American Airlines,BDL,Windsor Locks,CT,Evening (17-21),566,557,128.0,0.22980251346499103,0.19678528521087477,0.2665212883385909,1.2096299888698887,True,0.0176678445229682,60.015625
EV,Atlantic Southeast Airlines,IND,Indianapolis,IN,Evening (17-21),899,853,196.0,0.22977725674091443,0.20279399880149182,0.2591835709150112,1.2094970430182397,True,0.05339265850945495,68.5051040649414
MQ,American Eagle Airlines,ORD,Chicago,IL,Afternoon (12-17),21166,20176,4635.0,0.22972839016653449,0.22397562564834572,0.2355840569212141,1.209239820096993,True,0.04956061608239629,53.634952545166016
OO,Skywest Airlines,DFW,Dallas-Fort Worth,TX,Afternoon (12-17),1820,1786,410.0,0.22956326987681971,0.21065150668422755,0.2496359288072707,1.2083706631360953,True,0.022527472527472527,68.48048400878906
EV,Atlantic Southeast Airlines,SBN,South Bend,IN,Evening (17-21),228,218,50.0,0.22935779816513763,0.1785217874501526,0.28956715529097454,1.2072891051471617,False,0.043859649122807015,102.04000091552734
UA,United Air Lines,SEA,Seattle,WA,Late morning (09-12),1204,1195,274.0,0.2292887029288703,0.20634391099116328,0.2539684438687281,1.2069254029899625,True,0.008305647840531562,61.197078704833984
WN,Southwest Airlines,AMA,Amarillo,TX,Evening (17-21),306,301,69.0,0.2292358803986711,0.18533797793410017,0.2799580971422674,1.2066473567856217,False,0.02287581699346405,53.739131927490234
EV,Atlantic Southeast Airlines,RIC,Richmond,VA,Afternoon (12-17),1443,1401,321.0,0.2291220556745182,0.2078732914091697,0.25185227480413147,1.2060482084223851,True,0.0297990297990298,72.50466918945312
MQ,American Eagle Airlines,HPN,White Plains,NY,Afternoon (12-17),330,310,71.0,0.22903225806451613,0.1857400679635329,0.27895804726402135,1.2055755335140494,False,0.06060606060606061,83.73239135742188
MQ,American Eagle Airlines,GRK,Killeen,TX,Evening (17-21),287,262,60.0,0.22900763358778625,0.18226008826460421,0.2835872433795026,1.2054459156736546,False,0.09059233449477352,42.983333587646484
EV,Atlantic Southeast Airlines,ALB,Albany,NY,Evening (17-21),222,214,49.0,0.22897196261682243,0.17775003013759472,0.2897529628628239,1.2052581515123346,False,0.04054054054054054,71.7551040649414
EV,Atlantic Southeast Airlines,AGS,Augusta,GA,Evening (17-21),473,463,106.0,0.22894168466522677,0.19299361831269257,0.2693507828717777,1.2050987750211926,True,0.021141649048625793,74.51886749267578
US,US Airways,JAX,Jacksonville,FL,Evening (17-21),252,249,57.0,0.2289156626506024,0.18108393626714991,0.2849849384749811,1.2049618008480827,False,0.011904761904761904,53.22806930541992
OO,Skywest Airlines,CVG,Covington,KY,Evening (17-21),1471,1433,328.0,0.2288904396371249,0.20788001494107117,0.2513505641290225,1.204829032441628,True,0.027192386131883073,71.60975646972656
AS,Alaska Airlines,OTZ,Kotzebue,AK,Evening (17-21),331,319,73.0,0.22884012539184953,0.18612859124984035,0.2780049033183937,1.2045641892985537,False,0.03625377643504532,50.123287200927734
EV,Atlantic Southeast Airlines,ERI,Erie,PA,Afternoon (12-17),270,258,59.0,0.22868217054263565,0.18163637763752127,0.2836892237947951,1.2037327496436274,False,0.044444444444444446,72.2033920288086
OO,Skywest Airlines,DEN,Denver,CO,Afternoon (12-17),11517,11384,2603.0,0.22865425158116656,0.22103177922911546,0.23645979669867048,1.2035857903587095,True,0.01293739689155162,54.70572280883789
WN,Southwest Airlines,MHT,Manchester,NH,Afternoon (12-17),1292,1264,289.0,0.2286392405063291,0.206330053326532,0.2525928909908023,1.2035067753557196,True,0.021671826625386997,49.77162551879883
MQ,American Eagle Airlines,CRP,Corpus Christi,TX,Afternoon (12-17),294,280,64.0,0.22857142857142856,0.1832557103870411,0.28123434322032304,1.2031498282152284,False,0.047619047619047616,47.234375
WN,Southwest Airlines,SAT,San Antonio,TX,Afternoon (12-17),4414,4398,1005.0,0.22851296043656208,0.21634372157505619,0.2411560666953805,1.202842064787138,True,0.004304485727231536,44.96019744873047
MQ,American Eagle Airlines,CMI,Champaign/Urbana,IL,Evening (17-21),287,263,60.0,0.22813688212927757,0.181549146155971,0.28255240322763336,1.200862471127367,False,0.09407665505226481,55.38333511352539
US,US Airways,LAX,Los Angeles,CA,Night (21-24),498,491,112.0,0.22810590631364563,0.19318473653698426,0.26724866275685044,1.2006994212331201,True,0.014056224899598393,39.22321319580078
DL,Delta Air Lines,PBI,West Palm Beach,FL,Afternoon (12-17),2455,2436,555.0,0.22783251231527094,0.2116122539145679,0.2449098416181913,1.1992603352360844,True,0.007739307535641548,68.72251892089844
B6,JetBlue Airways,AUS,Austin,TX,Afternoon (12-17),889,883,201.0,0.2276330690826727,0.20119064987144358,0.25643515387975613,1.1982105098377878,True,0.007874015748031496,75.40298461914062
DL,Delta Air Lines,CMH,Columbus,OH,Evening (17-21),539,536,122.0,0.22761194029850745,0.19412696947663366,0.2649736259572862,1.198099292555743,True,0.0055658627087198514,49.54917907714844
AA,American Airlines,RNO,Reno,NV,Afternoon (12-17),451,444,101.0,0.22747747747747749,0.190919230432248,0.26871113887690057,1.19739150978064,True,0.015521064301552107,68.6336669921875
UA,United Air Lines,PSP,Palm Springs,CA,Afternoon (12-17),258,255,58.0,0.22745098039215686,0.18026840658528515,0.28272363178876286,1.1972520349396636,False,0.011627906976744186,60.32758712768555
OO,Skywest Airlines,MFR,Medford,OR,Evening (17-21),329,321,73.0,0.22741433021806853,0.18494114682337753,0.27633474887471043,1.197059116468033,False,0.0243161094224924,68.10958862304688
EV,Atlantic Southeast Airlines,MSN,Madison,WI,Evening (17-21),720,673,153.0,0.22734026745913818,0.1972748109344873,0.2605008340613285,1.1966692663619147,True,0.06666666666666667,65.34640502929688
EV,Atlantic Southeast Airlines,BTV,Burlington,VT,Afternoon (12-17),715,695,158.0,0.2273381294964029,0.19772682107326833,0.259947135371225,1.1966580125953623,True,0.032167832167832165,73.53797149658203
WN,Southwest Airlines,PVD,Providence,RI,Afternoon (12-17),1975,1927,438.0,0.22729631551634666,0.2091377372207158,0.2465400356219659,1.19643791298258,True,0.02481012658227848,50.22602844238281
MQ,American Eagle Airlines,SJT,San Angelo,TX,Evening (17-21),303,286,65.0,0.22727272727272727,0.18250613466017218,0.27926884864105167,1.1963137496458238,False,0.056105610561056105,58.92307662963867
EV,Atlantic Southeast Airlines,ILM,Wilmington,NC,Evening (17-21),255,251,57.0,0.22709163346613545,0.1796031622234636,0.2828079982778047,1.1953605115982973,False,0.01568627450980392,68.71929931640625
EV,Atlantic Southeast Airlines,FNT,Flint,MI,Afternoon (12-17),334,326,74.0,0.22699386503067484,0.18485522536116594,0.2754918018179407,1.1948458800143564,False,0.023952095808383235,70.1891860961914
OO,Skywest Airlines,MKE,Milwaukee,WI,Afternoon (12-17),2107,2041,463.0,0.22684958353748164,0.20920337860317165,0.24552211211454464,1.1940864139042,True,0.03274798291409587,62.83153533935547
EV,Atlantic Southeast Airlines,BTR,Baton Rouge,LA,Afternoon (12-17),1482,1455,330.0,0.2268041237113402,0.20602219914891576,0.24902487381637403,1.1938471233578942,True,0.018218623481781375,71.20909118652344
MQ,American Eagle Airlines,BIS,Bismarck,ND,Afternoon (12-17),333,322,73.0,0.2267080745341615,0.18435309749559403,0.27550715362028555,1.1933415415721698,False,0.03303303303303303,73.83561706542969
EV,Atlantic Southeast Airlines,BNA,Nashville,TN,Afternoon (12-17),987,944,214.0,0.2266949152542373,0.201124256450033,0.2544809839192439,1.193272274011131,True,0.04356636271529889,65.77570343017578
EV,Atlantic Southeast Airlines,MEM,Memphis,TN,Evening (17-21),479,459,104.0,0.22657952069716775,0.19064344792965618,0.2670543908125831,1.192664862392002,True,0.04175365344467641,70.05769348144531
VX,Virgin America,DCA,Arlington,VA,Evening (17-21),623,618,140.0,0.22653721682847897,0.19528252365304974,0.2611706953017452,1.1924421841129895,True,0.011235955056179775,55.20000076293945
AA,American Airlines,PHL,Philadelphia,PA,Evening (17-21),6345,6305,1428.0,0.22648691514670896,0.21632363524120876,0.23698329197661835,1.1921774071014497,True,0.006619385342789598,60.556724548339844
EV,Atlantic Southeast Airlines,MEM,Memphis,TN,Afternoon (12-17),1197,1145,259.0,0.2262008733624454,0.20290624746732341,0.2513266076103478,1.1906717459357037,True,0.04427736006683375,77.83011627197266
AA,American Airlines,DFW,Dallas-Fort Worth,TX,Afternoon (12-17),41454,40785,9219.0,0.2260389849209268,0.2220055412406964,0.2301240333339343,1.189819600714315,True,0.01710329521879674,56.49137496948242
DL,Delta Air Lines,LAX,Los Angeles,CA,Afternoon (12-17),7041,7023,1587.0,0.22597180692011962,0.21634176293508142,0.2359014753357229,1.189465990463742,True,0.0028405056099985795,53.16761016845703
UA,United Air Lines,GEG,Spokane,WA,Afternoon (12-17),288,288,65.0,0.22569444444444445,0.18120728848237322,0.2774031358025814,1.1880060152732834,False,0.0,46.21538543701172
AA,American Airlines,MCO,Orlando,FL,Afternoon (12-17),3650,3613,815.0,0.22557431497370606,0.21224114164606767,0.23949044648872925,1.1873736801079224,True,0.010684931506849316,73.26748657226562
EV,Atlantic Southeast Airlines,BHM,Birmingham,AL,Evening (17-21),555,532,120.0,0.22556390977443608,0.19208799903741033,0.26297484042858105,1.1873189094229228,True,0.04144144144144144,77.35832977294922
NK,Spirit Air Lines,LAX,Los Angeles,CA,Early morning (05-09),733,728,164.0,0.22527472527472528,0.19641491025415125,0.25701872893771754,1.1857967056928935,True,0.0068212824010914054,75.48780822753906
B6,JetBlue Airways,LAX,Los Angeles,CA,Late morning (09-12),545,542,122.0,0.22509225092250923,0.1919365651550665,0.26211750474360007,1.184836200756233,True,0.005504587155963303,63.74590301513672
AA,American Airlines,FLL,Ft. Lauderdale,FL,Evening (17-21),973,960,216.0,0.225,0.19971026536547623,0.25248187906987496,1.1843506121493657,True,0.013360739979445015,59.51388931274414
US,US Airways,RDU,Raleigh,NC,Evening (17-21),530,520,117.0,0.225,0.1911998385462646,0.2628335944609651,1.1843506121493657,True,0.020754716981132074,49.78632354736328
OO,Skywest Airlines,AVL,Asheville,NC,Evening (17-21),209,200,45.0,0.225,0.17262283786915622,0.28774246538592035,1.1843506121493657,False,0.0430622009569378,78.37777709960938
DL,Delta Air Lines,ORD,Chicago,IL,Afternoon (12-17),2493,2480,558.0,0.225,0.20899743302958756,0.24185321702796847,1.1843506121493657,True,0.005214600882470918,71.4820785522461
UA,United Air Lines,SAN,San Diego,CA,Late morning (09-12),1280,1272,286.0,0.2248427672955975,0.20274803999472255,0.24859450911168693,1.1835229737062145,True,0.00625,63.96503448486328
VX,Virgin America,SAN,San Diego,CA,Evening (17-21),602,596,134.0,0.22483221476510068,0.19313893136514199,0.2600500438576502,1.183467427501976,True,0.009966777408637873,61.08955383300781
OO,Skywest Airlines,MEM,Memphis,TN,Afternoon (12-17),611,597,134.0,0.22445561139028475,0.19280944591742055,0.25962527231780147,1.1814850700019728,True,0.024549918166939442,59.39552307128906
OO,Skywest Airlines,BFL,Bakersfield,CA,Afternoon (12-17),717,709,159.0,0.22425952045133993,0.1950903286121905,0.25640071792605873,1.1804528903416338,True,0.01394700139470014,65.45282745361328
EV,Atlantic Southeast Airlines,TUL,Tulsa,OK,Evening (17-21),743,727,163.0,0.22420907840440166,0.19538669039955836,0.2559308043900103,1.1801873744786586,True,0.02288021534320323,70.53987884521484
MQ,American Eagle Airlines,LCH,Lake Charles,LA,Afternoon (12-17),291,281,63.0,0.22419928825622776,0.17934275238305575,0.2764951589332688,1.1801358412876242,False,0.037800687285223365,67.53968048095703
B6,JetBlue Airways,LGB,Long Beach,CA,Evening (17-21),2149,2141,480.0,0.2241943017281644,0.2070312801108878,0.24234530788516753,1.1801095932984493,True,0.0037226617031177293,55.462501525878906
DL,Delta Air Lines,BWI,Baltimore,MD,Evening (17-21),1343,1335,299.0,0.22397003745318353,0.20241612214378604,0.247108003787168,1.1789291153813077,True,0.005956813104988831,76.75920104980469
MQ,American Eagle Airlines,SUX,Sioux City,IA,Afternoon (12-17),286,268,60.0,0.22388059701492538,0.178076178732647,0.277489121059585,1.1784583205466324,False,0.06293706293706294,71.31666564941406
DL,Delta Air Lines,SFO,San Francisco,CA,Afternoon (12-17),2971,2957,662.0,0.2238755495434562,0.20921480978561663,0.23925281509509289,1.1784317517647465,True,0.005048805116122518,56.46978759765625
OO,Skywest Airlines,BOI,Boise,ID,Evening (17-21),1434,1416,317.0,0.22387005649717515,0.20292220035560454,0.24631213677045238,1.1784028375748552,True,0.01394700139470014,65.33123016357422
OO,Skywest Airlines,SMF,Sacramento,CA,Evening (17-21),1765,1730,387.0,0.22369942196531792,0.2046865875483946,0.24393663155074338,1.1775046548537045,True,0.020396600566572238,55.038761138916016
EV,Atlantic Southeast Airlines,PIB,Hattiesburg-Laurel,MS,Afternoon (12-17),239,237,53.0,0.22362869198312235,0.1752280970977904,0.2808459366239586,1.1771323477527684,False,0.008368200836820083,65.73584747314453
MQ,American Eagle Airlines,GNV,Gainesville,FL,Afternoon (12-17),229,224,50.0,0.22321428571428573,0.17361074338328866,0.2821515054773233,1.1749510041164342,False,0.026200873362445413,60.400001525878906
EV,Atlantic Southeast Airlines,CMH,Columbus,OH,Afternoon (12-17),934,901,201.0,0.22308546059933407,0.1971092722668623,0.25141298842495374,1.1742728969886422,True,0.03854389721627409,72.48756408691406
DL,Delta Air Lines,MIA,Miami,FL,Afternoon (12-17),3315,3295,735.0,0.22306525037936267,0.20917770437593983,0.2375977940293185,1.1741665148268874,True,0.006334841628959276,68.31700897216797
MQ,American Eagle Airlines,DTW,Detroit,MI,Late morning (09-12),467,435,97.0,0.22298850574712645,0.1863925435464217,0.2644343607397718,1.1737625479283624,False,0.07066381156316917,74.58763122558594
F9,Frontier Airlines,DCA,Arlington,VA,Evening (17-21),326,323,72.0,0.22291021671826625,0.18092770077880022,0.2714063962272112,1.1733504516650062,False,0.009202453987730062,75.08333587646484
OO,Skywest Airlines,PSP,Palm Springs,CA,Late morning (09-12),994,983,219.0,0.22278738555442523,0.19788154447542589,0.2498515060972294,1.172703895380179,True,0.011066398390342052,68.54794311523438
NK,Spirit Air Lines,FLL,Ft. Lauderdale,FL,Evening (17-21),3515,3488,777.0,0.2227637614678899,0.20926385560820443,0.23687367823640065,1.1725795433741808,True,0.007965860597439544,59.71685791015625
WN,Southwest Airlines,EWR,Newark,NJ,Afternoon (12-17),2283,2209,492.0,0.22272521502942508,0.20586373653085735,0.24054941839175445,1.172376643383105,True,0.032413491020586944,57.00609588623047
F9,Frontier Airlines,LAX,Los Angeles,CA,Afternoon (12-17),239,238,53.0,0.22268907563025211,0.17447245053236327,0.2797157453776869,1.1721864135185132,False,0.0041841004184100415,82.3396224975586
OO,Skywest Airlines,DCA,Arlington,VA,Evening (17-21),288,265,59.0,0.22264150943396227,0.17671677474890446,0.2764928475714507,1.1719360355020976,False,0.08333333333333333,55.93220520019531
AA,American Airlines,BNA,Nashville,TN,Evening (17-21),917,903,201.0,0.22259136212624583,0.19666599537358287,0.25086706883520504,1.1716720710816906,True,0.017448200654307525,58.70149230957031
OO,Skywest Airlines,COS,Colorado Springs,CO,Afternoon (12-17),955,945,210.0,0.2222222222222222,0.19686961981817086,0.2498241170500271,1.1697289996536944,True,0.010471204188481676,72.37619018554688
AA,American Airlines,MCO,Orlando,FL,Night (21-24),317,315,70.0,0.2222222222222222,0.1798123319580307,0.27132578803634894,1.1697289996536944,False,0.006309148264984227,86.4000015258789
AA,American Airlines,AUS,Austin,TX,Evening (17-21),1828,1783,396.0,0.2220975883342681,0.2034128824459001,0.24197724055101244,1.1690729542248366,True,0.02461706783369803,69.36869049072266
UA,United Air Lines,FLL,Ft. Lauderdale,FL,Afternoon (12-17),1410,1396,310.0,0.22206303724928367,0.20103899101978367,0.24461257412873033,1.1688910848974954,True,0.011347517730496455,63.13548278808594
MQ,American Eagle Airlines,FAR,Fargo,ND,Afternoon (12-17),600,572,127.0,0.22202797202797203,0.1898856469128621,0.257879155074351,1.1687065092693818,False,0.04666666666666667,61.1889762878418
EV,Atlantic Southeast Airlines,SAT,San Antonio,TX,Afternoon (12-17),297,293,65.0,0.22184300341296928,0.17803976944230637,0.27284582071756347,1.1677328750809064,False,0.016835016835016835,76.26153564453125
OO,Skywest Airlines,OAK,Oakland,CA,Evening (17-21),563,550,122.0,0.22181818181818183,0.18909187577810802,0.25840358140676223,1.167602219654324,False,0.02486678507992895,59.557376861572266
EV,Atlantic Southeast Airlines,EWR,Newark,NJ,Afternoon (12-17),10447,9946,2205.0,0.22169716468932235,0.21364180071184652,0.2299674322230778,1.1669652120514562,True,0.04939217000095721,54.090702056884766
WN,Southwest Airlines,GRR,Grand Rapids,MI,Evening (17-21),208,203,45.0,0.22167487684729065,0.17000083767345267,0.2836873952545463,1.1668478937432174,False,0.02403846153846154,64.17778015136719
EV,Atlantic Southeast Airlines,GPT,Gulfport-Biloxi,MS,Evening (17-21),417,406,90.0,0.22167487684729065,0.18398430724038423,0.2645831393048177,1.1668478937432174,False,0.026378896882494004,67.37777709960938
EV,Atlantic Southeast Airlines,OKC,Oklahoma City,OK,Afternoon (12-17),451,438,97.0,0.22146118721461186,0.1850893897488827,0.26267650644559065,1.1657230784220036,False,0.028824833702882482,73.6185531616211
MQ,American Eagle Airlines,DAY,Dayton,OH,Evening (17-21),310,280,62.0,0.22142857142857142,0.1767478139158385,0.2736498726811931,1.1655513960835027,False,0.1032258064516129,56.709678649902344
UA,United Air Lines,IAH,Houston,TX,Late morning (09-12),11670,11569,2558.0,0.2211081338058605,0.21363918387131928,0.22876223982050767,1.16386468277411,True,0.009425878320479864,61.40500259399414
EV,Atlantic Southeast Airlines,PHF,Newport News,VA,Evening (17-21),292,285,63.0,0.22105263157894736,0.17676395665629968,0.27276131948120963,1.1635725312344645,False,0.030821917808219176,77.9047622680664
F9,Frontier Airlines,TTN,Trenton,NJ,Afternoon (12-17),903,892,197.0,0.22085201793721973,0.19485825117784633,0.24923990188849937,1.162516545059417,True,0.016611295681063124,93.4365463256836
OO,Skywest Airlines,MFR,Medford,OR,Afternoon (12-17),893,888,196.0,0.22072072072072071,0.19467763163209031,0.2491697959828584,1.16182542533171,True,0.007838745800671893,68.80612182617188
UA,United Air Lines,OGG,Kahului,HI,Afternoon (12-17),1039,1024,226.0,0.220703125,0.19637139978658907,0.2471226171903459,1.1617328053201241,True,0.017324350336862367,66.49114990234375
OO,Skywest Airlines,DFW,Dallas-Fort Worth,TX,Late morning (09-12),269,263,58.0,0.22053231939163498,0.17464653373224517,0.2744648492005509,1.160833722089788,False,0.026022304832713755,63.879310607910156
AA,American Airlines,ONT,Ontario,CA,Afternoon (12-17),530,517,114.0,0.2205029013539652,0.18689922902870085,0.2582295778868758,1.1606788719967993,False,0.024528301886792454,76.53508758544922
OO,Skywest Airlines,SAN,San Diego,CA,Evening (17-21),2044,2006,442.0,0.22033898305084745,0.20274499451052258,0.23900205660037094,1.1598160420295105,True,0.01908023483365949,55.083709716796875
WN,Southwest Airlines,PWM,Portland,ME,Afternoon (12-17),301,295,65.0,0.22033898305084745,0.17680360215148153,0.2710644322854911,1.1598160420295105,False,0.019933554817275746,50.4461555480957
EV,Atlantic Southeast Airlines,CRW,Charleston,WV,Evening (17-21),412,404,89.0,0.2202970297029703,0.18262201566692082,0.26324128027934857,1.1595952088151105,False,0.021844660194174758,69.68539428710938
OO,Skywest Airlines,FWA,Fort Wayne,IN,Evening (17-21),327,318,70.0,0.22012578616352202,0.17807624402009753,0.26885665713376206,1.1586938204116783,False,0.027522935779816515,68.69999694824219
AA,American Airlines,MSP,Minneapolis,MN,Evening (17-21),787,777,171.0,0.22007722007722008,0.1923622876803422,0.25054649176993293,1.1584381791937166,True,0.015247776365946633,62.71345138549805
NK,Spirit Air Lines,MSY,New Orleans,LA,Late morning (09-12),521,514,113.0,0.2198443579766537,0.18619196394914111,0.2576534127065775,1.1572124442099292,False,0.013435700575815739,69.02655029296875
DL,Delta Air Lines,IND,Indianapolis,IN,Evening (17-21),778,774,170.0,0.21963824289405684,0.19189535761491366,0.25015042651388586,1.156127499657721,True,0.005141388174807198,66.45294189453125
B6,JetBlue Airways,LGB,Long Beach,CA,Afternoon (12-17),2080,2063,453.0,0.21958313136209404,0.20224972539201005,0.237958948557653,1.1558374046505362,True,0.008173076923076924,53.79690933227539
OO,Skywest Airlines,BOI,Boise,ID,Late morning (09-12),1253,1236,271.0,0.21925566343042072,0.19707864662512017,0.243172430609262,1.154113685337929,True,0.013567438148443736,75.2767562866211
AA,American Airlines,SEA,Seattle,WA,Afternoon (12-17),1355,1332,292.0,0.21921921921921922,0.19782582046473335,0.24222755113261774,1.1539218510097256,True,0.017712177121771217,59.25
EV,Atlantic Southeast Airlines,PIT,Pittsburgh,PA,Afternoon (12-17),501,461,101.0,0.21908893709327548,0.1837365637362125,0.2590843886054023,1.1532360744958874,False,0.08183632734530938,65.18811798095703
WN,Southwest Airlines,LAX,Los Angeles,CA,Late morning (09-12),6831,6661,1459.0,0.2190361807536406,0.20926714340365035,0.2291291119552167,1.152958376704148,True,0.02488654662567706,41.33173370361328
WN,Southwest Airlines,RNO,Reno,NV,Night (21-24),204,201,44.0,0.21890547263681592,0.1673048094216242,0.2810494311232651,1.1522703578678184,False,0.014705882352941176,59.931819915771484
B6,JetBlue Airways,EWR,Newark,NJ,Afternoon (12-17),1756,1733,379.0,0.21869590305828043,0.19986769475669458,0.23876850557383644,1.1511672296072566,True,0.01366742596810934,59.271766662597656
EV,Atlantic Southeast Airlines,IAD,Chantilly,VA,Afternoon (12-17),984,942,206.0,0.21868365180467092,0.19345827316830297,0.24619420141095003,1.1511027416974253,True,0.046747967479674794,67.09223175048828
MQ,American Eagle Airlines,RAP,Rapid City,SD,Afternoon (12-17),259,247,54.0,0.21862348178137653,0.17160278350847896,0.27426265507906,1.1507860199022175,False,0.04633204633204633,48.092594146728516
EV,Atlantic Southeast Airlines,CRP,Corpus Christi,TX,Evening (17-21),710,677,148.0,0.21861152141802068,0.18911284938322234,0.251285622155532,1.1507230631748309,False,0.04788732394366197,66.52702331542969
OO,Skywest Airlines,PSP,Palm Springs,CA,Evening (17-21),799,792,173.0,0.21843434343434343,0.19105445292567463,0.24853252016042693,1.1497904371595973,True,0.008760951188986232,61.393062591552734
OO,Skywest Airlines,SAT,San Antonio,TX,Afternoon (12-17),1568,1557,340.0,0.21836865767501606,0.19855392768306757,0.2395697102312474,1.1494446817406245,True,0.008928571428571428,65.35588073730469
VX,Virgin America,LAX,Los Angeles,CA,Afternoon (12-17),3496,3477,759.0,0.2182916307161346,0.20487583095947082,0.23232924036580876,1.14903922873661,True,0.005720823798627002,53.234519958496094
UA,United Air Lines,DSM,Des Moines,IA,Late morning (09-12),256,252,55.0,0.21825396825396826,0.17169244256678634,0.2732766320481317,1.1488409818027356,False,0.015625,77.19999694824219
DL,Delta Air Lines,DTW,Detroit,MI,Night (21-24),3529,3511,766.0,0.2181714611221874,0.20482207800082955,0.23213690188605926,1.1484066823714851,True,0.005383961462170587,58.271541595458984
EV,Atlantic Southeast Airlines,BMI,Bloomington,IL,Afternoon (12-17),325,321,70.0,0.21806853582554517,0.1763734098524376,0.26643194512672763,1.1478649062022235,False,0.015384615384615385,63.64285659790039
EV,Atlantic Southeast Airlines,AVL,Asheville,NC,Afternoon (12-17),720,702,153.0,0.21794871794871795,0.18898743655181366,0.2499801731781881,1.1472342111988156,False,0.025,67.06536102294922
NK,Spirit Air Lines,MYR,Myrtle Beach,SC,Evening (17-21),420,413,90.0,0.2179176755447942,0.18080043847176408,0.2602342375298634,1.147070810798417,False,0.016666666666666666,66.61111450195312
DL,Delta Air Lines,PDX,Portland,OR,Evening (17-21),514,514,112.0,0.2178988326848249,0.1843737647137359,0.25560942705764744,1.146971626119576,False,0.0,46.9375
OO,Skywest Airlines,FWA,Fort Wayne,IN,Afternoon (12-17),778,762,166.0,0.2178477690288714,0.18999347307260941,0.24853271824423726,1.1467028382431887,True,0.021850899742930592,78.96385192871094
MQ,American Eagle Airlines,MLI,Moline,IL,Evening (17-21),410,381,83.0,0.2178477690288714,0.1793264640970763,0.26200212408050116,1.1467028382431887,False,0.07073170731707316,54.1204833984375
WN,Southwest Airlines,AUS,Austin,TX,Afternoon (12-17),5280,5238,1141.0,0.21783123329515083,0.20686170794200354,0.22921434593951778,1.146615797770503,True,0.008333333333333333,50.21735382080078
MQ,American Eagle Airlines,FWA,Fort Wayne,IN,Afternoon (12-17),656,629,137.0,0.2178060413354531,0.18731461069959962,0.25172353091435234,1.1464831928243284,False,0.04420731707317073,62.233577728271484
WN,Southwest Airlines,FNT,Flint,MI,Afternoon (12-17),620,620,135.0,0.21774193548387097,0.1870468940162539,0.2519132522772924,1.1461457536929345,False,0.0,55.25925827026367
EV,Atlantic Southeast Airlines,ELM,Elmira,NY,Evening (17-21),580,565,123.0,0.2176991150442478,0.1856383172870254,0.2535728796437195,1.1459203562979112,False,0.02586206896551724,62.92683029174805
EV,Atlantic Southeast Airlines,MDW,Chicago,IL,Evening (17-21),352,340,74.0,0.21764705882352942,0.1770708581387441,0.26453248479590946,1.1456463437784712,False,0.03409090909090909,76.6351318359375
AA,American Airlines,SJU,San Juan,PR,Evening (17-21),823,819,178.0,0.21733821733821734,0.19044621459911035,0.24686954580969742,1.1440206699909758,True,0.004860267314702308,83.7471923828125
WN,Southwest Airlines,FLL,Ft. Lauderdale,FL,Afternoon (12-17),4931,4902,1065.0,0.21725826193390452,0.2059377855664219,0.22902154944349767,1.143599802293009,True,0.006083958629081322,52.270423889160156
MQ,American Eagle Airlines,MEM,Memphis,TN,Late morning (09-12),321,313,68.0,0.21725239616613418,0.1751438314228611,0.26621740397047106,1.1435689261790112,False,0.028037383177570093,62.838233947753906
EV,Atlantic Southeast Airlines,GSP,Greer,SC,Evening (17-21),721,686,149.0,0.21720116618075802,0.1879650342731747,0.24958700665912045,1.1432992627810525,False,0.049930651872399444,69.57047271728516
EV,Atlantic Southeast Airlines,OKC,Oklahoma City,OK,Evening (17-21),324,318,69.0,0.2169811320754717,0.175199675898021,0.26551898819015163,1.1421410515486545,False,0.024691358024691357,73.1159439086914
MQ,American Eagle Airlines,SYR,Syracuse,NY,Evening (17-21),224,212,46.0,0.2169811320754717,0.1667979021384681,0.2772388359138815,1.1421410515486545,False,0.05357142857142857,64.91304016113281
DL,Delta Air Lines,IAD,Chantilly,VA,Evening (17-21),616,613,133.0,0.2169657422512235,0.1861528741998688,0.25130400289791455,1.1420600428919023,False,0.00487012987012987,65.90977478027344
B6,JetBlue Airways,BOS,Boston,MA,Afternoon (12-17),9557,9387,2035.0,0.21678917652072013,0.20857006473967335,0.22523999973846673,1.1411306396429857,True,0.0181019148268285,57.68059158325195
EV,Atlantic Southeast Airlines,CHA,Chattanooga,TN,Evening (17-21),613,609,132.0,0.21674876847290642,0.18585402786912175,0.25119463201297504,1.1409179405489236,False,0.0065252854812398045,63.59848403930664
MQ,American Eagle Airlines,IND,Indianapolis,IN,Afternoon (12-17),846,803,174.0,0.21668742216687423,0.18957636553825102,0.24649634067818604,1.14059502705958,False,0.05200945626477541,66.97126770019531
OO,Skywest Airlines,DCA,Arlington,VA,Late morning (09-12),298,291,63.0,0.21649484536082475,0.17303209209904138,0.26734538516332595,1.1395813450234447,False,0.030201342281879196,75.63491821289062
EV,Atlantic Southeast Airlines,AEX,Alexandria,LA,Evening (17-21),591,573,124.0,0.2164048865619546,0.1846352644609954,0.25195183327952814,1.1391078216522887,False,0.030456852791878174,61.80644989013672
MQ,American Eagle Airlines,CMH,Columbus,OH,Late morning (09-12),744,699,151.0,0.21602288984263232,0.1871106050011944,0.24803950563539853,1.1370970747706513,False,0.06182795698924731,84.85430145263672
WN,Southwest Airlines,MKE,Milwaukee,WI,Afternoon (12-17),3667,3618,781.0,0.21586511885019347,0.20276393285528632,0.2295690548711785,1.136266602897432,True,0.013635124079629125,54.68629837036133
MQ,American Eagle Airlines,ORD,Chicago,IL,Late morning (09-12),10533,10096,2179.0,0.21582805071315372,0.2079120120865175,0.223960265989606,1.1360714843605686,True,0.0445267255292889,52.278568267822266
US,US Airways,MSP,Minneapolis,MN,Afternoon (12-17),658,645,139.0,0.21550387596899226,0.18550543866368333,0.24887114878077152,1.134365099664164,False,0.019756838905775075,52.23021697998047
EV,Atlantic Southeast Airlines,DEN,Denver,CO,Night (21-24),254,246,53.0,0.21544715447154472,0.16865444402488178,0.2709905150211699,1.1340665301520574,False,0.03937007874015748,54.30188751220703
DL,Delta Air Lines,ATL,Atlanta,GA,Night (21-24),28324,28196,6072.0,0.21534969499219747,0.2105905066992987,0.2201864378066591,1.133553524845281,True,0.004625052958621664,59.00592803955078
MQ,American Eagle Airlines,MEM,Memphis,TN,Afternoon (12-17),355,339,73.0,0.2153392330383481,0.1748998711114662,0.2621579421760696,1.1334984554166332,False,0.04507042253521127,59.41095733642578
OO,Skywest Airlines,DLH,Duluth,MN,Afternoon (12-17),361,353,76.0,0.21529745042492918,0.1756052584301972,0.2611196077289053,1.1332785209109446,False,0.0221606648199446,80.17105102539062
US,US Airways,MIA,Miami,FL,Night (21-24),329,316,68.0,0.21518987341772153,0.17344270440590712,0.26377872019927256,1.1327122591583243,False,0.03951367781155015,52.80882263183594
UA,United Air Lines,EWR,Newark,NJ,Late morning (09-12),6508,6439,1385.0,0.2150955117254232,0.20523070529824378,0.22530007168065946,1.1322155599226045,True,0.011216963736939152,56.22599411010742
AA,American Airlines,MFE,McAllen,TX,Evening (17-21),302,293,63.0,0.2150170648464164,0.17182296232317046,0.2655874275952238,1.131802632770725,False,0.033112582781456956,68.73015594482422
US,US Airways,MIA,Miami,FL,Evening (17-21),448,442,95.0,0.2149321266968326,0.17917909985195066,0.2555977356878465,1.1313555369953718,False,0.017857142857142856,54.18947219848633
EV,Atlantic Southeast Airlines,MLI,Moline,IL,Late morning (09-12),455,442,95.0,0.2149321266968326,0.17917909985195066,0.2555977356878465,1.1313555369953718,False,0.03076923076923077,70.65263366699219
EV,Atlantic Southeast Airlines,PIA,Peoria,IL,Afternoon (12-17),644,633,136.0,0.21484992101105846,0.18462414966765864,0.24851589645998132,1.130922824309733,False,0.018633540372670808,71.47794342041016
OO,Skywest Airlines,SMX,Santa Maria,CA,Afternoon (12-17),332,326,70.0,0.2147239263803681,0.17360669177832636,0.2624862692065828,1.1302596162297969,False,0.02108433734939759,74.97142791748047
EV,Atlantic Southeast Airlines,DEN,Denver,CO,Afternoon (12-17),1373,1351,290.0,0.2146558105107328,0.1935867561360644,0.23734302930896473,1.129901069243576,True,0.016751638747268753,62.77586364746094
DL,Delta Air Lines,CLT,Charlotte,NC,Evening (17-21),1326,1319,283.0,0.21455648218347234,0.1932475909153355,0.23752325874648345,1.1293782267315997,True,0.005279034690799397,64.18374633789062
WN,Southwest Airlines,SDF,Louisville,KY,Afternoon (12-17),1157,1147,246.0,0.21447253705318223,0.19169195800651043,0.2391593424678555,1.1289363579918394,True,0.00864304235090752,60.796749114990234
VX,Virgin America,LAX,Los Angeles,CA,Late morning (09-12),2038,2024,434.0,0.21442687747035574,0.19709596209029917,0.23283978831545254,1.1286960159701904,True,0.007360157016683023,61.44700622558594
EV,Atlantic Southeast Airlines,MYR,Myrtle Beach,SC,Evening (17-21),241,238,51.0,0.21428571428571427,0.1669101017678661,0.27073834250309464,1.1279529639517767,False,0.016597510373443983,66.2549057006836
DL,Delta Air Lines,RIC,Richmond,VA,Evening (17-21),564,560,120.0,0.21428571428571427,0.18230714674733972,0.25015757384085374,1.1279529639517767,False,0.0070921985815602835,68.05000305175781
WN,Southwest Airlines,OMA,Omaha,NE,Afternoon (12-17),1516,1508,323.0,0.21419098143236073,0.19422392931350516,0.23561051895144533,1.1274543110057327,True,0.005277044854881266,48.35293960571289
WN,Southwest Airlines,IND,Indianapolis,IN,Afternoon (12-17),3345,3327,712.0,0.21400661256387135,0.20040412701077906,0.22826879457156216,1.1264838337512584,True,0.0053811659192825115,55.98174285888672
MQ,American Eagle Airlines,MOB,Mobile,AL,Afternoon (12-17),246,243,52.0,0.2139917695473251,0.16708631257508197,0.26979952838527477,1.1264057033702242,False,0.012195121951219513,55.42307662963867
EV,Atlantic Southeast Airlines,CHS,Charleston,SC,Afternoon (12-17),1131,1080,231.0,0.21388888888888888,0.19046960485366116,0.2393363741750087,1.1258641621666807,True,0.04774535809018567,79.54545593261719
F9,Frontier Airlines,RSW,Ft. Myers,FL,Late morning (09-12),322,318,68.0,0.2138364779874214,0.17232688679733496,0.2621775402251507,1.1255882826856305,False,0.012422360248447204,59.07352828979492
B6,JetBlue Airways,ANC,Anchorage,AK,Overnight (00-05),248,248,53.0,0.21370967741935484,0.16726016482041384,0.26889335389928937,1.1249208323282505,False,0.0,49.90565872192383
AA,American Airlines,ATL,Atlanta,GA,Evening (17-21),1704,1676,358.0,0.21360381861575178,0.19464823725803643,0.23386930868200934,1.1243636148222564,True,0.01643192488262911,60.25698471069336
DL,Delta Air Lines,BOS,Boston,MA,Afternoon (12-17),4199,4125,881.0,0.21357575757575759,0.20133836823194182,0.22634614260034583,1.124215907667169,True,0.018575851393188854,64.12940216064453
DL,Delta Air Lines,PVD,Providence,RI,Evening (17-21),267,267,57.0,0.21348314606741572,0.16857654817608253,0.2665176175650739,1.1237284210156278,False,0.0,72.0526351928711
DL,Delta Air Lines,DAY,Dayton,OH,Evening (17-21),287,286,61.0,0.21328671328671328,0.1697748505545743,0.26439884983901996,1.1226944419753115,False,0.003484320557491289,70.73770141601562
EV,Atlantic Southeast Airlines,SGF,Springfield,MO,Afternoon (12-17),503,497,106.0,0.21327967806841047,0.17953665177705788,0.25142116003410164,1.122657410130407,False,0.013916500994035786,75.66981506347656
OO,Skywest Airlines,GRR,Grand Rapids,MI,Evening (17-21),427,422,90.0,0.2132701421800948,0.17686549654569733,0.25484807958213984,1.1226072153074556,False,0.0117096018735363,67.83333587646484
AA,American Airlines,RSW,Ft. Myers,FL,Evening (17-21),566,558,119.0,0.2132616487455197,0.18129510348097197,0.24914934919038587,1.1225625077321744,False,0.014134275618374558,86.57142639160156
B6,JetBlue Airways,SWF,Newburgh,NY,Afternoon (12-17),352,347,74.0,0.2132564841498559,0.1734198007432558,0.2593726617241369,1.122535322434237,False,0.014204545454545454,66.40540313720703
EV,Atlantic Southeast Airlines,MCI,Kansas City,MO,Evening (17-21),503,483,103.0,0.21325051759834368,0.17905766819205882,0.2519687683326753,1.122503915816744,False,0.039761431411530816,70.69902801513672
MQ,American Eagle Airlines,JAN,Jackson,MS,Evening (17-21),304,291,62.0,0.21305841924398625,0.16990848863768862,0.263685685318768,1.1214927522452947,False,0.04276315789473684,64.7258071899414
AA,American Airlines,OKC,Oklahoma City,OK,Afternoon (12-17),395,385,82.0,0.21298701298701297,0.17502927511304528,0.2566158986543705,1.1211168853823719,False,0.02531645569620253,60.63414764404297
US,US Airways,DFW,Dallas-Fort Worth,TX,Late morning (09-12),445,437,93.0,0.2128146453089245,0.17702739876892717,0.2536070967051842,1.120209579759888,False,0.017977528089887642,54.462364196777344
NK,Spirit Air Lines,MSY,New Orleans,LA,Afternoon (12-17),337,329,70.0,0.2127659574468085,0.1719879963437338,0.2601743295193794,1.1199532975407713,False,0.026706231454005934,54.91428756713867
EV,Atlantic Southeast Airlines,ATL,Atlanta,GA,Afternoon (12-17),21877,21676,4611.0,0.21272374976933014,0.20732688697177443,0.2182224214696673,1.1197311255911762,True,0.009507702152946017,56.91324996948242
MQ,American Eagle Airlines,BHM,Birmingham,AL,Afternoon (12-17),462,456,97.0,0.21271929824561403,0.17763819135693648,0.25260039514763377,1.1197076937474508,False,0.015151515151515152,85.25772857666016
OO,Skywest Airlines,BOI,Boise,ID,Afternoon (12-17),1456,1444,307.0,0.2126038781163435,0.19227714913946184,0.23445571998102763,1.119100147521869,True,0.008928571428571428,74.0618896484375
MQ,American Eagle Airlines,AMA,Amarillo,TX,Afternoon (12-17),530,508,108.0,0.2125984251968504,0.17924399276266484,0.2502670122044969,1.1190714445505816,False,0.045283018867924525,50.72222137451172
AS,Alaska Airlines,FLL,Ft. Lauderdale,FL,Evening (17-21),334,334,71.0,0.2125748502994012,0.17209343798489668,0.2595928907561465,1.1189473514651358,False,0.0,45.73239517211914
EV,Atlantic Southeast Airlines,MSP,Minneapolis,MN,Afternoon (12-17),1888,1855,394.0,0.21239892183288409,0.19439016883071675,0.2315964241097468,1.1180213026339623,True,0.018538135593220338,74.90608978271484
MQ,American Eagle Airlines,EVV,Evansville,IN,Evening (17-21),270,245,52.0,0.21224489795918366,0.16568811889082308,0.26768636511828153,1.1172105547712836,False,0.09259259259259259,90.09615325927734
NK,Spirit Air Lines,LBE,Latrobe,PA,Afternoon (12-17),494,476,101.0,0.21218487394957983,0.17783385593660506,0.25114437354579083,1.1168946015600927,False,0.038461538461538464,67.83168029785156
EV,Atlantic Southeast Airlines,MLU,Monroe,LA,Evening (17-21),501,495,105.0,0.21212121212121213,0.1783943651093423,0.2502819922754468,1.1165594996694357,False,0.013972055888223553,80.5999984741211
WN,Southwest Airlines,SFO,San Francisco,CA,Late morning (09-12),3026,2857,606.0,0.21211060553027652,0.19751181704550294,0.22748256223086108,1.1165036689029137,True,0.05584930601454065,53.412540435791016
EV,Atlantic Southeast Airlines,MEI,Meridian,MS,Evening (17-21),252,250,53.0,0.212,0.16588878550725972,0.26682831050852335,1.1159214656696244,False,0.007936507936507936,76.94339752197266
DL,Delta Air Lines,MDW,Chicago,IL,Evening (17-21),438,434,92.0,0.2119815668202765,0.1761415340398691,0.252875717861275,1.1158244374576716,False,0.0091324200913242,71.76087188720703
EV,Atlantic Southeast Airlines,PNS,Pensacola,FL,Evening (17-21),445,434,92.0,0.2119815668202765,0.1761415340398691,0.252875717861275,1.1158244374576716,False,0.024719101123595506,52.09782791137695
F9,Frontier Airlines,RDU,Raleigh,NC,Evening (17-21),341,340,72.0,0.21176470588235294,0.171680267158032,0.2582898120877602,1.114682929081756,False,0.005865102639296188,75.80555725097656
AA,American Airlines,LAX,Los Angeles,CA,Evening (17-21),3669,3637,770.0,0.2117129502337091,0.19874364272265355,0.22529062451929394,1.1144104987077401,True,0.009266830198964295,70.25843811035156
B6,JetBlue Airways,SEA,Seattle,WA,Evening (17-21),389,388,82.0,0.211340206185567,0.17364751361944658,0.2546929178201964,1.1124484558562198,False,0.002570694087403599,57.219512939453125
WN,Southwest Airlines,MCI,Kansas City,MO,Afternoon (12-17),5941,5910,1249.0,0.211336717428088,0.20111724422769586,0.22193121888974718,1.1124300918026377,True,0.0053862986029288,49.94155502319336
DL,Delta Air Lines,FLL,Ft. Lauderdale,FL,Evening (17-21),1918,1893,400.0,0.21130480718436345,0.19350846866899588,0.23027051213783586,1.11226212328402,True,0.013034410844629822,60.8125
OO,Skywest Airlines,MRY,Monterey,CA,Afternoon (12-17),659,639,135.0,0.2112676056338028,0.1813896738376646,0.24459644778234255,1.1120663024876671,False,0.03338391502276176,65.66666412353516
DL,Delta Air Lines,AUS,Austin,TX,Evening (17-21),287,284,60.0,0.2112676056338028,0.16780534993869245,0.26243683882068075,1.1120663024876671,False,0.010452961672473868,64.81666564941406
B6,JetBlue Airways,PHL,Philadelphia,PA,Late morning (09-12),330,322,68.0,0.2111801242236025,0.17013783565334958,0.25903265700320494,1.1116058195466785,False,0.024242424242424242,51.57352828979492
OO,Skywest Airlines,FAT,Fresno,CA,Afternoon (12-17),1972,1961,414.0,0.211116777154513,0.19362762506829198,0.22973556105317447,1.111272374479772,True,0.006085192697768763,63.157005310058594
OO,Skywest Airlines,STL,St Louis,MO,Afternoon (12-17),638,630,133.0,0.2111111111111111,0.18104293050697812,0.2446810989666317,1.1112425496710097,False,0.012539184952978056,67.51127624511719
AA,American Airlines,SDF,Louisville,KY,Afternoon (12-17),297,289,61.0,0.21107266435986158,0.16797104545915786,0.26175478584349854,1.111040174411554,False,0.030303030303030304,71.47541046142578
OO,Skywest Airlines,SFO,San Francisco,CA,Evening (17-21),7302,7117,1502.0,0.2110439792047211,0.20172087799581684,0.2206788563277216,1.1108891820513307,True,0.026978909887702,59.23701858520508
OO,Skywest Airlines,ACV,Arcata/Eureka,CA,Evening (17-21),323,308,65.0,0.21103896103896103,0.1691694481293218,0.26002793926222567,1.110862767528265,False,0.04643962848297214,53.03076934814453
MQ,American Eagle Airlines,SGF,Springfield,MO,Afternoon (12-17),1098,1057,223.0,0.2109744560075686,0.1874465501938805,0.23659564422986756,1.11052322720197,False,0.03825136612021858,63.89237594604492
B6,JetBlue Airways,BTV,Burlington,VT,Afternoon (12-17),249,242,51.0,0.21074380165289255,0.16408207770288472,0.2664455465885289,1.1093091133079456,False,0.028112449799196786,97.49019622802734
OO,Skywest Airlines,ORD,Chicago,IL,Late morning (09-12),6592,6440,1357.0,0.21071428571428572,0.2009278133542414,0.22084568275404284,1.1091537478859137,True,0.02487864077669903,58.419307708740234
MQ,American Eagle Airlines,AEX,Alexandria,LA,Evening (17-21),316,299,63.0,0.21070234113712374,0.16829502695346585,0.2604492406768729,1.1090908742535865,False,0.05379746835443038,54.0
B6,JetBlue Airways,SMF,Sacramento,CA,Evening (17-21),268,266,56.0,0.21052631578947367,0.165829780776113,0.263465035145524,1.1081643154613947,False,0.007462686567164179,50.58928680419922
EV,Atlantic Southeast Airlines,MEI,Meridian,MS,Afternoon (12-17),239,238,50.0,0.21008403361344538,0.1631405983060777,0.2662379701453384,1.1058362391684087,False,0.0041841004184100415,51.720001220703125
MQ,American Eagle Airlines,RST,Rochester,MN,Afternoon (12-17),333,319,67.0,0.21003134796238246,0.1689147386874496,0.2580488248681765,1.105558913465796,False,0.04504504504504504,69.3880615234375
F9,Frontier Airlines,DEN,Denver,CO,Afternoon (12-17),5677,5657,1188.0,0.2100053031642213,0.19958960698963216,0.220814595805938,1.1054218193651493,True,0.0035229874933943982,59.294612884521484
UA,United Air Lines,BIL,Billings,MT,Afternoon (12-17),301,300,63.0,0.21,0.16772109488365303,0.25961209451503364,1.1053939046727412,False,0.0033222591362126247,68.82539367675781
WN,Southwest Airlines,BUF,Buffalo,NY,Afternoon (12-17),1914,1896,398.0,0.20991561181434598,0.1921799161542039,0.22882444547257594,1.1049497037867968,True,0.009404388714733543,58.29145812988281
OO,Skywest Airlines,SJC,San Jose,CA,Evening (17-21),1307,1291,271.0,0.2099147947327653,0.18857646153442095,0.23297440615472345,1.1049454028487067,False,0.013006885998469778,55.38007354736328
B6,JetBlue Airways,PWM,Portland,ME,Afternoon (12-17),486,472,99.0,0.2097457627118644,0.1754331463447382,0.24874498352032617,1.1040556553934764,False,0.02880658436213992,97.44444274902344
DL,Delta Air Lines,LAX,Los Angeles,CA,Late morning (09-12),5846,5832,1223.0,0.20970507544581618,0.1994495435001266,0.22034279630566933,1.1038414865559167,True,0.002565856996236743,48.29926300048828
OO,Skywest Airlines,TUL,Tulsa,OK,Afternoon (12-17),525,520,109.0,0.20961538461538462,0.17682318359347374,0.24666666524632821,1.1033693737118022,False,0.013333333333333334,55.880733489990234
DL,Delta Air Lines,DTW,Detroit,MI,Evening (17-21),14666,14605,3061.0,0.2095857583019514,0.20306149491055575,0.21626275869761535,1.1032134273009115,True,0.004295649802263739,58.38222885131836
EV,Atlantic Southeast Airlines,TRI,Bristol,TN,Evening (17-21),277,272,57.0,0.20955882352941177,0.165403575747332,0.2618039230490787,1.1030716485704877,False,0.021660649819494584,69.10526275634766
WN,Southwest Airlines,BUR,Burbank,CA,Evening (17-21),3243,3212,673.0,0.20952677459526775,0.19580344261307878,0.2239440971911206,1.1029029500159444,True,0.009867406722170829,50.27934646606445
VX,Virgin America,DAL,Dallas,TX,Afternoon (12-17),1996,1967,412.0,0.20945602440264363,0.19204791944431565,0.22799679647805993,1.1025305365317486,True,0.01503006012024048,65.28640747070312
EV,Atlantic Southeast Airlines,GNV,Gainesville,FL,Afternoon (12-17),730,726,152.0,0.209366391184573,0.18133883290582392,0.24045351217288907,1.102058726946456,False,0.00821917808219178,67.0526351928711
MQ,American Eagle Airlines,ALO,Waterloo,IA,Afternoon (12-17),287,268,56.0,0.208955223880597,0.16456256440592223,0.2615738326723763,1.0998944325101903,False,0.06968641114982578,63.57143020629883
MQ,American Eagle Airlines,OKC,Oklahoma City,OK,Late morning (09-12),370,359,75.0,0.20891364902506965,0.17005167718770897,0.25393939770557783,1.0996755915964398,False,0.02972972972972973,61.85333251953125
OO,Skywest Airlines,CMX,Hancock,MI,Afternoon (12-17),334,316,66.0,0.2088607594936709,0.16767102034357104,0.25704421369727926,1.0993971927124913,False,0.05688622754491018,79.98484802246094
EV,Atlantic Southeast Airlines,SDF,Louisville,KY,Afternoon (12-17),895,862,180.0,0.2088167053364269,0.18300348319155205,0.23721379442597054,1.099165301298715,False,0.03687150837988827,68.17778015136719
DL,Delta Air Lines,JAX,Jacksonville,FL,Evening (17-21),850,843,176.0,0.20877817319098457,0.18269287921246607,0.23750565614526786,1.0989624765429726,False,0.00823529411764706,74.79545593261719
UA,United Air Lines,GRR,Grand Rapids,MI,Late morning (09-12),208,206,43.0,0.2087378640776699,0.15882371758365696,0.269316365221659,1.0987502982183974,False,0.009615384615384616,95.3720932006836
AA,American Airlines,RIC,Richmond,VA,Afternoon (12-17),323,321,67.0,0.2087227414330218,0.1678387389204533,0.25649607533978924,1.0986706959364139,False,0.006191950464396285,57.91044616699219
AA,American Airlines,STX,Christiansted,VI,Afternoon (12-17),279,278,58.0,0.20863309352517986,0.16499973855728672,0.26020931503877576,1.0981988090273893,False,0.0035842293906810036,71.5
EV,Atlantic Southeast Airlines,MKE,Milwaukee,WI,Late morning (09-12),456,441,92.0,0.20861678004535147,0.17329029594320988,0.24897596692429175,1.098112938450407,False,0.03289473684210526,60.60869598388672
MQ,American Eagle Airlines,SYR,Syracuse,NY,Late morning (09-12),293,283,59.0,0.20848056537102475,0.16521206754192871,0.2595575614100783,1.0973959343040844,False,0.034129692832764506,87.5762710571289
AA,American Airlines,STL,St Louis,MO,Evening (17-21),870,854,178.0,0.20843091334894615,0.1825234935440918,0.23694975186624978,1.0971345769585588,False,0.01839080459770115,59.78651809692383
EV,Atlantic Southeast Airlines,TYS,Knoxville,TN,Late morning (09-12),989,979,204.0,0.2083758937691522,0.1840981461154056,0.23493336415033816,1.0968449659674069,False,0.011122345803842264,67.73039245605469
AA,American Airlines,PBI,West Palm Beach,FL,Afternoon (12-17),1223,1210,252.0,0.20826446280991737,0.18632507500721432,0.23205043626213087,1.096258417857264,False,0.01062959934587081,56.64285659790039
EV,Atlantic Southeast Airlines,LGA,New York,NY,Late morning (09-12),2482,2358,491.0,0.2082273112807464,0.19231931533588384,0.2250844597521661,1.0960628603625266,True,0.05076551168412571,69.232177734375
US,US Airways,RDU,Raleigh,NC,Afternoon (12-17),367,365,76.0,0.20821917808219179,0.1697088605495029,0.2528074716646508,1.096020048990585,False,0.005449591280653951,53.46052551269531
EV,Atlantic Southeast Airlines,ORF,Norfolk,VA,Afternoon (12-17),559,538,112.0,0.20817843866171004,0.175998624019302,0.24449622170682905,1.0958056056235352,False,0.03756708407871199,69.45536041259766
DL,Delta Air Lines,SEA,Seattle,WA,Night (21-24),1616,1614,336.0,0.20817843866171004,0.1890749933440373,0.22866775724415386,1.0958056056235352,False,0.0012376237623762376,34.9523811340332
OO,Skywest Airlines,SBP,San Luis Obispo,CA,Evening (17-21),783,759,158.0,0.20816864295125165,0.18078951839497973,0.2384870391498631,1.095754043153856,False,0.03065134099616858,56.873416900634766
OO,Skywest Airlines,LAX,Los Angeles,CA,Afternoon (12-17),10898,10798,2246.0,0.2080014817558807,0.20045037589138306,0.21576028211345197,1.0948741433135663,True,0.009543035419342998,54.32413101196289
DL,Delta Air Lines,OGG,Kahului,HI,Night (21-24),654,654,136.0,0.20795107033639143,0.17859610526492475,0.2407169938154618,1.09460878866676,False,0.0,82.9117660522461
AA,American Airlines,DEN,Denver,CO,Afternoon (12-17),2071,2036,423.0,0.20776031434184675,0.190695810907204,0.22592555812458748,1.0936046909827146,True,0.017382906808305166,65.03073120117188
MQ,American Eagle Airlines,MAF,Midland,TX,Early morning (05-09),233,207,43.0,0.20772946859903382,0.15803636903899268,0.2680730894359952,1.0934423257632362,False,0.11158798283261803,83.55813598632812
EV,Atlantic Southeast Airlines,LFT,Lafayette,LA,Evening (17-21),734,713,148.0,0.20757363253856942,0.17940944577995765,0.23887208252420322,1.0926220389472097,False,0.02861035422343324,64.04729461669922
EV,Atlantic Southeast Airlines,AVL,Asheville,NC,Evening (17-21),223,212,44.0,0.20754716981132076,0.15839798183672718,0.267106647484034,1.0924827449595826,False,0.04932735426008968,66.68181610107422
EV,Atlantic Southeast Airlines,TLH,Tallahassee,FL,Afternoon (12-17),650,646,134.0,0.20743034055727555,0.17793690245650517,0.24038288501170252,1.0918677814104918,False,0.006153846153846154,68.63433074951172
UA,United Air Lines,BWI,Baltimore,MD,Afternoon (12-17),463,458,95.0,0.2074235807860262,0.17279789588834515,0.24691656898445974,1.0918321994584157,False,0.012958963282937365,64.07368469238281
UA,United Air Lines,OMA,Omaha,NE,Late morning (09-12),275,275,57.0,0.20727272727272728,0.16355656736517266,0.2590546929345818,1.0910381396769913,False,0.0036363636363636364,83.28070068359375
OO,Skywest Airlines,DLH,Duluth,MN,Evening (17-21),290,275,57.0,0.20727272727272728,0.16355656736517266,0.2590546929345818,1.0910381396769913,False,0.05172413793103448,69.29824829101562
B6,JetBlue Airways,RIC,Richmond,VA,Afternoon (12-17),752,748,155.0,0.2072192513368984,0.17970424168782922,0.23772623834945522,1.0907566540888394,False,0.006648936170212766,53.89677429199219
WN,Southwest Airlines,GRR,Grand Rapids,MI,Afternoon (12-17),682,676,140.0,0.20710059171597633,0.17824921133165625,0.23926216190587438,1.0901320558902774,False,0.008797653958944282,67.55714416503906
AS,Alaska Airlines,SFO,San Francisco,CA,Evening (17-21),1699,1695,351.0,0.20707964601769913,0.18846147217362527,0.22702258472726536,1.0900218023321595,False,0.002354326074161271,62.176639556884766
WN,Southwest Airlines,CAK,Akron,OH,Afternoon (12-17),1221,1198,248.0,0.20701168614357263,0.18502232628781484,0.23087407803035825,1.089664076472056,False,0.018837018837018837,60.040321350097656
DL,Delta Air Lines,DFW,Dallas-Fort Worth,TX,Evening (17-21),1063,1059,219.0,0.20679886685552407,0.1834862203806176,0.2322310417212797,1.0885438424539338,False,0.0037629350893697085,64.38356018066406
NK,Spirit Air Lines,LAS,Las Vegas,NV,Afternoon (12-17),1260,1253,259.0,0.20670391061452514,0.185194829723847,0.2300059402061107,1.0880440136443583,False,0.010317460317460317,66.6563720703125
AA,American Airlines,MSP,Minneapolis,MN,Afternoon (12-17),1859,1829,378.0,0.20667031164570804,0.18873707644312546,0.22583317338097278,1.087867156047531,False,0.016675632060247445,63.568782806396484
F9,Frontier Airlines,DEN,Denver,CO,Overnight (00-05),311,310,64.0,0.2064516129032258,0.1651195900689304,0.25497003476092006,1.0867159738718193,False,0.003215434083601286,34.375
UA,United Air Lines,IAD,Chantilly,VA,Afternoon (12-17),4572,4534,936.0,0.20644022937803264,0.1949095678121997,0.21846792866101344,1.086656053493904,True,0.010498687664041995,63.81623840332031
MQ,American Eagle Airlines,OMA,Omaha,NE,Afternoon (12-17),393,373,77.0,0.2064343163538874,0.1684518430219805,0.2504021263911629,1.0866249286327214,False,0.05343511450381679,79.48052215576172
MQ,American Eagle Airlines,MAF,Midland,TX,Afternoon (12-17),299,281,58.0,0.20640569395017794,0.16319704748477185,0.25753363230357373,1.086474266582257,False,0.06020066889632107,55.517242431640625
OO,Skywest Airlines,ORD,Chicago,IL,Night (21-24),3093,2948,608.0,0.2062415196743555,0.19202255190402825,0.2212250966147812,1.0856100892308371,True,0.05108309085030714,56.38815689086914
EV,Atlantic Southeast Airlines,VPS,Valparaiso,FL,Evening (17-21),264,257,53.0,0.20622568093385213,0.16126136415588244,0.25984324492487765,1.0855267175774557,False,0.026515151515151516,72.16981506347656
EV,Atlantic Southeast Airlines,ABY,Albany,GA,Afternoon (12-17),228,228,47.0,0.20614035087719298,0.15870928704270926,0.26330988466763094,1.0850775588892823,False,0.0,64.23403930664062
AA,American Airlines,PBI,West Palm Beach,FL,Evening (17-21),488,476,98.0,0.20588235294117646,0.1719812931973009,0.2444928099233956,1.0837195143850404,False,0.02663934426229508,58.275508880615234
MQ,American Eagle Airlines,MHK,Manhattan,KS,Afternoon (12-17),322,306,63.0,0.20588235294117646,0.16435817028900915,0.25469982579673267,1.0837195143850404,False,0.055900621118012424,76.4126968383789
DL,Delta Air Lines,ATL,Atlanta,GA,Evening (17-21),53603,53268,10947.0,0.20550799729668845,0.20209780784807896,0.2089606602338655,1.0817489884441027,True,0.0063988955842023765,57.66401672363281
OO,Skywest Airlines,MSY,New Orleans,LA,Afternoon (12-17),220,219,45.0,0.2054794520547945,0.1572631902489165,0.26385028228044966,1.0815987325564982,False,0.004545454545454545,70.15555572509766
EV,Atlantic Southeast Airlines,DEN,Denver,CO,Evening (17-21),1599,1529,314.0,0.2053629823413996,0.18586458245134552,0.22633821789019004,1.080985661550471,False,0.046278924327704814,55.6751594543457
UA,United Air Lines,PIT,Pittsburgh,PA,Afternoon (12-17),473,468,96.0,0.20512820512820512,0.17101492302087778,0.2440430116758509,1.0797498458341794,False,0.010570824524312896,64.09375
UA,United Air Lines,PDX,Portland,OR,Night (21-24),648,644,132.0,0.20496894409937888,0.17558374963197168,0.23785311518189642,1.078911530736482,False,0.006172839506172839,52.878787994384766
DL,Delta Air Lines,BNA,Nashville,TN,Evening (17-21),1026,1020,209.0,0.20490196078431372,0.18126018210151879,0.2307582394980724,1.078558945268921,False,0.005847953216374269,61.79425811767578
OO,Skywest Airlines,LNK,Lincoln,NE,Evening (17-21),293,288,59.0,0.2048611111111111,0.1622778028382119,0.2552144258228153,1.0783439215557495,False,0.020477815699658702,70.67796325683594
OO,Skywest Airlines,SMF,Sacramento,CA,Afternoon (12-17),1387,1367,280.0,0.20482809070958302,0.18427501037394892,0.22703553053756118,1.0781701094101352,False,0.014419610670511895,59.42499923706055
B6,JetBlue Airways,STX,Christiansted,VI,Afternoon (12-17),333,332,68.0,0.20481927710843373,0.164901346224128,0.25149019073853535,1.0781237165482846,False,0.003003003003003003,56.39706039428711
MQ,American Eagle Airlines,ROC,Rochester,NY,Afternoon (12-17),267,259,53.0,0.20463320463320464,0.1599863538953552,0.25791400890870625,1.077144271881877,False,0.03745318352059925,48.88679122924805
DL,Delta Air Lines,JAN,Jackson,MS,Evening (17-21),306,303,62.0,0.20462046204620463,0.16302741869788856,0.25360969960680024,1.0770771977009266,False,0.00980392156862745,56.629032135009766
DL,Delta Air Lines,HNL,Honolulu,HI,Afternoon (12-17),804,802,164.0,0.20448877805486285,0.17801423911125908,0.23378083327021143,1.0763840420753448,False,0.0024875621890547263,77.6219482421875
AA,American Airlines,MCI,Kansas City,MO,Evening (17-21),691,675,138.0,0.20444444444444446,0.1757323936609464,0.23650162381824175,1.0761506796813989,False,0.023154848046309694,65.31159210205078
AA,American Airlines,EGE,Eagle,CO,Afternoon (12-17),481,465,95.0,0.20430107526881722,0.17014701486120387,0.24330093856272433,1.0753960158106546,False,0.033264033264033266,120.62105560302734
MQ,American Eagle Airlines,CLE,Cleveland,OH,Late morning (09-12),345,328,67.0,0.20426829268292682,0.16417847898039778,0.25120524626682855,1.0752234554743563,False,0.04927536231884058,57.88059616088867
MQ,American Eagle Airlines,BUF,Buffalo,NY,Afternoon (12-17),251,245,50.0,0.20408163265306123,0.15836591478172418,0.2589340865042345,1.074240918049311,False,0.03187250996015936,59.2400016784668
WN,Southwest Airlines,OKC,Oklahoma City,OK,Afternoon (12-17),1885,1867,381.0,0.20407070166041777,0.1864055519570531,0.2229511781904912,1.074183379703406,False,0.009549071618037135,50.41732406616211
OO,Skywest Airlines,MLI,Moline,IL,Afternoon (12-17),207,201,41.0,0.20398009950248755,0.15407041994454715,0.2649928953195398,1.073706469831376,False,0.028985507246376812,54.85365676879883
AA,American Airlines,TUL,Tulsa,OK,Afternoon (12-17),416,407,83.0,0.20393120393120392,0.16763985249351626,0.24575937484860289,1.0734490942767931,False,0.021634615384615384,51.578311920166016
DL,Delta Air Lines,SAV,Savannah,GA,Evening (17-21),514,510,104.0,0.20392156862745098,0.17122704951079254,0.24104319096798538,1.0733983761528019,False,0.007782101167315175,59.221153259277344
OO,Skywest Airlines,ASE,Aspen,CO,Late morning (09-12),603,569,116.0,0.2038664323374341,0.17280095577919108,0.23890378074832375,1.0731081508246547,False,0.05970149253731343,70.51724243164062
OO,Skywest Airlines,ISN,Williston,ND,Evening (17-21),263,260,53.0,0.20384615384615384,0.15935639033562052,0.2569600662049705,1.0730014092977158,False,0.011406844106463879,71.58490753173828
EV,Atlantic Southeast Airlines,DTW,Detroit,MI,Evening (17-21),6641,6501,1325.0,0.20381479772342717,0.19419860738963204,0.21378082749776015,1.0728363575504003,True,0.02273753952717964,67.70641326904297
VX,Virgin America,SFO,San Francisco,CA,Afternoon (12-17),4756,4725,963.0,0.2038095238095238,0.1925661002354338,0.21553418377492511,1.0728085968252454,True,0.006518082422203532,55.34891128540039
MQ,American Eagle Airlines,DSM,Des Moines,IA,Afternoon (12-17),946,893,182.0,0.2038073908174692,0.1786812548117413,0.23147099503929142,1.072797369223265,False,0.05813953488372093,64.63186645507812
EV,Atlantic Southeast Airlines,BRO,Brownsville,TX,Evening (17-21),349,329,67.0,0.20364741641337386,0.16366859371888579,0.250467139314485,1.071955299074738,False,0.05730659025787966,67.2686538696289
VX,Virgin America,ORD,Chicago,IL,Afternoon (12-17),303,300,61.0,0.20333333333333334,0.16167315823454487,0.25249527689744494,1.0703020346831305,False,0.013201320132013201,68.39344024658203
DL,Delta Air Lines,MEM,Memphis,TN,Evening (17-21),598,596,121.0,0.20302013422818793,0.1726752165724592,0.2371689822960421,1.0686534233413367,False,0.0033444816053511705,63.04132080078125
EV,Atlantic Southeast Airlines,CAE,Columbia,SC,Afternoon (12-17),1028,1010,205.0,0.20297029702970298,0.17931170868446963,0.2288798668042458,1.0683910912678547,False,0.01848249027237354,77.58049011230469
UA,United Air Lines,CLE,Cleveland,OH,Afternoon (12-17),1651,1631,331.0,0.20294297976701411,0.1841323225120532,0.22314970407694473,1.0682472991932421,False,0.012113870381586917,77.15105438232422
US,US Airways,MCO,Orlando,FL,Evening (17-21),1007,996,202.0,0.20281124497991967,0.17900300211697473,0.22890321022706062,1.067553876189968,False,0.011916583912611719,64.17326354980469
AA,American Airlines,ORD,Chicago,IL,Late morning (09-12),8645,8467,1716.0,0.20266918625250974,0.19424233249337908,0.2113657242078582,1.0668061102309943,True,0.021515326778484674,61.74883270263672
WN,Southwest Airlines,MSY,New Orleans,LA,Afternoon (12-17),5970,5922,1200.0,0.20263424518743667,0.19259071447797016,0.21306332797905403,1.0666221881340678,True,0.008207705192629816,49.63333511352539
MQ,American Eagle Airlines,GJT,Grand Junction,CO,Afternoon (12-17),314,306,62.0,0.20261437908496732,0.16139347928221678,0.2512096056489222,1.0665176173313096,False,0.028662420382165606,69.74193572998047
OO,Skywest Airlines,PAH,Paducah,KY,Afternoon (12-17),334,311,63.0,0.20257234726688103,0.16165719113521898,0.25074574418209616,1.0662963710669529,False,0.0688622754491018,85.42857360839844
MQ,American Eagle Airlines,EVV,Evansville,IN,Afternoon (12-17),667,647,131.0,0.20247295208655333,0.1733064990485107,0.23515171874211616,1.0657731766551048,False,0.03298350824587706,66.36640930175781
OO,Skywest Airlines,DEN,Denver,CO,Night (21-24),3355,3255,659.0,0.20245775729646698,0.1890075626925318,0.2166094516477786,1.0656931946153705,False,0.03368107302533532,51.60091018676758
DL,Delta Air Lines,MDT,Harrisburg,PA,Evening (17-21),264,262,53.0,0.20229007633587787,0.1581112508478537,0.25507314166257355,1.0648105588450616,False,0.007575757575757576,79.4339599609375
EV,Atlantic Southeast Airlines,BDL,Windsor Locks,CT,Afternoon (12-17),568,549,111.0,0.20218579234972678,0.17071162591769573,0.23779887690987728,1.0642616308324597,False,0.03345070422535211,80.8558578491211
UA,United Air Lines,SAT,San Antonio,TX,Late morning (09-12),662,658,133.0,0.20212765957446807,0.1732122440969358,0.23450102143366847,1.0639556326637325,False,0.006042296072507553,68.5338363647461
B6,JetBlue Airways,SRQ,Sarasota,FL,Late morning (09-12),293,282,57.0,0.20212765957446807,0.15940343753974423,0.25285845855935396,1.0639556326637325,False,0.040955631399317405,63.73684310913086
WN,Southwest Airlines,ECP,Panama City,FL,Afternoon (12-17),663,658,133.0,0.20212765957446807,0.1732122440969358,0.23450102143366847,1.0639556326637325,False,0.007541478129713424,53.58646774291992
B6,JetBlue Airways,FLL,Ft. Lauderdale,FL,Late morning (09-12),3456,3421,691.0,0.20198772288804442,0.1888715355539774,0.21577246316409465,1.0632190366627192,False,0.010416666666666666,51.33429718017578
AA,American Airlines,SLC,Salt Lake City,UT,Afternoon (12-17),862,847,171.0,0.20188902007083825,0.1762290384281568,0.23024097902280005,1.0626994866983681,False,0.01740139211136891,66.46783447265625
OO,Skywest Airlines,CLE,Cleveland,OH,Late morning (09-12),221,218,44.0,0.2018348623853211,0.15392872693175003,0.2600675659186442,1.0624144125295023,False,0.013574660633484163,60.522727966308594
AA,American Airlines,MSY,New Orleans,LA,Evening (17-21),622,610,123.0,0.20163934426229507,0.17171109871238127,0.23530204604678784,1.0613852480464259,False,0.01929260450160772,73.0
MQ,American Eagle Airlines,LGA,New York,NY,Late morning (09-12),1785,1662,335.0,0.20156438026474127,0.18297544470375612,0.2215297615535495,1.060990654018017,False,0.07338935574229692,51.60298538208008
OO,Skywest Airlines,OMA,Omaha,NE,Evening (17-21),785,779,157.0,0.20154043645699615,0.17486559334219737,0.23114451138396946,1.0608646190697497,False,0.011464968152866241,59.06369400024414
EV,Atlantic Southeast Airlines,FSM,Fort Smith,AR,Evening (17-21),273,268,54.0,0.20149253731343283,0.15784135329290147,0.2535805924284304,1.0606124884919692,False,0.018315018315018316,79.87036895751953
MQ,American Eagle Airlines,FNT,Flint,MI,Evening (17-21),309,278,56.0,0.2014388489208633,0.1585066831084451,0.2525100014406065,1.060329884578169,False,0.10355987055016182,58.0
NK,Spirit Air Lines,TPA,Tampa,FL,Late morning (09-12),292,288,58.0,0.2013888888888889,0.15914034611669614,0.2514988499403431,1.0600669059361605,False,0.0136986301369863,87.22413635253906
EV,Atlantic Southeast Airlines,IND,Indianapolis,IN,Afternoon (12-17),1346,1296,261.0,0.2013888888888889,0.1804515632333611,0.22409126721613365,1.0600669059361605,False,0.04011887072808321,74.38314056396484
UA,United Air Lines,RNO,Reno,NV,Afternoon (12-17),398,393,79.0,0.2010178117048346,0.1643754181336231,0.24344876158947037,1.058113637091319,False,0.01256281407035176,61.64556884765625
US,US Airways,FLL,Ft. Lauderdale,FL,Evening (17-21),857,846,170.0,0.20094562647754138,0.17532251842182422,0.22927240844454716,1.0577336698996174,False,0.012835472578763127,60.329410552978516
US,US Airways,MIA,Miami,FL,Afternoon (12-17),432,428,86.0,0.20093457943925233,0.1657084118624308,0.24148163189435412,1.0576755207149058,False,0.009259259259259259,69.36046600341797
WN,Southwest Airlines,DSM,Des Moines,IA,Afternoon (12-17),330,329,66.0,0.2006079027355623,0.16090282202364015,0.2472240467331498,1.0559559662527271,False,0.0030303030303030303,54.8636360168457
OO,Skywest Airlines,EUG,Eugene,OR,Afternoon (12-17),1487,1476,296.0,0.2005420054200542,0.1809036961195418,0.2217350727865358,1.055609097248456,False,0.010759919300605245,70.96959686279297
US,US Airways,PHL,Philadelphia,PA,Afternoon (12-17),5050,4941,990.0,0.20036429872495445,0.18943794475682252,0.21175622089653223,1.0546736882123473,False,0.023366336633663366,60.11717224121094
OO,Skywest Airlines,DEN,Denver,CO,Late morning (09-12),12440,12319,2467.0,0.20025976134426496,0.1932866136443585,0.20741979485155204,1.0541234263865158,True,0.01117363344051447,55.33725357055664
EV,Atlantic Southeast Airlines,SYR,Syracuse,NY,Afternoon (12-17),288,275,55.0,0.2,0.15700134671679927,0.2512648517270485,1.052756099688325,False,0.04861111111111111,71.90908813476562
AA,American Airlines,ORF,Norfolk,VA,Afternoon (12-17),222,220,44.0,0.2,0.152494578536365,0.2578027031128012,1.052756099688325,False,0.009009009009009009,118.4772720336914
B6,JetBlue Airways,CHS,Charleston,SC,Afternoon (12-17),821,810,162.0,0.2,0.17389777831614142,0.22893441900579445,1.052756099688325,False,0.013398294762484775,70.3456802368164
F9,Frontier Airlines,AUS,Austin,TX,Night (21-24),215,215,43.0,0.2,0.1520082844411433,0.2585242651289567,1.052756099688325,False,0.0,71.13953399658203
MQ,American Eagle Airlines,SDF,Louisville,KY,Late morning (09-12),453,430,86.0,0.2,0.16492275627926775,0.24039015055124371,1.052756099688325,False,0.052980132450331126,64.3255844116211
DL,Delta Air Lines,MLB,Melbourne,FL,Evening (17-21),290,290,58.0,0.2,0.1580181193542863,0.2498261069227283,1.052756099688325,False,0.0,73.56896209716797
B6,JetBlue Airways,CLT,Charlotte,NC,Late morning (09-12),646,636,127.0,0.19968553459119498,0.17046031767526829,0.23251691919085607,1.0511008228020227,False,0.017027863777089782,49.7952766418457
EV,Atlantic Southeast Airlines,ROA,Roanoke,VA,Afternoon (12-17),574,561,112.0,0.19964349376114082,0.16865736488238503,0.23471519124662532,1.0508795291006452,False,0.02264808362369338,81.08036041259766
OO,Skywest Airlines,MRY,Monterey,CA,Late morning (09-12),293,286,57.0,0.1993006993006993,0.15712368718760722,0.2494487302983575,1.0490751343047993,False,0.023890784982935155,80.63157653808594
EV,Atlantic Southeast Airlines,DFW,Dallas-Fort Worth,TX,Late morning (09-12),3966,3861,769.0,0.19917119917119916,0.18687528880008106,0.21206514901760334,1.0483934740485907,False,0.02798789712556732,63.51495361328125
B6,JetBlue Airways,CLE,Cleveland,OH,Evening (17-21),233,231,46.0,0.19913419913419914,0.15274274124216144,0.25536893914155256,1.0481987139753886,False,0.008583690987124463,63.043479919433594
EV,Atlantic Southeast Airlines,CHA,Chattanooga,TN,Afternoon (12-17),833,829,165.0,0.19903498190591074,0.17327042020793795,0.22757603126614787,1.0476764562640146,False,0.004801920768307323,64.03636169433594
AS,Alaska Airlines,BRW,Barrow,AK,Late morning (09-12),217,206,41.0,0.19902912621359223,0.15023600130649134,0.25884208425900185,1.0476456331849835,False,0.05069124423963134,61.90243911743164
B6,JetBlue Airways,OAK,Oakland,CA,Evening (17-21),336,332,66.0,0.19879518072289157,0.15941790671902273,0.24506325344696028,1.046414195473335,False,0.011904761904761904,55.34848403930664
MQ,American Eagle Airlines,SGF,Springfield,MO,Evening (17-21),297,287,57.0,0.1986062717770035,0.15656391545723242,0.24861058502687994,1.0454198202479883,False,0.037037037037037035,63.64912414550781
DL,Delta Air Lines,DAL,Dallas,TX,Evening (17-21),279,277,55.0,0.19855595667870035,0.15584195480974056,0.24951679546087463,1.045154972614763,False,0.007168458781362007,49.672725677490234
WN,Southwest Airlines,RSW,Ft. Myers,FL,Afternoon (12-17),2348,2332,463.0,0.19854202401372212,0.18285310450184103,0.21522251843423476,1.0450816341245592,False,0.0068143100511073255,59.05831527709961
AA,American Airlines,EWR,Newark,NJ,Afternoon (12-17),1360,1331,264.0,0.19834710743801653,0.17780583949702908,0.2206246559265478,1.0440556360545372,False,0.023529411764705882,64.4772720336914
F9,Frontier Airlines,MEM,Memphis,TN,Evening (17-21),354,353,70.0,0.19830028328611898,0.16005091394781604,0.24304558601182988,1.0438091639969227,False,0.002824858757062147,71.88571166992188
AA,American Airlines,IAH,Houston,TX,Afternoon (12-17),1897,1861,369.0,0.19828049435787212,0.18079521439089077,0.21700886719973875,1.043704999422332,False,0.019504480759093307,73.08943176269531
F9,Frontier Airlines,PDX,Portland,OR,Evening (17-21),329,328,65.0,0.19817073170731708,0.15863325586687485,0.24469652557101604,1.0431272329228831,False,0.00303951367781155,83.07691955566406
EV,Atlantic Southeast Airlines,AGS,Augusta,GA,Afternoon (12-17),613,611,121.0,0.19803600654664485,0.16836528894230213,0.23148013465948408,1.042418069249487,False,0.0032626427406199023,67.52892303466797
AA,American Airlines,LAS,Las Vegas,NV,Evening (17-21),1218,1207,239.0,0.1980115990057995,0.1765031243098438,0.22143629237356058,1.0422895933119705,False,0.009852216748768473,70.51464080810547
EV,Atlantic Southeast Airlines,LFT,Lafayette,LA,Afternoon (12-17),1132,1112,220.0,0.19784172661870503,0.17548427733222963,0.22227970637298441,1.0413954223535589,False,0.019434628975265017,76.06363677978516
AA,American Airlines,PHX,Phoenix,AZ,Evening (17-21),4931,4914,971.0,0.1975986975986976,0.18670340024981538,0.2089664399499991,1.0401161709374884,False,0.004055972419387548,53.049434661865234
EV,Atlantic Southeast Airlines,SBN,South Bend,IN,Afternoon (12-17),252,248,49.0,0.1975806451612903,0.15280050304304924,0.2515870167312851,1.0400211468695146,False,0.015873015873015872,70.42857360839844
MQ,American Eagle Airlines,MLI,Moline,IL,Afternoon (12-17),426,410,81.0,0.1975609756097561,0.16190435347234905,0.23883254682960225,1.0399176106677357,False,0.03755868544600939,49.76543045043945
EV,Atlantic Southeast Airlines,CID,Cedar Rapids,IA,Afternoon (12-17),671,653,129.0,0.19754977029096477,0.16881833856662654,0.22981901935954624,1.039858628329203,False,0.028315946348733235,70.031005859375
AA,American Airlines,DAY,Dayton,OH,Evening (17-21),240,233,46.0,0.19742489270386265,0.15140002096968214,0.25326537564983065,1.0392013001215223,False,0.029166666666666667,59.934783935546875
DL,Delta Air Lines,LGA,New York,NY,Late morning (09-12),5333,5251,1036.0,0.19729575318986858,0.18675475680692566,0.208279338987703,1.0385215380661823,False,0.016126007875492218,60.111968994140625
AA,American Airlines,BWI,Baltimore,MD,Afternoon (12-17),1070,1055,208.0,0.1971563981042654,0.17426585414452395,0.2222444454130303,1.0377880034842255,False,0.014953271028037384,71.74038696289062
AS,Alaska Airlines,LAX,Los Angeles,CA,Night (21-24),763,761,150.0,0.19710906701708278,0.1703957043613186,0.2268651140878871,1.0375388630305435,False,0.002621231979030144,53.49333190917969
OO,Skywest Airlines,FAT,Fresno,CA,Late morning (09-12),1029,1020,201.0,0.19705882352941176,0.1738032693960451,0.22258773483742225,1.0372743923399672,False,0.008746355685131196,73.4527359008789
MQ,American Eagle Airlines,PNS,Pensacola,FL,Late morning (09-12),408,401,79.0,0.1970074812967581,0.16103153928198724,0.23873370223469478,1.0370041380969783,False,0.01715686274509804,64.12657928466797
MQ,American Eagle Airlines,TYR,Tyler,TX,Afternoon (12-17),279,264,52.0,0.19696969696969696,0.1534878747629006,0.24914412863014956,1.0368052496930473,False,0.053763440860215055,73.57691955566406
DL,Delta Air Lines,SEA,Seattle,WA,Late morning (09-12),3077,3072,605.0,0.19694010416666666,0.18325902599131325,0.21137820110126523,1.0366494796735621,False,0.0016249593760155996,49.540496826171875
OO,Skywest Airlines,SEA,Seattle,WA,Night (21-24),794,777,153.0,0.1969111969111969,0.17046974304059015,0.22633493539867328,1.036497318225957,False,0.021410579345088162,57.19607925415039
EV,Atlantic Southeast Airlines,PHF,Newport News,VA,Afternoon (12-17),520,513,101.0,0.1968810916179337,0.16477792411359873,0.23349032673927375,1.0363388505703783,False,0.013461538461538462,60.386138916015625
EV,Atlantic Southeast Airlines,FSM,Fort Smith,AR,Afternoon (12-17),321,315,62.0,0.19682539682539682,0.15668267679510212,0.24427378559876367,1.036045685407558,False,0.018691588785046728,71.38710021972656
US,US Airways,ATL,Atlanta,GA,Evening (17-21),821,813,160.0,0.1968019680196802,0.1709251622369253,0.22553065000378333,1.0359223613169248,False,0.010962241169305725,70.59375
OO,Skywest Airlines,COS,Colorado Springs,CO,Late morning (09-12),1027,1003,197.0,0.19641076769690927,0.1730017521338488,0.22213647020420316,1.0338631686869393,False,0.024342745861733205,86.44670104980469
EV,Atlantic Southeast Airlines,CVG,Covington,KY,Afternoon (12-17),1156,1090,214.0,0.1963302752293578,0.17383236248481437,0.22096117983429292,1.0334394740059705,False,0.05968858131487889,77.50934600830078
WN,Southwest Airlines,ROC,Rochester,NY,Afternoon (12-17),743,734,144.0,0.19618528610354224,0.16906945150479114,0.22646476613758632,1.0326762830730163,False,0.012113055181695828,67.60416412353516
OO,Skywest Airlines,SNA,Santa Ana,CA,Evening (17-21),597,576,113.0,0.19618055555555555,0.16580804917637187,0.23057882613578234,1.0326513825067771,False,0.035175879396984924,57.30088424682617
OO,Skywest Airlines,ORD,Chicago,IL,Early morning (05-09),6123,6017,1180.0,0.196111018780123,0.1862736052623412,0.20633622523045897,1.0322853561843306,False,0.018128368446839783,59.348304748535156
MQ,American Eagle Airlines,SPS,Wichita Falls,TX,Afternoon (12-17),264,255,50.0,0.19607843137254902,0.15201092186511378,0.24916725042249377,1.032113823223848,False,0.03787878787878788,55.65999984741211
EV,Atlantic Southeast Airlines,MDW,Chicago,IL,Late morning (09-12),462,454,89.0,0.1960352422907489,0.162131346024174,0.23504007745503802,1.0318864853773229,False,0.01948051948051948,76.97753143310547
MQ,American Eagle Airlines,TVC,Traverse City,MI,Afternoon (12-17),366,347,68.0,0.19596541786743515,0.15762501795169304,0.24096397491574345,1.0315189449395692,False,0.05737704918032787,75.60294342041016
EV,Atlantic Southeast Airlines,FAR,Fargo,ND,Afternoon (12-17),443,434,85.0,0.195852534562212,0.1612522418100648,0.23578997619754338,1.0309247519989357,False,0.020316027088036117,76.57646942138672
WN,Southwest Airlines,JAX,Jacksonville,FL,Afternoon (12-17),821,817,160.0,0.19583843329253367,0.1700760648283511,0.22444779945922885,1.0308505260105998,False,0.0060901339829476245,57.59375
US,US Airways,DEN,Denver,CO,Late morning (09-12),384,378,74.0,0.19576719576719576,0.1589111844377654,0.23874480694714398,1.0304755473139688,False,0.015625,56.202701568603516
MQ,American Eagle Airlines,GGG,Longview,TX,Evening (17-21),252,235,46.0,0.19574468085106383,0.1500807336480135,0.2511960958490255,1.0303570337375096,False,0.06746031746031746,47.434783935546875
NK,Spirit Air Lines,MCO,Orlando,FL,Late morning (09-12),944,935,183.0,0.19572192513368983,0.17155698156190757,0.22237698983433218,1.0302372526361683,False,0.009533898305084746,62.989070892333984
MQ,American Eagle Airlines,AZO,Kalamazoo,MI,Afternoon (12-17),397,373,73.0,0.19571045576407506,0.15863446318587343,0.2389904274843711,1.0301768803920606,False,0.060453400503778336,64.58904266357422
DL,Delta Air Lines,HSV,Huntsville,AL,Evening (17-21),232,230,45.0,0.1956521739130435,0.14956051520125518,0.25174361545813134,1.0298700975211874,False,0.008620689655172414,79.04444122314453
MQ,American Eagle Airlines,EYW,Key West,FL,Afternoon (12-17),314,307,60.0,0.19543973941368079,0.15496020106253774,0.24344721930848082,1.028751888946246,False,0.022292993630573247,65.0999984741211
EV,Atlantic Southeast Airlines,ATL,Atlanta,GA,Night (21-24),5172,5097,996.0,0.19540906415538553,0.18475438520612095,0.20652253662575878,1.0285904211198467,False,0.016241299303944315,55.6736946105957
DL,Delta Air Lines,SFO,San Francisco,CA,Night (21-24),1634,1628,318.0,0.19533169533169534,0.1767996913588422,0.21529816911977298,1.0281831686145189,False,0.0036719706242350062,51.559749603271484
OO,Skywest Airlines,MBS,Saginaw,MI,Evening (17-21),404,379,74.0,0.19525065963060687,0.15848352085382178,0.23813377465429442,1.0277566144714518,False,0.06435643564356436,75.8648681640625
OO,Skywest Airlines,ICT,Wichita,KS,Late morning (09-12),346,333,65.0,0.19519519519519518,0.15620137477413895,0.24114147124013005,1.0274646618579748,False,0.03757225433526012,62.153846740722656
AA,American Airlines,SJU,San Juan,PR,Afternoon (12-17),2158,2147,419.0,0.1951560316721006,0.17894228505603138,0.21245873675794136,1.0272585136688592,False,0.005097312326227989,79.94988250732422
EV,Atlantic Southeast Airlines,DHN,Dothan,AL,Afternoon (12-17),327,323,63.0,0.19504643962848298,0.1555237171776898,0.24173783092389817,1.0266816452068803,False,0.012232415902140673,51.904762268066406
EV,Atlantic Southeast Airlines,FSD,Sioux Falls,SD,Afternoon (12-17),668,646,126.0,0.19504643962848298,0.16633051955774875,0.22736788325302854,1.0266816452068803,False,0.03293413173652695,70.57142639160156
OO,Skywest Airlines,SBA,Santa Barbara,CA,Afternoon (12-17),2038,2006,391.0,0.19491525423728814,0.17816973422268784,0.2128270488073778,1.0259911141030287,False,0.01717369970559372,67.04092407226562
MQ,American Eagle Airlines,ROW,Roswell,NM,Late morning (09-12),326,313,61.0,0.19488817891373802,0.15481395551806018,0.2423611629007333,1.0258485955429364,False,0.04294478527607362,74.73770141601562
MQ,American Eagle Airlines,HPN,White Plains,NY,Evening (17-21),251,231,45.0,0.19480519480519481,0.14889757204883322,0.25069772963536585,1.025411785410706,False,0.0796812749003984,71.0888900756836
DL,Delta Air Lines,LIT,Little Rock,AR,Evening (17-21),309,308,60.0,0.19480519480519481,0.1544462328633823,0.24268359202207238,1.025411785410706,False,0.003236245954692557,95.26667022705078
UA,United Air Lines,PBI,West Palm Beach,FL,Late morning (09-12),496,488,95.0,0.19467213114754098,0.16198272741190015,0.23213114990144626,1.0247113675244965,False,0.016129032258064516,66.50526428222656
OO,Skywest Airlines,TUS,Tucson,AZ,Evening (17-21),910,894,174.0,0.19463087248322147,0.17000691555268282,0.22186799868608714,1.02449419097186,False,0.01868131868131868,57.195404052734375
EV,Atlantic Southeast Airlines,LAW,Lawton,OK,Afternoon (12-17),266,252,49.0,0.19444444444444445,0.15031885489788596,0.24774619785350402,1.0235128746969826,False,0.05639097744360902,68.12245178222656
NK,Spirit Air Lines,PHL,Philadelphia,PA,Early morning (05-09),572,561,109.0,0.19429590017825313,0.1636792357071752,0.2290708733499481,1.0227309702854495,False,0.02097902097902098,74.03669738769531
MQ,American Eagle Airlines,CID,Cedar Rapids,IA,Afternoon (12-17),1079,1025,199.0,0.19414634146341464,0.17109152459008725,0.21948521725238884,1.0219437260389106,False,0.051899907321594066,64.20100402832031
EV,Atlantic Southeast Airlines,MAF,Midland,TX,Evening (17-21),455,443,86.0,0.19413092550790068,0.15999234695162146,0.23352875761876768,1.0218625798329113,False,0.026373626373626374,62.604652404785156
DL,Delta Air Lines,DEN,Denver,CO,Evening (17-21),785,783,152.0,0.194125159642401,0.16794145527311116,0.22329561200955417,1.0218322295825375,False,0.0025477707006369425,56.3684196472168
MQ,American Eagle Airlines,BUF,Buffalo,NY,Late morning (09-12),247,237,46.0,0.1940928270042194,0.14878427028128197,0.24916027086111206,1.021662037672214,False,0.044534412955465584,66.6956558227539
OO,Skywest Airlines,PSP,Palm Springs,CA,Afternoon (12-17),1659,1640,318.0,0.19390243902439025,0.17549215873202872,0.2137433977838789,1.0206598771368516,False,0.011452682338758288,61.16352081298828
WN,Southwest Airlines,BHM,Birmingham,AL,Afternoon (12-17),1020,1016,197.0,0.19389763779527558,0.17075881726501296,0.219342547495946,1.0206346045206693,False,0.00392156862745098,55.928932189941406
MQ,American Eagle Airlines,LIT,Little Rock,AR,Late morning (09-12),613,588,114.0,0.19387755102040816,0.16395205019754316,0.22777708813947134,1.0205288721468455,False,0.04404567699836868,71.45613861083984
AA,American Airlines,HNL,Honolulu,HI,Afternoon (12-17),648,645,125.0,0.1937984496124031,0.1651426842575931,0.2260800733461117,1.0201124996979893,False,0.004629629629629629,86.49600219726562
MQ,American Eagle Airlines,GRB,Green Bay,WI,Evening (17-21),286,258,50.0,0.1937984496124031,0.15020282446355765,0.24637892572434228,1.0201124996979893,False,0.0979020979020979,57.220001220703125
US,US Airways,IAH,Houston,TX,Evening (17-21),458,449,87.0,0.19376391982182628,0.1598651239291823,0.23285851276850625,1.0199307424597357,False,0.019650655021834062,65.68965148925781
EV,Atlantic Southeast Airlines,LEX,Lexington,KY,Evening (17-21),941,929,180.0,0.193756727664155,0.1696227984403427,0.2204129804100002,1.019892884520444,False,0.01381509032943677,70.67778015136719
EV,Atlantic Southeast Airlines,RIC,Richmond,VA,Late morning (09-12),709,687,133.0,0.19359534206695778,0.16578602086158056,0.2248123449577331,1.0190433861611878,False,0.031029619181946404,80.36090087890625
EV,Atlantic Southeast Airlines,TVC,Traverse City,MI,Afternoon (12-17),320,310,60.0,0.1935483870967742,0.1534284696483256,0.24117058923997978,1.0187962255048306,False,0.03125,70.51667022705078
AA,American Airlines,TPA,Tampa,FL,Afternoon (12-17),2272,2254,436.0,0.19343389529724933,0.17765435864512627,0.21025664450053286,1.0181935658032601,False,0.008802816901408451,65.55046081542969
DL,Delta Air Lines,EWR,Newark,NJ,Afternoon (12-17),1493,1479,286.0,0.1933739012846518,0.17405038079917956,0.21428617517551118,1.017877770489726,False,0.010046885465505693,80.94405364990234
AA,American Airlines,DFW,Dallas-Fort Worth,TX,Late morning (09-12),27201,26609,5144.0,0.19331805028373858,0.18861753321173585,0.19810710727160136,1.0175837830803005,False,0.022535936178816954,54.883941650390625
EV,Atlantic Southeast Airlines,ROC,Rochester,NY,Afternoon (12-17),429,409,79.0,0.19315403422982885,0.15782114298612915,0.2341974907949626,1.0167204385742992,False,0.046620046620046623,67.97468566894531
B6,JetBlue Airways,SAV,Savannah,GA,Late morning (09-12),379,373,72.0,0.19302949061662197,0.15618713765109676,0.236130483333423,1.0160648683318954,False,0.021108179419525065,64.45833587646484
EV,Atlantic Southeast Airlines,MLU,Monroe,LA,Afternoon (12-17),902,881,170.0,0.19296254256526674,0.16825942519991652,0.2203317079475304,1.015712468484763,False,0.024390243902439025,64.77059173583984
B6,JetBlue Airways,BQN,Aguadilla,PR,Overnight (00-05),370,368,71.0,0.19293478260869565,0.1558733733755237,0.23634094583997023,1.0155663461667266,False,0.005405405405405406,61.140846252441406
AA,American Airlines,PSP,Palm Springs,CA,Afternoon (12-17),463,451,87.0,0.19290465631929046,0.15914307887531237,0.23185369890402885,1.015407767992065,False,0.02591792656587473,60.379310607910156
MQ,American Eagle Airlines,RIC,Richmond,VA,Late morning (09-12),349,332,64.0,0.1927710843373494,0.15394941420216737,0.2386213691671353,1.0147046743983856,False,0.05157593123209169,70.5625
EV,Atlantic Southeast Airlines,DCA,Arlington,VA,Afternoon (12-17),577,545,105.0,0.1926605504587156,0.16174603459681763,0.22787749248276234,1.0141228483236158,False,0.05719237435008666,54.39047622680664
MQ,American Eagle Airlines,LEX,Lexington,KY,Afternoon (12-17),362,348,67.0,0.1925287356321839,0.15454964906145344,0.23722210277232622,1.0134290040103127,False,0.049723756906077346,69.70149230957031
B6,JetBlue Airways,OAK,Oakland,CA,Afternoon (12-17),213,213,41.0,0.19248826291079812,0.14517808078312477,0.2506942979486315,1.0132159644887635,False,0.0,43.780487060546875
UA,United Air Lines,RSW,Ft. Myers,FL,Evening (17-21),563,552,106.0,0.19202898550724637,0.1613421004371692,0.2269728439642574,1.0107984290485728,False,0.019538188277087035,54.90565872192383
AA,American Airlines,DCA,Arlington,VA,Night (21-24),539,526,101.0,0.1920152091254753,0.160634806964458,0.22786167953263844,1.010725913198867,False,0.02411873840445269,53.613861083984375
WN,Southwest Airlines,ALB,Albany,NY,Afternoon (12-17),1201,1177,226.0,0.19201359388275277,0.17052709576494784,0.21550401967000976,1.010717410915724,False,0.019983347210657785,56.72123718261719
US,US Airways,BWI,Baltimore,MD,Evening (17-21),555,547,105.0,0.19195612431444242,0.16114455689492269,0.22706432202780208,1.0104149037227983,False,0.016216216216216217,61.5523796081543
EV,Atlantic Southeast Airlines,MEM,Memphis,TN,Late morning (09-12),1062,1037,199.0,0.1918997107039537,0.16908586906440073,0.21698786203935225,1.010117954860061,False,0.02448210922787194,70.57286071777344
EV,Atlantic Southeast Airlines,CAE,Columbia,SC,Late morning (09-12),667,662,127.0,0.19184290030211482,0.16365975116918785,0.22358189909718185,1.009818917374753,False,0.008995502248875561,64.97637939453125
AS,Alaska Airlines,TPA,Tampa,FL,Evening (17-21),334,334,64.0,0.19161676646706588,0.15300851283028993,0.2372382773814543,1.0086285985037844,False,0.0,47.34375
OO,Skywest Airlines,RDM,Redmond,OR,Afternoon (12-17),768,762,146.0,0.19160104986876642,0.16523119650375664,0.22106487307512232,1.008545869780154,False,0.0078125,68.47945404052734
DL,Delta Air Lines,SYR,Syracuse,NY,Evening (17-21),282,282,54.0,0.19148936170212766,0.14983248010906813,0.24143876942214076,1.007957967786694,False,0.0,63.01852035522461
VX,Virgin America,IAD,Chantilly,VA,Evening (17-21),657,653,125.0,0.19142419601837674,0.16308746131661875,0.2233704000612234,1.0076149499313984,False,0.0060882800608828,59.45600128173828
UA,United Air Lines,OGG,Kahului,HI,Evening (17-21),281,277,53.0,0.19133574007220217,0.14935931763081495,0.24175652845466528,1.0071493372469535,False,0.014234875444839857,47.69811248779297
OO,Skywest Airlines,SBP,San Luis Obispo,CA,Late morning (09-12),428,424,81.0,0.19103773584905662,0.15645772867615845,0.2311661021995676,1.0055807084287067,False,0.009345794392523364,64.543212890625
MQ,American Eagle Airlines,MSN,Madison,WI,Evening (17-21),633,582,111.0,0.19072164948453607,0.16087138106586987,0.2246280440347034,1.0039168991873202,False,0.08056872037914692,61.099098205566406
F9,Frontier Airlines,DTW,Detroit,MI,Afternoon (12-17),413,409,78.0,0.19070904645476772,0.15558117060279453,0.23159299014069634,1.0038505596050042,False,0.009685230024213076,73.42308044433594
F9,Frontier Airlines,STL,St Louis,MO,Afternoon (12-17),432,430,82.0,0.19069767441860466,0.15636780974994385,0.23050518721484703,1.0037906997028214,False,0.004629629629629629,87.70731353759766
MQ,American Eagle Airlines,BNA,Nashville,TN,Late morning (09-12),806,771,147.0,0.19066147859922178,0.16449304727394617,0.2198972590802816,1.0036001728546289,False,0.043424317617866005,71.52381134033203
AA,American Airlines,ELP,El Paso,TX,Afternoon (12-17),591,577,110.0,0.19064124783362218,0.16067660198181768,0.22469799928641107,1.003493682545197,False,0.025380710659898477,84.86363983154297
DL,Delta Air Lines,DAB,Daytona Beach,FL,Evening (17-21),300,299,57.0,0.19063545150501673,0.1501453598588646,0.23897423269380988,1.0034631719437213,False,0.0033333333333333335,56.175437927246094
DL,Delta Air Lines,DEN,Denver,CO,Late morning (09-12),1961,1957,373.0,0.19059785385794584,0.1738084053000814,0.20859963826651773,1.003265266182282,False,0.002039775624681285,60.12332534790039
OO,Skywest Airlines,ATL,Atlanta,GA,Afternoon (12-17),1252,1228,234.0,0.19055374592833876,0.16956539946662613,0.21347215990789087,1.0030330917225898,False,0.02156549520766773,77.33760833740234
EV,Atlantic Southeast Airlines,MOB,Mobile,AL,Evening (17-21),774,756,144.0,0.19047619047619047,0.16407634027222734,0.22000581579819573,1.0026248568460236,False,0.02454780361757106,63.71527862548828
US,US Airways,CLT,Charlotte,NC,Night (21-24),5345,5250,1000.0,0.19047619047619047,0.18008185694920154,0.2013231705643801,1.0026248568460236,False,0.01833489242282507,49.50899887084961
EV,Atlantic Southeast Airlines,GRR,Grand Rapids,MI,Afternoon (12-17),434,426,81.0,0.19014084507042253,0.15570944259948963,0.2301108223539257,1.0008596722389005,False,0.018433179723502304,60.08641815185547
EV,Atlantic Southeast Airlines,OMA,Omaha,NE,Evening (17-21),533,505,96.0,0.1900990099009901,0.15826505629661866,0.22661228077645082,1.000639461089893,False,0.0525328330206379,68.5625
DL,Delta Air Lines,BHM,Birmingham,AL,Evening (17-21),561,558,106.0,0.18996415770609318,0.15957810396258287,0.2245899604883228,0.9999296287362226,False,0.0053475935828877,71.0660400390625
AA,American Airlines,PHX,Phoenix,AZ,Night (21-24),2687,2680,509.0,0.18992537313432836,0.1755226496699841,0.2052157664869157,0.9997254752637266,False,0.003721622627465575,43.01375198364258
AA,American Airlines,SAT,San Antonio,TX,Evening (17-21),1179,1148,218.0,0.18989547038327526,0.16825511755935516,0.21360433255948055,0.9995680737458834,False,0.02714164546225615,70.27523040771484
AA,American Airlines,RDU,Raleigh,NC,Afternoon (12-17),1539,1522,289.0,0.18988173455978974,0.17096739430939306,0.210357639691515,0.9994957713860904,False,0.011695906432748537,68.99653625488281
AA,American Airlines,TUL,Tulsa,OK,Evening (17-21),329,316,60.0,0.189873417721519,0.15045419302697388,0.23674246932088838,0.9994519933749921,False,0.03951367781155015,90.6500015258789
F9,Frontier Airlines,SAN,San Diego,CA,Evening (17-21),382,380,72.0,0.18947368421052632,0.1532538403372971,0.23190920608601917,0.9973478839152553,False,0.005235602094240838,62.79166793823242
OO,Skywest Airlines,BUR,Burbank,CA,Afternoon (12-17),1526,1515,287.0,0.18943894389438945,0.17050148745804727,0.20994740201140105,0.9971650185166643,False,0.007208387942332897,71.60626983642578
EV,Atlantic Southeast Airlines,IAH,Houston,TX,Evening (17-21),12153,11834,2241.0,0.18936961297955046,0.1824116214518042,0.1965292151953089,0.9968000757991957,False,0.02847033654241751,55.872825622558594
DL,Delta Air Lines,MSP,Minneapolis,MN,Evening (17-21),17572,17533,3320.0,0.18935721211429876,0.18362608941812672,0.1952244329016963,0.99673480036652,False,0.0022194400182107897,49.034637451171875
US,US Airways,STL,St Louis,MO,Afternoon (12-17),339,338,64.0,0.1893491124260355,0.15116083514605544,0.23451955015520687,0.9966921653853964,False,0.0029498525073746312,43.84375
F9,Frontier Airlines,AUS,Austin,TX,Early morning (05-09),243,243,46.0,0.18930041152263374,0.14502604293600324,0.24324562602093103,0.9964358145198138,False,0.0,86.5434799194336
AS,Alaska Airlines,ATL,Atlanta,GA,Evening (17-21),334,333,63.0,0.1891891891891892,0.1507575156419036,0.2347103125598387,0.9958503645700372,False,0.0029940119760479044,42.52381134033203
OO,Skywest Airlines,SEA,Seattle,WA,Evening (17-21),3448,3405,643.0,0.18883994126284875,0.17604721073932633,0.20233399653061546,0.9940120001462451,False,0.014211136890951276,61.527217864990234
VX,Virgin America,MCO,Orlando,FL,Evening (17-21),334,334,63.0,0.18862275449101795,0.1502969315962828,0.2340299245398473,0.9928687766521627,False,0.0,64.36508178710938
NK,Spirit Air Lines,MCI,Kansas City,MO,Early morning (05-09),334,329,62.0,0.1884498480243161,0.14987822102260615,0.23421319062786058,0.9919586349646831,False,0.014970059880239521,81.91935729980469
OO,Skywest Airlines,MAF,Midland,TX,Afternoon (12-17),422,414,78.0,0.18840579710144928,0.15366684854247847,0.22887428666282422,0.9917267605759583,False,0.018957345971563982,62.29487228393555
OO,Skywest Airlines,SMF,Sacramento,CA,Late morning (09-12),1994,1948,367.0,0.18839835728952772,0.1716530360972452,0.20637026251469132,0.9916875990390536,False,0.023069207622868605,70.07084655761719
MQ,American Eagle Airlines,CVG,Covington,KY,Late morning (09-12),599,568,107.0,0.18838028169014084,0.15835659346342346,0.222590857718862,0.9915924530515032,False,0.05342237061769616,69.40187072753906
EV,Atlantic Southeast Airlines,TYR,Tyler,TX,Evening (17-21),461,446,84.0,0.18834080717488788,0.1547730034479714,0.2272316844243818,0.9913846678679292,False,0.03253796095444685,72.8452377319336
OO,Skywest Airlines,DVL,Devils Lake,ND,Afternoon (12-17),240,223,42.0,0.18834080717488788,0.14246500561308062,0.24477260865167505,0.9913846678679292,False,0.07083333333333333,62.35714340209961
B6,JetBlue Airways,PSE,Ponce,PR,Early morning (05-09),333,324,61.0,0.1882716049382716,0.14944935688655858,0.23439942862449314,0.99102040248438,False,0.02702702702702703,61.47541046142578
EV,Atlantic Southeast Airlines,CRW,Charleston,WV,Late morning (09-12),261,255,48.0,0.18823529411764706,0.145016419204405,0.24070828656159238,0.9908292702948941,False,0.022988505747126436,67.22916412353516
MQ,American Eagle Airlines,IND,Indianapolis,IN,Evening (17-21),581,542,102.0,0.1881918819188192,0.1575223784288487,0.22325035857031006,0.9906007580093095,False,0.07056798623063683,66.90196228027344
UA,United Air Lines,LAS,Las Vegas,NV,Late morning (09-12),2646,2626,494.0,0.18811881188118812,0.1736307883362378,0.20351801028342054,0.9902161333702066,False,0.008692365835222978,62.334007263183594
US,US Airways,MSY,New Orleans,LA,Afternoon (12-17),489,484,91.0,0.18801652892561985,0.1557136234406387,0.2252329788991372,0.9896777383433634,False,0.010224948875255624,53.230770111083984
EV,Atlantic Southeast Airlines,OMA,Omaha,NE,Late morning (09-12),1001,984,185.0,0.18800813008130082,0.16482567024876393,0.2136171894161864,0.9896335286704274,False,0.017982017982017984,68.61621856689453
DL,Delta Air Lines,ECP,Panama City,FL,Evening (17-21),325,325,61.0,0.18769230769230769,0.1489800645526046,0.23370144532935677,0.9879711089382741,False,0.0,69.57376861572266
DL,Delta Air Lines,SEA,Seattle,WA,Afternoon (12-17),3284,3282,616.0,0.18769043266301036,0.17469954834421209,0.20141158251492614,0.9879612391956248,False,0.0006090133982947625,47.61526107788086
AA,American Airlines,DEN,Denver,CO,Late morning (09-12),1437,1429,268.0,0.18754373687893633,0.16815215989582638,0.20861077049368776,0.9871890647882124,False,0.006263048016701462,57.79850769042969
WN,Southwest Airlines,PIT,Pittsburgh,PA,Afternoon (12-17),2557,2533,475.0,0.1875246742992499,0.1728009868603815,0.2031947394790163,0.987088723553009,False,0.009777082518576457,53.50105285644531
OO,Skywest Airlines,MOT,Minot,ND,Evening (17-21),340,336,63.0,0.1875,0.14938416436680185,0.23268089182408236,0.9869588434578046,False,0.014705882352941176,55.80952453613281
MQ,American Eagle Airlines,TOL,Toledo,OH,Evening (17-21),300,272,51.0,0.1875,0.14558544001850682,0.23811883083839075,0.9869588434578046,False,0.09333333333333334,58.431373596191406
EV,Atlantic Southeast Airlines,VPS,Valparaiso,FL,Late morning (09-12),516,512,96.0,0.1875,0.15606400439686605,0.22359052521067244,0.9869588434578046,False,0.007751937984496124,70.32291412353516
MQ,American Eagle Airlines,CVG,Covington,KY,Afternoon (12-17),1462,1403,263.0,0.18745545260156807,0.16789688140055808,0.20872092688716953,0.9867243557306823,False,0.041723666210670314,63.5665397644043
AA,American Airlines,BNA,Nashville,TN,Afternoon (12-17),1073,1057,198.0,0.18732261116367077,0.16494832402280196,0.2119614804192561,0.9860251075604936,False,0.016775396085740912,68.02525329589844
EV,Atlantic Southeast Airlines,LNK,Lincoln,NE,Evening (17-21),217,203,38.0,0.18719211822660098,0.13952650746931675,0.24647708175064673,0.9853382213831613,False,0.07373271889400922,75.78947448730469
OO,Skywest Airlines,IAH,Houston,TX,Late morning (09-12),3201,3174,594.0,0.18714555765595464,0.1739576607466374,0.2010898557815621,0.9850931367593968,False,0.008747266479225243,57.63131332397461
F9,Frontier Airlines,ORD,Chicago,IL,Late morning (09-12),500,497,93.0,0.18712273641851107,0.1552812418736561,0.2237639492606267,0.9849730107747909,False,0.01,62.11827850341797
OO,Skywest Airlines,GRB,Green Bay,WI,Evening (17-21),253,246,46.0,0.18699186991869918,0.14321732545941146,0.24039212949124533,0.9842841582451818,False,0.02766798418972332,54.84782791137695
UA,United Air Lines,BNA,Nashville,TN,Afternoon (12-17),215,214,40.0,0.18691588785046728,0.140373689582742,0.2445004575039485,0.9838842053161915,False,0.009302325581395349,80.94999694824219
MQ,American Eagle Airlines,DRO,Durango,CO,Late morning (09-12),309,305,57.0,0.18688524590163935,0.14712969172012458,0.2344303053787118,0.9837229128235168,False,0.012944983818770227,62.859649658203125
WN,Southwest Airlines,CRP,Corpus Christi,TX,Afternoon (12-17),366,364,68.0,0.18681318681318682,0.15011861590749365,0.2300493694427223,0.9833436095989848,False,0.00546448087431694,66.54412078857422
AA,American Airlines,MFE,McAllen,TX,Afternoon (12-17),328,316,59.0,0.18670886075949367,0.14759981623771234,0.2333437508279852,0.9827944601520755,False,0.036585365853658534,68.6440658569336
B6,JetBlue Airways,DCA,Arlington,VA,Afternoon (12-17),3020,2968,554.0,0.18665768194070081,0.17304801245108814,0.20107744564869756,0.9825250660837804,False,0.017880794701986755,65.40071868896484
AA,American Airlines,SEA,Seattle,WA,Evening (17-21),438,434,81.0,0.18663594470046083,0.15278660125041574,0.22598416881802905,0.9824106460225152,False,0.0091324200913242,52.60493850708008
OO,Skywest Airlines,EAU,Eau Claire,WI,Afternoon (12-17),219,209,39.0,0.18660287081339713,0.13961408798392638,0.2449047278866553,0.9822365523407817,False,0.0502283105022831,85.07691955566406
MQ,American Eagle Airlines,SGF,Springfield,MO,Late morning (09-12),890,863,161.0,0.186558516801854,0.16197717917421045,0.21391802474770566,0.9820030825597933,False,0.03146067415730337,87.29192352294922
NK,Spirit Air Lines,RSW,Ft. Myers,FL,Late morning (09-12),522,520,97.0,0.18653846153846154,0.15539945028094512,0.22227502230771526,0.9818975160554569,False,0.0038314176245210726,62.32989501953125
AA,American Airlines,CMH,Columbus,OH,Afternoon (12-17),515,504,94.0,0.1865079365079365,0.15491850919979436,0.22284022501969455,0.9817368389950649,False,0.021359223300970873,44.585105895996094
EV,Atlantic Southeast Airlines,ORD,Chicago,IL,Night (21-24),2994,2858,533.0,0.18649405178446465,0.17263795533102166,0.20119181917501666,0.9816637528584276,False,0.04642618570474282,61.26078796386719
F9,Frontier Airlines,MIA,Miami,FL,Late morning (09-12),434,429,80.0,0.1864801864801865,0.15246367466977534,0.2260618644650953,0.9815907689401632,False,0.01152073732718894,88.57499694824219
OO,Skywest Airlines,RAP,Rapid City,SD,Afternoon (12-17),814,810,151.0,0.18641975308641975,0.16110235918804297,0.21469755076986527,0.9812726608205992,False,0.004914004914004914,55.52980041503906
DL,Delta Air Lines,LAX,Los Angeles,CA,Overnight (00-05),574,574,107.0,0.18641114982578397,0.15667419100810845,0.2203177043486814,0.9812273751450415,False,0.0,45.39252471923828
US,US Airways,EWR,Newark,NJ,Evening (17-21),346,338,63.0,0.1863905325443787,0.14848242886090235,0.23134729344322913,0.9811188503012497,False,0.028901734104046242,56.269840240478516
B6,JetBlue Airways,SAN,San Diego,CA,Evening (17-21),222,220,41.0,0.18636363636363637,0.1404500479189125,0.2430425647143067,0.9809772747095755,False,0.009009009009009009,46.92683029174805
EV,Atlantic Southeast Airlines,TYR,Tyler,TX,Afternoon (12-17),606,585,109.0,0.18632478632478633,0.15685490737587077,0.21988749669340701,0.980772776632713,False,0.036303630363036306,64.47706604003906
B6,JetBlue Airways,TPA,Tampa,FL,Late morning (09-12),1051,1031,192.0,0.18622696411251213,0.163644422392067,0.2111391193596368,0.9802578619794297,False,0.02093244529019981,55.609375
EV,Atlantic Southeast Airlines,STL,St Louis,MO,Evening (17-21),752,720,134.0,0.18611111111111112,0.15937483655295706,0.21617915205449514,0.9796480372099691,False,0.0425531914893617,57.544776916503906
OO,Skywest Airlines,OAK,Oakland,CA,Afternoon (12-17),813,806,150.0,0.18610421836228289,0.16074673493092922,0.214439721284706,0.9796117552931064,False,0.01107011070110701,61.83333206176758
AA,American Airlines,STL,St Louis,MO,Afternoon (12-17),1884,1861,346.0,0.18592154755507792,0.16889904634118647,0.20423806085333346,0.9786502162605063,False,0.012738853503184714,61.68497085571289
EV,Atlantic Southeast Airlines,CHO,Charlottesville,VA,Afternoon (12-17),356,355,66.0,0.18591549295774648,0.14888484562834065,0.2296710408686542,0.9786183461891471,False,0.0056179775280898875,70.1515121459961
EV,Atlantic Southeast Airlines,ORD,Chicago,IL,Afternoon (12-17),15561,15116,2808.0,0.18576342947869806,0.17964352395113978,0.1920430154104895,0.9778179174136069,False,0.02956108219266114,61.21652603149414
DL,Delta Air Lines,IAH,Houston,TX,Afternoon (12-17),922,921,171.0,0.18566775244299674,0.16187883416104248,0.21206801252059465,0.9773142944989336,False,0.0010845986984815619,71.61988067626953
UA,United Air Lines,KOA,Kailua/Kona,HI,Afternoon (12-17),659,652,121.0,0.18558282208588958,0.15761333546703105,0.21723571344965864,0.9768672397414673,False,0.012139605462822459,72.68595123291016
MQ,American Eagle Airlines,HOU,Houston,TX,Late morning (09-12),225,221,41.0,0.18552036199095023,0.13979966859682924,0.24198733167358338,0.9765384635117946,False,0.022222222222222223,70.56097412109375
DL,Delta Air Lines,VPS,Valparaiso,FL,Evening (17-21),223,221,41.0,0.18552036199095023,0.13979966859682924,0.24198733167358338,0.9765384635117946,False,0.008968609865470852,56.63414764404297
DL,Delta Air Lines,FLL,Ft. Lauderdale,FL,Afternoon (12-17),4203,4175,774.0,0.18538922155688622,0.17389217682816666,0.19746470829521307,0.9758481690524113,False,0.006899833452295979,63.87467575073242
WN,Southwest Airlines,ICT,Wichita,KS,Afternoon (12-17),521,518,96.0,0.18532818532818532,0.15422558654401647,0.22106377329237836,0.9755268877420771,False,0.005758157389635317,42.69791793823242
OO,Skywest Airlines,DTW,Detroit,MI,Evening (17-21),2574,2521,467.0,0.18524395081316938,0.1705613792971595,0.2008843383272649,0.9750834957446406,False,0.024864024864024864,69.0663833618164
OO,Skywest Airlines,DCA,Arlington,VA,Afternoon (12-17),729,713,132.0,0.18513323983169705,0.15833712850382162,0.21530413338722929,0.9745007374394031,False,0.02606310013717421,80.78030395507812
WN,Southwest Airlines,DTW,Detroit,MI,Afternoon (12-17),1413,1394,258.0,0.18507890961262555,0.16556667676081652,0.20632209804743076,0.9742147550917786,False,0.013446567586694975,52.33720779418945
F9,Frontier Airlines,SLC,Salt Lake City,UT,Afternoon (12-17),312,308,57.0,0.18506493506493507,0.14566688318899385,0.23222240419280515,0.9741411961401708,False,0.01282051282051282,57.596492767333984
WN,Southwest Airlines,MAF,Midland,TX,Afternoon (12-17),961,946,175.0,0.1849894291754757,0.16153696796855962,0.2109899881049583,0.9737437497117172,False,0.01664932362122789,54.14285659790039
NK,Spirit Air Lines,DEN,Denver,CO,Late morning (09-12),644,638,118.0,0.18495297805642633,0.15674196877673752,0.21693527495442605,0.9735518790221187,False,0.010869565217391304,67.2203369140625
OO,Skywest Airlines,OKC,Oklahoma City,OK,Evening (17-21),769,757,140.0,0.18494055482166447,0.15889754495308328,0.21416512669893994,0.9734864858412516,False,0.015604681404421327,73.78571319580078
VX,Virgin America,ORD,Chicago,IL,Early morning (05-09),265,265,49.0,0.18490566037735848,0.14278291528359743,0.23603345837286044,0.9733028091458098,False,0.0,36.224491119384766
OO,Skywest Airlines,SEA,Seattle,WA,Afternoon (12-17),3761,3742,691.0,0.18466060929983966,0.1725536203055812,0.19741439969825453,0.9720129140628441,False,0.0058495081095453335,57.209842681884766
UA,United Air Lines,CMH,Columbus,OH,Early morning (05-09),249,244,45.0,0.18442622950819673,0.14078559616418818,0.23784979030846215,0.9707791902863653,False,0.020080321285140562,98.68888854980469
EV,Atlantic Southeast Airlines,VLD,Valdosta,GA,Late morning (09-12),219,217,40.0,0.18433179723502305,0.13838759110195076,0.2412582727208073,0.9702821195284101,False,0.0091324200913242,56.17499923706055
US,US Airways,RSW,Ft. Myers,FL,Evening (17-21),569,559,103.0,0.18425760286225404,0.15431059189759289,0.21851472876100808,0.9698915766359345,False,0.01757469244288225,53.485435485839844
F9,Frontier Airlines,MCO,Orlando,FL,Early morning (05-09),1150,1140,210.0,0.18421052631578946,0.1627804157481756,0.20776179918787846,0.9696437760287203,False,0.009565217391304347,72.63333129882812
OO,Skywest Airlines,LAX,Los Angeles,CA,Late morning (09-12),6370,6327,1165.0,0.1841314999209736,0.17477353183163352,0.19387281054407846,0.9692277984328265,False,0.007221350078492936,53.78798294067383
MQ,American Eagle Airlines,DFW,Dallas-Fort Worth,TX,Late morning (09-12),10228,9804,1805.0,0.18410852713178294,0.17656078048129037,0.19190373468787797,0.9691068747130898,False,0.04389910050840829,49.32188415527344
AA,American Airlines,PHL,Philadelphia,PA,Night (21-24),492,490,90.0,0.1836734693877551,0.15189354397926488,0.22037481089403863,0.9668168262443801,False,0.006097560975609756,51.46666717529297
WN,Southwest Airlines,CMH,Columbus,OH,Afternoon (12-17),2933,2899,532.0,0.18351155570886513,0.1698425950005017,0.1980181935454528,0.9659645481790081,False,0.011592226389362428,54.97744369506836
EV,Atlantic Southeast Airlines,LAN,Lansing,MI,Evening (17-21),238,218,40.0,0.1834862385321101,0.13773800392440438,0.24019652233216793,0.9658312841177293,False,0.08403361344537816,68.8499984741211
NK,Spirit Air Lines,DEN,Denver,CO,Night (21-24),334,327,60.0,0.1834862385321101,0.14529088395419557,0.2290320548781641,0.9658312841177293,False,0.020958083832335328,54.43333435058594
EV,Atlantic Southeast Airlines,MKE,Milwaukee,WI,Afternoon (12-17),913,883,162.0,0.18346545866364666,0.1593257210147819,0.2103475103717475,0.9657219034513513,False,0.033953997809419496,64.3827133178711
MQ,American Eagle Airlines,JFK,New York,NY,Late morning (09-12),256,229,42.0,0.18340611353711792,0.1386467569841223,0.23861228950928784,0.9654095237316518,False,0.12109375,57.0
WN,Southwest Airlines,BOI,Boise,ID,Afternoon (12-17),962,960,176.0,0.18333333333333332,0.1601344175041659,0.20905653669411728,0.9650264247142978,False,0.002079002079002079,59.60795593261719
DL,Delta Air Lines,RIC,Richmond,VA,Afternoon (12-17),977,971,178.0,0.18331616889804325,0.1602427208129634,0.2088855560270894,0.9649360748945511,False,0.006141248720573183,64.02809143066406
WN,Southwest Airlines,BUR,Burbank,CA,Afternoon (12-17),4281,4151,760.0,0.1830884124307396,0.17161806648682817,0.19514479638621138,0.9637372148435642,False,0.03036673674375146,47.35921096801758
AA,American Airlines,LAX,Los Angeles,CA,Afternoon (12-17),9299,9177,1680.0,0.18306636155606407,0.17528721084416377,0.19111074552619778,0.9636211438794736,False,0.013227228734272503,58.93452453613281
OO,Skywest Airlines,JAC,Jackson,WY,Evening (17-21),233,224,41.0,0.18303571428571427,0.13788421863786637,0.2388757760250924,0.9634598233754759,False,0.03862660944206009,71.65853881835938
DL,Delta Air Lines,ORF,Norfolk,VA,Evening (17-21),535,530,97.0,0.1830188679245283,0.15241843070937988,0.21818138766371054,0.9633711478279954,False,0.009345794392523364,68.24742126464844
AA,American Airlines,IAH,Houston,TX,Evening (17-21),1257,1230,225.0,0.18292682926829268,0.16231921307644812,0.20550887766064488,0.9628866765441997,False,0.021479713603818614,73.97777557373047
OO,Skywest Airlines,MKE,Milwaukee,WI,Late morning (09-12),1318,1263,231.0,0.1828978622327791,0.1625496191811679,0.205169281113865,0.9627342004275655,False,0.0417298937784522,68.66233825683594
UA,United Air Lines,KOA,Kailua/Kona,HI,Night (21-24),448,443,81.0,0.18284424379232506,0.14962697688731258,0.22151483264877359,0.9624519647263468,False,0.011160714285714286,68.03704071044922
UA,United Air Lines,DFW,Dallas-Fort Worth,TX,Late morning (09-12),868,848,155.0,0.18278301886792453,0.1582196597524966,0.21020752201463003,0.9621296901632687,False,0.024193548387096774,74.88387298583984
MQ,American Eagle Airlines,FWA,Fort Wayne,IN,Evening (17-21),316,290,53.0,0.18275862068965518,0.14252299297947094,0.23128929227898123,0.962001263508297,False,0.08860759493670886,76.05660247802734
DL,Delta Air Lines,LAS,Las Vegas,NV,Evening (17-21),865,865,158.0,0.18265895953757225,0.15833121217618437,0.20979296603995998,0.9614766690795106,False,0.0,62.04430389404297
OO,Skywest Airlines,AMA,Amarillo,TX,Afternoon (12-17),220,219,40.0,0.182648401826484,0.13709449383662353,0.23914405408261596,0.9614210956057762,False,0.004545454545454545,58.599998474121094
EV,Atlantic Southeast Airlines,MHT,Manchester,NH,Afternoon (12-17),732,712,130.0,0.18258426966292135,0.15593554431244983,0.21263985002059815,0.9610835179738921,False,0.028688524590163935,83.12307739257812
MQ,American Eagle Airlines,JFK,New York,NY,Early morning (05-09),297,274,50.0,0.18248175182481752,0.14124351712650174,0.23250037147765262,0.9605438865769388,False,0.08080808080808081,57.13999938964844
OO,Skywest Airlines,LAS,Las Vegas,NV,Late morning (09-12),423,422,77.0,0.18246445497630331,0.14853351761674086,0.22212449230995487,0.9604528397630453,False,0.002364066193853428,61.272727966308594
WN,Southwest Airlines,PBI,West Palm Beach,FL,Late morning (09-12),629,625,114.0,0.1824,0.1540945166595742,0.2145859268734237,0.9601135629157523,False,0.006359300476947536,61.05263137817383
F9,Frontier Airlines,LAS,Las Vegas,NV,Late morning (09-12),702,702,128.0,0.18233618233618235,0.1555270156554025,0.21260317106071058,0.9597776407414929,False,0.0,88.515625
OO,Skywest Airlines,FSD,Sioux Falls,SD,Afternoon (12-17),449,439,80.0,0.18223234624145787,0.14892840523134365,0.22104948302486355,0.9592310703310478,False,0.024498886414253896,80.9375
EV,Atlantic Southeast Airlines,FWA,Fort Wayne,IN,Afternoon (12-17),239,236,43.0,0.18220338983050846,0.13817575579964014,0.23641147177055616,0.9590786501397875,False,0.012552301255230125,60.55813980102539
B6,JetBlue Airways,SYR,Syracuse,NY,Late morning (09-12),320,313,57.0,0.18210862619808307,0.1432925220239622,0.22863338669509486,0.9585798351794652,False,0.021875,57.01754379272461
AA,American Airlines,JAX,Jacksonville,FL,Afternoon (12-17),831,824,150.0,0.1820388349514563,0.1571865736135201,0.20984209467278017,0.9582124693765094,False,0.00842358604091456,78.74666595458984
DL,Delta Air Lines,DEN,Denver,CO,Afternoon (12-17),2211,2203,401.0,0.1820245120290513,0.16646927361330335,0.19868679377277457,0.9581370766568731,False,0.003618272274988693,56.815460205078125
EV,Atlantic Southeast Airlines,PNS,Pensacola,FL,Afternoon (12-17),497,489,89.0,0.18200408997955012,0.1503269484655743,0.21863865833385174,0.9580295794709707,False,0.018108651911468814,55.60674285888672
EV,Atlantic Southeast Airlines,MSP,Minneapolis,MN,Late morning (09-12),2324,2292,417.0,0.18193717277486912,0.16667924257505348,0.1982595232352707,0.9576773419939606,False,0.01549053356282272,72.00239562988281
DL,Delta Air Lines,LAS,Las Vegas,NV,Afternoon (12-17),3067,3058,556.0,0.18181818181818182,0.16854975224578111,0.19588503758789283,0.9570509997166591,False,0.0029344636452559502,64.8705062866211
UA,United Air Lines,MIA,Miami,FL,Late morning (09-12),600,594,108.0,0.18181818181818182,0.15287756277576398,0.21484793508186256,0.9570509997166591,False,0.01,48.564815521240234
EV,Atlantic Southeast Airlines,MOB,Mobile,AL,Afternoon (12-17),1268,1250,227.0,0.1816,0.161214178262201,0.2039368902619252,0.9559025385169991,False,0.015772870662460567,68.38766479492188
DL,Delta Air Lines,ALB,Albany,NY,Afternoon (12-17),348,347,63.0,0.18155619596541786,0.14455591042716265,0.22553019110697703,0.9556719636940125,False,0.0028735632183908046,46.55555725097656
AA,American Airlines,SAN,San Diego,CA,Afternoon (12-17),1728,1702,309.0,0.18155111633372503,0.16396134442266608,0.20057519871240576,0.9556452256277685,False,0.015046296296296295,75.68284606933594
WN,Southwest Airlines,DAY,Dayton,OH,Afternoon (12-17),584,579,105.0,0.18134715025906736,0.15209562049884856,0.2147992614038845,0.9545715929816418,False,0.008561643835616438,57.03809356689453
AS,Alaska Airlines,ORD,Chicago,IL,Afternoon (12-17),334,331,60.0,0.18126888217522658,0.14350018989669538,0.22635110695530863,0.9541596069682703,False,0.008982035928143712,60.016666412353516
OO,Skywest Airlines,AUS,Austin,TX,Late morning (09-12),246,243,44.0,0.18106995884773663,0.1377387823566846,0.23432816259910885,0.9531125182363436,False,0.012195121951219513,49.59090805053711
EV,Atlantic Southeast Airlines,MCI,Kansas City,MO,Afternoon (12-17),841,812,147.0,0.1810344827586207,0.15607170457314826,0.20900112328951528,0.9529257798902941,False,0.034482758620689655,68.50340270996094
WN,Southwest Airlines,RIC,Richmond,VA,Afternoon (12-17),551,547,99.0,0.1809872029250457,0.15098283824816974,0.2154411936332277,0.9526769092243526,False,0.007259528130671506,60.62626266479492
AA,American Airlines,JFK,New York,NY,Afternoon (12-17),3779,3713,672.0,0.1809857258281713,0.1689334429476452,0.1936974531335868,0.9526691341106307,False,0.01746493781423657,62.28125
EV,Atlantic Southeast Airlines,FSD,Sioux Falls,SD,Late morning (09-12),300,293,53.0,0.18088737201365188,0.14103341837018485,0.22900097034083144,0.9521514212198161,False,0.02666666666666667,78.32075500488281
AA,American Airlines,MEM,Memphis,TN,Afternoon (12-17),279,271,49.0,0.18081180811808117,0.13955414972580754,0.23099237598209116,0.9517536694599248,False,0.03225806451612903,65.2448959350586
AA,American Airlines,AUS,Austin,TX,Afternoon (12-17),2216,2159,390.0,0.18063918480778138,0.16498261563470296,0.1974302397496211,0.9508450182455922,False,0.026173285198555957,64.9128189086914
EV,Atlantic Southeast Airlines,JAN,Jackson,MS,Afternoon (12-17),1494,1456,263.0,0.18063186813186813,0.16171927761028768,0.20122530487044168,0.9508065048696066,False,0.02677376171352075,73.19771575927734
OO,Skywest Airlines,JMS,Jamestown,ND,Night (21-24),276,244,44.0,0.18032786885245902,0.13716180622795038,0.23340390993914994,0.9492063193911127,False,0.11594202898550725,55.95454406738281
OO,Skywest Airlines,JMS,Jamestown,ND,Afternoon (12-17),241,233,42.0,0.18025751072961374,0.13621309535463458,0.23467445142768742,0.9488359696761728,False,0.03319502074688797,68.95237731933594
UA,United Air Lines,DSM,Des Moines,IA,Early morning (05-09),349,344,62.0,0.18023255813953487,0.1432150566484284,0.22431315159348406,0.94870462471913,False,0.017191977077363897,85.06451416015625
MQ,American Eagle Airlines,LFT,Lafayette,LA,Evening (17-21),296,283,51.0,0.18021201413427562,0.1398078298403019,0.22918188434341483,0.9485964855848865,False,0.04391891891891892,46.882354736328125
VX,Virgin America,LAX,Los Angeles,CA,Night (21-24),1574,1560,281.0,0.18012820512820513,0.16185090761283058,0.19997704222556736,0.9481553333731388,False,0.009529860228716646,47.09608459472656
MQ,American Eagle Airlines,DSM,Des Moines,IA,Late morning (09-12),504,472,85.0,0.18008474576271186,0.1480449179938428,0.21729010105451282,0.9479265728125806,False,0.06547619047619048,72.07058715820312
OO,Skywest Airlines,DSM,Des Moines,IA,Afternoon (12-17),256,250,45.0,0.18,0.1373327388520246,0.23235292338773436,0.9474804897194924,False,0.02734375,62.377777099609375
US,US Airways,DFW,Dallas-Fort Worth,TX,Afternoon (12-17),747,734,132.0,0.17983651226158037,0.15374163399455276,0.20926527697387187,0.9466199261502649,False,0.01740294511378849,48.65909194946289
EV,Atlantic Southeast Airlines,ATW,Appleton,WI,Afternoon (12-17),407,395,71.0,0.17974683544303796,0.1450211460206489,0.22064181391131407,0.9461478870616591,False,0.029484029484029485,55.66197204589844
OO,Skywest Airlines,DSM,Des Moines,IA,Late morning (09-12),313,306,55.0,0.17973856209150327,0.1407707440114495,0.22664796283746946,0.946104337955194,False,0.025559105431309903,80.9272689819336
WN,Southwest Airlines,IAD,Chantilly,VA,Afternoon (12-17),659,651,117.0,0.17972350230414746,0.15213409087735819,0.21107069024833697,0.9460250665401998,False,0.012139605462822459,59.0427360534668
EV,Atlantic Southeast Airlines,BTR,Baton Rouge,LA,Late morning (09-12),1164,1152,207.0,0.1796875,0.15859273899301107,0.2029114671196604,0.9458355583137295,False,0.011168384879725086,65.72463989257812
OO,Skywest Airlines,MSN,Madison,WI,Afternoon (12-17),330,323,58.0,0.17956656346749225,0.14155044127835048,0.22511524632078006,0.945198974952366,False,0.024242424242424242,66.01724243164062
AA,American Airlines,ONT,Ontario,CA,Late morning (09-12),303,301,54.0,0.17940199335548174,0.1401808115989918,0.22670349815400784,0.9443327140061387,False,0.006600660066006601,80.72222137451172
DL,Delta Air Lines,TPA,Tampa,FL,Afternoon (12-17),3839,3821,685.0,0.17927244176917037,0.16743388939222756,0.19175525977410648,0.9436507828925708,False,0.004688721021099245,68.9941635131836
MQ,American Eagle Airlines,LRD,Laredo,TX,Evening (17-21),225,212,38.0,0.1792452830188679,0.13346625033995754,0.23644205278603855,0.9435078251923666,False,0.057777777777777775,52.05263137817383
EV,Atlantic Southeast Airlines,ORF,Norfolk,VA,Late morning (09-12),499,491,88.0,0.17922606924643583,0.1478310330232563,0.2156016290649756,0.9434066881117371,False,0.01603206412825651,69.86363983154297
DL,Delta Air Lines,IAD,Chantilly,VA,Afternoon (12-17),492,491,88.0,0.17922606924643583,0.1478310330232563,0.2156016290649756,0.9434066881117371,False,0.0020325203252032522,65.61363983154297
EV,Atlantic Southeast Airlines,RDU,Raleigh,NC,Afternoon (12-17),503,491,88.0,0.17922606924643583,0.1478310330232563,0.2156016290649756,0.9434066881117371,False,0.02385685884691849,78.95454406738281
NK,Spirit Air Lines,PBI,West Palm Beach,FL,Afternoon (12-17),205,201,36.0,0.1791044776119403,0.13226856106642715,0.23797654539632257,0.9427666564373058,False,0.01951219512195122,52.72222137451172
NK,Spirit Air Lines,ATL,Atlanta,GA,Early morning (05-09),993,983,176.0,0.1790437436419125,0.15633996933737043,0.20424636994950196,0.9424469661502807,False,0.011077542799597181,61.125
MQ,American Eagle Airlines,PIA,Peoria,IL,Late morning (09-12),416,391,70.0,0.17902813299232737,0.1442068301704037,0.22009520892578072,0.9423647951174264,False,0.0625,60.35714340209961
EV,Atlantic Southeast Airlines,VLD,Valdosta,GA,Afternoon (12-17),353,352,63.0,0.17897727272727273,0.14246303333536656,0.22242291591845872,0.9420970778460863,False,0.0028328611898017,67.33333587646484
AS,Alaska Airlines,MCO,Orlando,FL,Evening (17-21),561,559,100.0,0.17889087656529518,0.14934340467405674,0.21282172313454875,0.9416423074135286,False,0.0053475935828877,54.540000915527344
EV,Atlantic Southeast Airlines,DAY,Dayton,OH,Afternoon (12-17),446,425,76.0,0.17882352941176471,0.14531749960031234,0.21808381221272075,0.9412878067801494,False,0.0515695067264574,85.5526351928711
NK,Spirit Air Lines,BWI,Baltimore,MD,Early morning (05-09),1105,1091,195.0,0.17873510540788268,0.15713955430989407,0.20258517664662057,0.940822362232921,False,0.013574660633484163,63.75384521484375
AA,American Airlines,PHL,Philadelphia,PA,Afternoon (12-17),5481,5440,972.0,0.1786764705882353,0.16872429619137597,0.18908214696450132,0.9405137214127315,False,0.008210180623973728,59.25
US,US Airways,FLL,Ft. Lauderdale,FL,Late morning (09-12),497,487,87.0,0.17864476386036962,0.1471786552899551,0.2151410828903459,0.9403468241569227,False,0.02012072434607646,46.58620834350586
US,US Airways,RIC,Richmond,VA,Evening (17-21),274,269,48.0,0.17843866171003717,0.13730883769149674,0.2286236300846781,0.9392619476773159,False,0.021897810218978103,46.45833206176758
DL,Delta Air Lines,SEA,Seattle,WA,Evening (17-21),1913,1913,341.0,0.17825405122843702,0.16175303102793412,0.19604471292753936,0.9382901986244611,False,0.0,51.495601654052734
DL,Delta Air Lines,PHL,Philadelphia,PA,Late morning (09-12),1097,1094,195.0,0.17824497257769653,0.15670342863985406,0.2020383060511979,0.9382424105997412,False,0.0027347310847766638,66.30256652832031
OO,Skywest Airlines,CID,Cedar Rapids,IA,Afternoon (12-17),846,836,149.0,0.17822966507177032,0.15377621558399326,0.20562679565050615,0.938161835248567,False,0.013002364066193853,74.328857421875
US,US Airways,JFK,New York,NY,Late morning (09-12),302,292,52.0,0.1780821917808219,0.1384660240957314,0.2260587756619768,0.9373855682156318,False,0.033112582781456956,59.403846740722656
AA,American Airlines,MKE,Milwaukee,WI,Afternoon (12-17),301,292,52.0,0.1780821917808219,0.1384660240957314,0.2260587756619768,0.9373855682156318,False,0.029900332225913623,100.5
OO,Skywest Airlines,ONT,Ontario,CA,Evening (17-21),1211,1185,211.0,0.1780590717299578,0.15732766315680463,0.20087110781487066,0.9372638693427703,False,0.021469859620148638,72.68246459960938
MQ,American Eagle Airlines,LGA,New York,NY,Early morning (05-09),1451,1303,232.0,0.1780506523407521,0.15823403618602763,0.1997600772551116,0.9372195515260605,False,0.10475534114403859,59.19827651977539
WN,Southwest Airlines,DSM,Des Moines,IA,Evening (17-21),269,264,47.0,0.17803030303030304,0.13660276034387228,0.22869374326124356,0.937112437222562,False,0.01858736059479554,63.10638427734375
UA,United Air Lines,ATL,Atlanta,GA,Early morning (05-09),858,849,151.0,0.17785630153121318,0.15360204179337844,0.2050127349717325,0.9361965315249532,False,0.011655011655011656,50.132450103759766
EV,Atlantic Southeast Airlines,MSP,Minneapolis,MN,Night (21-24),286,270,48.0,0.17777777777777778,0.13678956229108313,0.22780661301610178,0.9357831997229555,False,0.055944055944055944,64.85416412353516
WN,Southwest Airlines,SNA,Santa Ana,CA,Night (21-24),1134,1115,198.0,0.17757847533632287,0.156265081011278,0.20110597133429092,0.9347341154183334,False,0.02204585537918871,25.712121963500977
OO,Skywest Airlines,SAN,San Diego,CA,Late morning (09-12),1426,1409,250.0,0.177430801987225,0.15836763700061296,0.1982481364873705,0.9339567953232124,False,0.011921458625525946,57.459999084472656
EV,Atlantic Southeast Airlines,MKE,Milwaukee,WI,Evening (17-21),645,620,110.0,0.1774193548387097,0.14936164310866723,0.20944995265538574,0.9338965400460948,False,0.03875968992248062,70.15454864501953
WN,Southwest Airlines,SEA,Seattle,WA,Late morning (09-12),2219,2212,392.0,0.17721518987341772,0.16186557114213002,0.19368403132042872,0.9328218604833259,False,0.0031545741324921135,44.479591369628906
AS,Alaska Airlines,PHL,Philadelphia,PA,Evening (17-21),334,333,59.0,0.17717717717717718,0.13991742738341317,0.22180036519327567,0.9326217699941618,False,0.0029940119760479044,60.11864471435547
AS,Alaska Airlines,PSG,Petersburg,AK,Afternoon (12-17),664,655,116.0,0.17709923664122137,0.14977067029182414,0.2081933684088286,0.9322115081209595,False,0.01355421686746988,67.1637954711914
UA,United Air Lines,BWI,Baltimore,MD,Late morning (09-12),288,283,50.0,0.17667844522968199,0.1366588283851088,0.22535839645257172,0.9299965544949867,False,0.017361111111111112,74.37999725341797
UA,United Air Lines,PHX,Phoenix,AZ,Night (21-24),339,334,59.0,0.17664670658682635,0.13949037537455242,0.22115674445912117,0.9298294892456762,False,0.014749262536873156,47.830509185791016
US,US Airways,TPA,Tampa,FL,Evening (17-21),745,736,130.0,0.1766304347826087,0.1507782602172757,0.20584077823636093,0.929743838039961,False,0.012080536912751677,57.230770111083984
EV,Atlantic Southeast Airlines,LGA,New York,NY,Early morning (05-09),1237,1138,201.0,0.1766256590509666,0.15556720384505116,0.1998600287938718,0.9297186996368775,False,0.08407437348423606,76.27362823486328
MQ,American Eagle Airlines,BMI,Bloomington,IL,Afternoon (12-17),450,436,77.0,0.17660550458715596,0.14368023596381196,0.21517986276263867,0.9296126109633145,False,0.03333333333333333,65.67532348632812
AS,Alaska Airlines,SFO,San Francisco,CA,Night (21-24),539,538,95.0,0.17657992565055763,0.14668404790158934,0.2110618320751419,0.9294779690556773,False,0.0018552875695732839,72.3263168334961
F9,Frontier Airlines,SEA,Seattle,WA,Late morning (09-12),274,272,48.0,0.17647058823529413,0.13576271812062388,0.22618993876651713,0.9289024409014632,False,0.010948905109489052,43.04166793823242
MQ,American Eagle Airlines,CLL,College Station,TX,Late morning (09-12),398,374,66.0,0.17647058823529413,0.1411800708924238,0.2183398972635442,0.9289024409014632,False,0.06030150753768844,46.530303955078125
EV,Atlantic Southeast Airlines,FAY,Fayetteville,NC,Afternoon (12-17),551,544,96.0,0.17647058823529413,0.14673570045084108,0.2107428115862149,0.9289024409014632,False,0.012704174228675136,68.55208587646484
EV,Atlantic Southeast Airlines,STL,St Louis,MO,Late morning (09-12),920,907,160.0,0.17640573318632854,0.15297881248539086,0.2025622607374395,0.9285610581594927,False,0.014130434782608696,69.9124984741211
OO,Skywest Airlines,MBS,Saginaw,MI,Afternoon (12-17),700,675,119.0,0.17629629629629628,0.14940290023404096,0.2068534046241174,0.9279850063919308,False,0.03571428571428571,75.15126037597656
NK,Spirit Air Lines,DTW,Detroit,MI,Early morning (05-09),2576,2542,448.0,0.17623918174665618,0.16191862837759705,0.19153682619585324,0.9276843679393579,False,0.01358695652173913,64.03125
UA,United Air Lines,BDL,Windsor Locks,CT,Early morning (05-09),254,244,43.0,0.1762295081967213,0.13354693083327268,0.22894911502827764,0.9276334484958602,False,0.03937007874015748,82.60465240478516
OO,Skywest Airlines,MAF,Midland,TX,Evening (17-21),435,420,74.0,0.1761904761904762,0.14273591256100088,0.21551490566920595,0.927427992582572,False,0.034482758620689655,53.783782958984375
AA,American Airlines,PHX,Phoenix,AZ,Afternoon (12-17),8866,8823,1554.0,0.17613056783407005,0.1683233310804479,0.18421971217525074,0.9271126481444276,False,0.005075569591698624,60.57400131225586
OO,Skywest Airlines,DLH,Duluth,MN,Late morning (09-12),448,438,77.0,0.17579908675799086,0.14301270313915773,0.21422301210358993,0.9253678045205596,False,0.022321428571428572,60.74026107788086
OO,Skywest Airlines,SAN,San Diego,CA,Afternoon (12-17),1675,1661,292.0,0.17579771222155327,0.15824558501577723,0.19484602442021953,0.925360569262465,False,0.00955223880597015,58.359588623046875
WN,Southwest Airlines,GEG,Spokane,WA,Afternoon (12-17),941,940,165.0,0.17553191489361702,0.15254655682742035,0.20115855640344382,0.9239614704711363,False,0.0010626992561105207,47.254547119140625
DL,Delta Air Lines,BDL,Windsor Locks,CT,Evening (17-21),836,833,146.0,0.1752701080432173,0.15095781059656072,0.20256381165548798,0.9225833766776438,False,0.0035885167464114833,61.6301383972168
AA,American Airlines,DCA,Arlington,VA,Afternoon (12-17),4978,4867,853.0,0.17526196835833163,0.16483785147727778,0.18619832264096906,0.9225405311630791,False,0.023905182804339092,61.11606216430664
DL,Delta Air Lines,ELP,El Paso,TX,Afternoon (12-17),297,297,52.0,0.1750841750841751,0.13608795960793182,0.22237842270089783,0.9216046663938199,False,0.0,59.5
MQ,American Eagle Airlines,LEX,Lexington,KY,Evening (17-21),319,297,52.0,0.1750841750841751,0.13608795960793182,0.22237842270089783,0.9216046663938199,False,0.06896551724137931,64.90384674072266
AA,American Airlines,CLT,Charlotte,NC,Afternoon (12-17),12142,12081,2115.0,0.1750682890489198,0.16839518401759884,0.18194797645874533,0.9215210457912455,False,0.005929830340965244,54.790069580078125
MQ,American Eagle Airlines,GRR,Grand Rapids,MI,Late morning (09-12),726,692,121.0,0.17485549132947978,0.14837036836905498,0.2049307277424739,0.9204009253055443,False,0.046831955922865015,71.7272720336914
NK,Spirit Air Lines,SAN,San Diego,CA,Evening (17-21),602,595,104.0,0.17478991596638654,0.1463860056938779,0.20736630543480786,0.9200557509881159,False,0.011627906976744186,66.47115325927734
US,US Airways,FLL,Ft. Lauderdale,FL,Afternoon (12-17),631,618,108.0,0.17475728155339806,0.14685035905133292,0.20668275935052377,0.919883970601449,False,0.022187004754358162,49.296295166015625
OO,Skywest Airlines,PLN,Pellston,MI,Afternoon (12-17),270,269,47.0,0.17472118959107807,0.13401073265613897,0.22459147463189919,0.9196939904340385,False,0.003703703703703704,98.0851058959961
US,US Airways,PHX,Phoenix,AZ,Evening (17-21),5505,5489,959.0,0.1747130624886136,0.16489592840609318,0.18498519687521842,0.9196512111505772,False,0.0032697547683923707,46.875911712646484
AS,Alaska Airlines,ORD,Chicago,IL,Evening (17-21),667,664,116.0,0.1746987951807229,0.14771074074886997,0.20542928526927567,0.9195761111735369,False,0.004497751124437781,66.4137954711914
MQ,American Eagle Airlines,CMI,Champaign/Urbana,IL,Late morning (09-12),335,315,55.0,0.1746031746031746,0.13666948241839222,0.22037802957502395,0.9190727854421884,False,0.05970149253731343,73.49090576171875
EV,Atlantic Southeast Airlines,MYR,Myrtle Beach,SC,Late morning (09-12),213,212,37.0,0.17452830188679244,0.12935332743803332,0.23128892132216858,0.9186786718978307,False,0.004694835680751174,82.78378295898438
EV,Atlantic Southeast Airlines,PWM,Portland,ME,Afternoon (12-17),633,619,108.0,0.17447495961227788,0.14660953007116945,0.20635597512308862,0.9183978898734985,False,0.023696682464454975,73.0
EV,Atlantic Southeast Airlines,GTR,Columbus-Starkville-West Point,MS,Afternoon (12-17),309,304,53.0,0.17434210526315788,0.13582845827865472,0.22098361650266138,0.9176985737414675,False,0.019417475728155338,63.45283126831055
WN,Southwest Airlines,LBB,Lubbock,TX,Afternoon (12-17),841,826,144.0,0.17433414043583534,0.14998396880208792,0.2016995332060061,0.9176566486387335,False,0.0178359096313912,52.21527862548828
B6,JetBlue Airways,SJU,San Juan,PR,Late morning (09-12),1267,1262,220.0,0.17432646592709986,0.15439118347895983,0.19623846876188925,0.9176162517093166,False,0.003946329913180742,46.400001525878906
MQ,American Eagle Airlines,DAY,Dayton,OH,Late morning (09-12),342,327,57.0,0.1743119266055046,0.13703850897248016,0.21914886286951313,0.9175397199118429,False,0.043859649122807015,54.75438690185547
OO,Skywest Airlines,ABR,Aberdeen,SD,Afternoon (12-17),330,327,57.0,0.1743119266055046,0.13703850897248016,0.21914886286951313,0.9175397199118429,False,0.00909090909090909,56.175437927246094
DL,Delta Air Lines,SHV,Shreveport,LA,Evening (17-21),203,201,35.0,0.17412935323383086,0.12794990464337838,0.23253156005910394,0.916578693758492,False,0.009852216748768473,74.14286041259766
OO,Skywest Airlines,FAR,Fargo,ND,Afternoon (12-17),635,632,110.0,0.17405063291139242,0.14648313215115843,0.20555674696338838,0.9161643272604094,False,0.004724409448818898,67.64545440673828
F9,Frontier Airlines,IAD,Chantilly,VA,Late morning (09-12),317,316,55.0,0.17405063291139242,0.13622850497778094,0.21970268095925793,0.9161643272604094,False,0.0031545741324921135,70.65454864501953
OO,Skywest Airlines,SGU,St George,UT,Afternoon (12-17),572,569,99.0,0.17398945518453426,0.1450537651639243,0.20729774003402227,0.9158423011348346,False,0.006993006993006993,55.787879943847656
F9,Frontier Airlines,LAX,Los Angeles,CA,Night (21-24),231,230,40.0,0.17391304347826086,0.13039374726636654,0.2281463927258333,0.9154400866854999,False,0.004329004329004329,52.849998474121094
DL,Delta Air Lines,MCI,Kansas City,MO,Evening (17-21),1002,1001,174.0,0.17382617382617382,0.15160848186936493,0.19853784965194143,0.9149828239049378,False,0.000998003992015968,52.465518951416016
DL,Delta Air Lines,SDF,Louisville,KY,Evening (17-21),621,616,107.0,0.1737012987012987,0.14582975592909253,0.20561745251900132,0.9143255086578795,False,0.008051529790660225,84.83177947998047
OO,Skywest Airlines,BIS,Bismarck,ND,Evening (17-21),920,904,157.0,0.1736725663716814,0.15037183483819422,0.1997350560555476,0.9141742679815653,False,0.017391304347826087,64.02547454833984
EV,Atlantic Southeast Airlines,HSV,Huntsville,AL,Evening (17-21),344,334,58.0,0.17365269461077845,0.13679905838583123,0.21792812737222822,0.9140696673940546,False,0.029069767441860465,64.39655303955078
AS,Alaska Airlines,AUS,Austin,TX,Evening (17-21),334,334,58.0,0.17365269461077845,0.13679905838583123,0.21792812737222822,0.9140696673940546,False,0.0,69.75862121582031
DL,Delta Air Lines,MCO,Orlando,FL,Afternoon (12-17),5163,5131,891.0,0.17365036055349833,0.16353038693038996,0.18425864710719358,0.9140573814288613,False,0.006391632771644393,68.0796890258789
EV,Atlantic Southeast Airlines,CAK,Akron,OH,Evening (17-21),278,265,46.0,0.17358490566037735,0.13273410845884864,0.22376429059844005,0.9137128412389235,False,0.046762589928057555,70.8043441772461
EV,Atlantic Southeast Airlines,GRK,Killeen,TX,Afternoon (12-17),1202,1181,205.0,0.1735817104149026,0.1530476899535968,0.19623241634922034,0.9136960221681059,False,0.018302828618968387,80.29268646240234
MQ,American Eagle Airlines,DBQ,Dubuque,IA,Late morning (09-12),266,242,42.0,0.17355371900826447,0.13103818234427403,0.2262715650703214,0.9135486815477201,False,0.09022556390977443,60.19047546386719
OO,Skywest Airlines,LAR,Laramie,WY,Afternoon (12-17),246,242,42.0,0.17355371900826447,0.13103818234427403,0.2262715650703214,0.9135486815477201,False,0.02032520325203252,71.5
OO,Skywest Airlines,CHO,Charlottesville,VA,Afternoon (12-17),227,219,38.0,0.1735159817351598,0.12910517215371034,0.22918340592147848,0.9133500408254873,False,0.039647577092511016,77.02631378173828
AA,American Airlines,RSW,Ft. Myers,FL,Afternoon (12-17),1196,1182,205.0,0.17343485617597293,0.1529167214760347,0.19606884286915272,0.9129230136891143,False,0.011705685618729096,56.72195053100586
OO,Skywest Airlines,LNK,Lincoln,NE,Afternoon (12-17),503,496,86.0,0.17338709677419356,0.1426131350311019,0.20918151351355713,0.9126716186814108,False,0.013916500994035786,56.395347595214844
UA,United Air Lines,SAN,San Diego,CA,Night (21-24),791,773,134.0,0.17335058214747737,0.14829663514518587,0.20163519136873925,0.9124794137013942,False,0.022756005056890013,32.99253845214844
EV,Atlantic Southeast Airlines,GRB,Green Bay,WI,Afternoon (12-17),456,450,78.0,0.17333333333333334,0.14116231915259844,0.211034570687381,0.9123886197298816,False,0.013157894736842105,79.03845977783203
OO,Skywest Airlines,LAS,Las Vegas,NV,Afternoon (12-17),783,779,135.0,0.17329910141206675,0.14833888980662552,0.20146571945277003,0.9122084304102944,False,0.006385696040868455,72.1629638671875
EV,Atlantic Southeast Airlines,OKC,Oklahoma City,OK,Late morning (09-12),544,531,92.0,0.17325800376647835,0.14344352086765735,0.20776625787804978,0.9119921014249143,False,0.02389705882352941,75.13043212890625
AS,Alaska Airlines,FAI,Fairbanks,AK,Evening (17-21),306,306,53.0,0.17320261437908496,0.1349231431637973,0.21958574137591588,0.9117005438477324,False,0.0,57.377357482910156
EV,Atlantic Southeast Airlines,BQK,Brunswick,GA,Afternoon (12-17),410,410,71.0,0.17317073170731706,0.1396213253569496,0.21278790561451383,0.9115327204618423,False,0.007317073170731708,78.39436340332031
EV,Atlantic Southeast Airlines,BUF,Buffalo,NY,Afternoon (12-17),580,566,98.0,0.17314487632508835,0.14420338750005654,0.20649336752800743,0.911396623405087,False,0.02586206896551724,72.06122589111328
AA,American Airlines,LAS,Las Vegas,NV,Afternoon (12-17),3415,3386,586.0,0.17306556408741877,0.16069543706616574,0.18617669996820185,0.9109791411951541,False,0.00849194729136164,75.14675903320312
US,US Airways,CLT,Charlotte,NC,Afternoon (12-17),12426,12287,2126.0,0.1730284040042321,0.1664422366166168,0.17981896652182414,0.9107835386739557,False,0.011830033800096573,51.866886138916016
DL,Delta Air Lines,CLE,Cleveland,OH,Evening (17-21),291,289,50.0,0.17301038062283736,0.1337643797501606,0.220835513161229,0.9106886675504541,False,0.006872852233676976,59.91999816894531
OO,Skywest Airlines,ASE,Aspen,CO,Early morning (05-09),774,735,127.0,0.1727891156462585,0.14717609925128206,0.20180479191673012,0.9095239772817502,False,0.050387596899224806,75.37007904052734
AA,American Airlines,MCI,Kansas City,MO,Afternoon (12-17),1326,1308,226.0,0.172782874617737,0.15326009044616912,0.1942221055750578,0.9094911258775285,False,0.013574660633484163,83.69026184082031
EV,Atlantic Southeast Airlines,HSV,Huntsville,AL,Afternoon (12-17),856,845,146.0,0.1727810650887574,0.1487856789390815,0.19973823883309172,0.9094816009141743,False,0.012850467289719626,73.60273742675781
UA,United Air Lines,IAH,Houston,TX,Early morning (05-09),7694,7627,1317.0,0.1726760194047463,0.16435866029787277,0.18132294839912866,0.9089286634912311,False,0.008968027034052509,53.81245422363281
OO,Skywest Airlines,SBN,South Bend,IN,Late morning (09-12),563,556,96.0,0.17266187050359713,0.14351900523229025,0.20629708560483231,0.9088541867812878,False,0.012433392539964476,81.5
US,US Airways,AUS,Austin,TX,Afternoon (12-17),311,307,53.0,0.17263843648208468,0.1344750004750812,0.21889340323922213,0.9087308352358505,False,0.012861736334405145,59.47169876098633
US,US Airways,PBI,West Palm Beach,FL,Evening (17-21),447,435,75.0,0.1724137931034483,0.139823018146132,0.2107399184578728,0.9075483618002802,False,0.026845637583892617,43.7066650390625
EV,Atlantic Southeast Airlines,LIT,Little Rock,AR,Afternoon (12-17),626,609,105.0,0.1724137931034483,0.14448973489558248,0.20444480218545125,0.9075483618002802,False,0.02875399361022364,72.53333282470703
DL,Delta Air Lines,PNS,Pensacola,FL,Evening (17-21),293,290,50.0,0.1724137931034483,0.13329386176935037,0.2200992588779644,0.9075483618002802,False,0.010238907849829351,52.7599983215332
US,US Airways,LGA,New York,NY,Afternoon (12-17),2052,1899,327.0,0.1721958925750395,0.155880718972486,0.18983465744139943,0.9064013812482419,False,0.07846003898635477,58.66360855102539
OO,Skywest Airlines,TUL,Tulsa,OK,Evening (17-21),553,546,94.0,0.17216117216117216,0.14281297814790828,0.20609041512026205,0.9062186206108291,False,0.014466546112115732,85.19149017333984
AA,American Airlines,MIA,Miami,FL,Late morning (09-12),7344,7288,1254.0,0.1720636663007684,0.16357146880994383,0.18090140070493976,0.905705371164352,False,0.008033769063180828,52.165870666503906
DL,Delta Air Lines,JFK,New York,NY,Late morning (09-12),4449,4398,756.0,0.17189631650750342,0.16103309966538754,0.1833322223398387,0.9048244785861457,False,0.012137559002022926,64.63888549804688
DL,Delta Air Lines,GPT,Gulfport-Biloxi,MS,Evening (17-21),258,256,44.0,0.171875,0.13059745167900144,0.2228548053883812,0.9047122731696543,False,0.007751937984496124,77.5
EV,Atlantic Southeast Airlines,TRI,Bristol,TN,Afternoon (12-17),551,547,94.0,0.17184643510054845,0.14254778519137426,0.2057222074889171,0.9045619138089812,False,0.009074410163339383,58.59574508666992
EV,Atlantic Southeast Airlines,CMH,Columbus,OH,Late morning (09-12),464,460,79.0,0.17173913043478262,0.14002699755123893,0.20888866676175072,0.9039970856019313,False,0.010775862068965518,50.84810256958008
OO,Skywest Airlines,TUS,Tucson,AZ,Afternoon (12-17),2224,2207,379.0,0.17172632532850024,0.15656530601251883,0.1880281736831771,0.9039296823332016,False,0.008093525179856115,55.75725555419922
DL,Delta Air Lines,GRR,Grand Rapids,MI,Evening (17-21),567,565,97.0,0.17168141592920355,0.14282951498745103,0.20496783316711434,0.903693289112987,False,0.003527336860670194,58.46391677856445
MQ,American Eagle Airlines,MSN,Madison,WI,Afternoon (12-17),744,699,120.0,0.17167381974248927,0.14553150601011508,0.2014052717787921,0.9036533044534978,False,0.06048387096774194,70.68333435058594
OO,Skywest Airlines,XNA,Fayetteville/Springdale/Rogers,AR,Afternoon (12-17),608,600,103.0,0.17166666666666666,0.14360566764626623,0.20390533523925877,0.9036156522324789,False,0.013157894736842105,69.07766723632812
EV,Atlantic Southeast Airlines,LNK,Lincoln,NE,Late morning (09-12),273,268,46.0,0.17164179104477612,0.13121769146488443,0.22134644882858062,0.9034847124190848,False,0.02197802197802198,66.06521606445312
EV,Atlantic Southeast Airlines,DTW,Detroit,MI,Night (21-24),1008,974,167.0,0.17145790554414783,0.1490891587503176,0.1964081078826421,0.9025167795069315,False,0.03571428571428571,59.65269470214844
AA,American Airlines,COS,Colorado Springs,CO,Afternoon (12-17),286,280,48.0,0.17142857142857143,0.13180516014345672,0.21994595738124723,0.9023623711614214,False,0.02097902097902098,64.125
EV,Atlantic Southeast Airlines,BMI,Bloomington,IL,Late morning (09-12),219,216,37.0,0.1712962962962963,0.1269048678813671,0.22717552454663567,0.9016661038997228,False,0.0136986301369863,91.97297668457031
EV,Atlantic Southeast Airlines,ATW,Appleton,WI,Late morning (09-12),342,333,57.0,0.17117117117117117,0.13452241841098175,0.2153203563531804,0.901007472706224,False,0.03216374269005848,62.6315803527832
EV,Atlantic Southeast Airlines,IAH,Houston,TX,Night (21-24),4414,4271,731.0,0.17115429641770077,0.1601550936116687,0.18274453569857285,0.9009186477079906,False,0.03352967829632986,53.08892059326172
EV,Atlantic Southeast Airlines,BUF,Buffalo,NY,Late morning (09-12),548,532,91.0,0.17105263157894737,0.14144033225623662,0.20538156436395863,0.9003835063123832,False,0.029197080291970802,58.81318664550781
UA,United Air Lines,BZN,Bozeman,MT,Early morning (05-09),309,304,52.0,0.17105263157894737,0.13289280372378545,0.21742242332804904,0.9003835063123832,False,0.016181229773462782,106.25
MQ,American Eagle Airlines,SAF,Santa Fe,NM,Afternoon (12-17),393,380,65.0,0.17105263157894737,0.13653014000781144,0.21215952781349817,0.9003835063123832,False,0.03307888040712468,54.21538543701172
UA,United Air Lines,HNL,Honolulu,HI,Evening (17-21),1191,1171,200.0,0.1707941929974381,0.1503241551480449,0.19341716283048097,0.8990231423469898,False,0.020151133501259445,54.974998474121094
OO,Skywest Airlines,OMA,Omaha,NE,Afternoon (12-17),599,592,101.0,0.17060810810810811,0.14245283321997648,0.2030107933546031,0.8980436323354799,False,0.015025041736227046,87.09900665283203
MQ,American Eagle Airlines,MIA,Miami,FL,Afternoon (12-17),1182,1162,198.0,0.1703958691910499,0.1498721708431217,0.1930917446664981,0.8969264532628586,False,0.018612521150592216,65.11616516113281
F9,Frontier Airlines,MKE,Milwaukee,WI,Afternoon (12-17),271,270,46.0,0.17037037037037037,0.1302258692684152,0.2197633215630728,0.8967922330678324,False,0.0036900369003690036,43.58695602416992
DL,Delta Air Lines,DFW,Dallas-Fort Worth,TX,Afternoon (12-17),1603,1597,272.0,0.17031934877896054,0.15267860891625074,0.18954238284208436,0.8965236666099698,False,0.004366812227074236,69.14337921142578
OO,Skywest Airlines,INL,International Falls,MN,Afternoon (12-17),232,229,39.0,0.1703056768558952,0.12715621461714224,0.22433424069668487,0.8964517006079623,False,0.01293103448275862,80.4871826171875
UA,United Air Lines,OGG,Kahului,HI,Night (21-24),760,746,127.0,0.17024128686327078,0.144976019899511,0.19888540363313914,0.896112765820491,False,0.021052631578947368,62.89763641357422
AS,Alaska Airlines,EWR,Newark,NJ,Evening (17-21),334,329,56.0,0.1702127659574468,0.1334647021144845,0.21457352387649734,0.895962638032617,False,0.017964071856287425,60.73214340209961
OO,Skywest Airlines,SBA,Santa Barbara,CA,Late morning (09-12),934,917,156.0,0.17011995637949837,0.14718833979787996,0.19580398374614758,0.8954741087861434,False,0.020342612419700215,59.33333206176758
AA,American Airlines,MSY,New Orleans,LA,Afternoon (12-17),1527,1505,256.0,0.1700996677740864,0.1519627351133742,0.18991649197050262,0.8953673140206352,False,0.015062213490504257,61.0703125
US,US Airways,DCA,Arlington,VA,Afternoon (12-17),2695,2553,434.0,0.1699960830395613,0.1559233894895477,0.18506042429070363,0.8948220667151058,False,0.05640074211502783,52.89400863647461
EV,Atlantic Southeast Airlines,RST,Rochester,MN,Afternoon (12-17),619,612,104.0,0.16993464052287582,0.14225896227512214,0.20172819286347193,0.8944986467940016,False,0.011308562197092083,72.11538696289062
DL,Delta Air Lines,SAV,Savannah,GA,Afternoon (12-17),838,836,142.0,0.16985645933014354,0.14592517512063174,0.19680802599729336,0.8940871181563526,False,0.002386634844868735,55.41549301147461
DL,Delta Air Lines,MSP,Minneapolis,MN,Night (21-24),3510,3509,596.0,0.16984895981761186,0.15778718613992754,0.18263283165990718,0.8940476423685405,False,0.0002849002849002849,50.62751770019531
EV,Atlantic Southeast Airlines,OMA,Omaha,NE,Afternoon (12-17),768,748,127.0,0.1697860962566845,0.1445830579726044,0.1983636478228717,0.8937167423824685,False,0.029947916666666668,72.92913055419922
MQ,American Eagle Airlines,ORF,Norfolk,VA,Afternoon (12-17),245,218,37.0,0.16972477064220184,0.125715107267022,0.2251730940441839,0.8933939378088996,False,0.11836734693877551,58.16216278076172
AS,Alaska Airlines,JNU,Juneau,AK,Afternoon (12-17),1210,1202,204.0,0.16971713810316139,0.14955540300017667,0.19198331983041733,0.8933537617987449,False,0.00743801652892562,63.1274528503418
EV,Atlantic Southeast Airlines,LBB,Lubbock,TX,Late morning (09-12),356,348,59.0,0.16954022988505746,0.1337743884603807,0.2125223541647096,0.8924225557702754,False,0.025280898876404494,62.050846099853516
AA,American Airlines,SAT,San Antonio,TX,Afternoon (12-17),1086,1056,179.0,0.16950757575757575,0.14808471642595517,0.19332630197528516,0.8922506716108435,False,0.0285451197053407,69.94413757324219
DL,Delta Air Lines,ICT,Wichita,KS,Late morning (09-12),297,295,50.0,0.1694915254237288,0.13099011152885054,0.2164902928057535,0.8921661861765465,False,0.006734006734006734,72.0199966430664
F9,Frontier Airlines,CVG,Covington,KY,Early morning (05-09),671,667,113.0,0.16941529235382308,0.14285867929569884,0.19975811727744147,0.8917649120298404,False,0.005961251862891207,85.71681213378906
OO,Skywest Airlines,MSN,Madison,WI,Evening (17-21),632,614,104.0,0.16938110749185667,0.14178868735360634,0.2010849553405729,0.8915849704200797,False,0.028481012658227847,60.769229888916016
OO,Skywest Airlines,FAR,Fargo,ND,Evening (17-21),1000,987,167.0,0.1691995947315096,0.14710150527152258,0.19386278205755195,0.8906295270919465,False,0.015,60.3233528137207
OO,Skywest Airlines,OMA,Omaha,NE,Late morning (09-12),340,337,57.0,0.16913946587537093,0.13289577937360367,0.21284136069380596,0.8903130219916102,False,0.008823529411764706,83.71929931640625
WN,Southwest Airlines,HRL,Harlingen,TX,Evening (17-21),345,343,58.0,0.16909620991253643,0.13314268496017806,0.2123798821136677,0.8900853320980007,False,0.005797101449275362,54.13793182373047
EV,Atlantic Southeast Airlines,SHV,Shreveport,LA,Late morning (09-12),919,905,153.0,0.16906077348066298,0.14605161306364364,0.19486764063248999,0.8898988024989708,False,0.015233949945593036,85.06536102294922
WN,Southwest Airlines,DCA,Arlington,VA,Afternoon (12-17),5451,5313,897.0,0.16883116883116883,0.15899828686021725,0.17914261242856352,0.888690214022612,False,0.026784076316272245,61.17837142944336
US,US Airways,IAH,Houston,TX,Afternoon (12-17),857,848,143.0,0.16863207547169812,0.14493757528924567,0.19531535436340336,0.8876422302796608,False,0.010501750291715286,55.2657356262207
UA,United Air Lines,PHL,Philadelphia,PA,Late morning (09-12),443,439,74.0,0.16856492027334852,0.13645353359700574,0.20642662942290924,0.8872887400562192,False,0.009029345372460496,64.33783721923828
DL,Delta Air Lines,SRQ,Sarasota,FL,Afternoon (12-17),805,801,135.0,0.16853932584269662,0.14421046953743408,0.19603238073273085,0.887154016591285,False,0.004968944099378882,72.54814910888672
F9,Frontier Airlines,CLE,Cleveland,OH,Early morning (05-09),1031,1027,173.0,0.16845180136319376,0.1468063297569971,0.19256841026125598,0.8866933069429417,False,0.0038797284190106693,144.08670043945312
OO,Skywest Airlines,SBA,Santa Barbara,CA,Evening (17-21),1294,1254,211.0,0.1682615629984051,0.14857571041056236,0.1899737540053069,0.8856919339483117,False,0.03245749613601236,68.99052429199219
F9,Frontier Airlines,TPA,Tampa,FL,Late morning (09-12),217,214,36.0,0.16822429906542055,0.12405727319121237,0.22409294237826563,0.8854957847845724,False,0.013824884792626729,148.05555725097656
MQ,American Eagle Airlines,LRD,Laredo,TX,Afternoon (12-17),229,220,37.0,0.16818181818181818,0.12454747050749368,0.2232055834377962,0.8852721747379096,False,0.039301310043668124,56.10810852050781
MQ,American Eagle Airlines,CMH,Columbus,OH,Early morning (05-09),1859,1784,300.0,0.1681614349775785,0.15152279875402377,0.18622613828827353,0.8851648820249369,False,0.04142011834319527,88.76333618164062
UA,United Air Lines,ORD,Chicago,IL,Early morning (05-09),10054,9909,1665.0,0.16802906448683017,0.16079616008533276,0.17551927140506857,0.8844681128171668,False,0.015018897951064253,58.24324417114258
DL,Delta Air Lines,STL,St Louis,MO,Evening (17-21),1009,1006,169.0,0.1679920477137177,0.14616165093701766,0.1923484678776558,0.8842732646487422,False,0.002973240832507433,65.75739288330078
DL,Delta Air Lines,CHS,Charleston,SC,Evening (17-21),676,673,113.0,0.16790490341753342,0.14156691248481643,0.1980126878234388,0.8838145562019369,False,0.004437869822485207,81.84070587158203
DL,Delta Air Lines,BUF,Buffalo,NY,Evening (17-21),436,435,73.0,0.167816091954023,0.13563869538318202,0.2058093350678965,0.8833470721522727,False,0.0022935779816513763,54.94520568847656
US,US Airways,BWI,Baltimore,MD,Afternoon (12-17),444,441,74.0,0.16780045351473924,0.13582427862289853,0.20551430122215197,0.8832647548405448,False,0.009009009009009009,62.83783721923828
US,US Airways,MCO,Orlando,FL,Afternoon (12-17),1525,1502,252.0,0.1677762982689747,0.14973135328144166,0.18751633598414913,0.8831376069289544,False,0.015081967213114755,58.2023811340332
AA,American Airlines,SNA,Santa Ana,CA,Evening (17-21),626,608,102.0,0.16776315789473684,0.14016784509958616,0.1995305343502584,0.8830684388832989,False,0.02875399361022364,47.343135833740234
OO,Skywest Airlines,PHX,Phoenix,AZ,Evening (17-21),5189,5109,857.0,0.1677431982775494,0.15774800757023605,0.17823767991908496,0.8829633758395913,False,0.017151666987858933,61.56709289550781
AA,American Airlines,LGA,New York,NY,Afternoon (12-17),5514,5326,893.0,0.16766804355989487,0.15787537905523824,0.17793977912882492,0.8825677779024355,False,0.035908596300326445,60.19596862792969
EV,Atlantic Southeast Airlines,XNA,Fayetteville/Springdale/Rogers,AR,Afternoon (12-17),1119,1092,183.0,0.16758241758241757,0.1466030770964317,0.19089241495278417,0.8821170615520305,False,0.024128686327077747,80.60108947753906
MQ,American Eagle Airlines,RIC,Richmond,VA,Early morning (05-09),416,394,66.0,0.16751269035532995,0.13388747352382474,0.20755897149348868,0.8817500327338762,False,0.055288461538461536,92.42424011230469
OO,Skywest Airlines,LAS,Las Vegas,NV,Evening (17-21),618,609,102.0,0.16748768472906403,0.13993427816292273,0.19920980082910392,0.8816184086059864,False,0.014563106796116505,64.79412078857422
OO,Skywest Airlines,BUR,Burbank,CA,Evening (17-21),664,645,108.0,0.16744186046511628,0.14061408045124435,0.19820759806012106,0.8813771997390627,False,0.0286144578313253,66.1759262084961
MQ,American Eagle Airlines,MQT,Marquette,MI,Early morning (05-09),228,221,37.0,0.167420814479638,0.1239717564151949,0.22223463955423425,0.8812664182911317,False,0.03508771929824561,67.16216278076172
AS,Alaska Airlines,WRG,Wrangell,AK,Afternoon (12-17),233,227,38.0,0.16740088105726872,0.12445783931028193,0.22141396195950652,0.8811614931311971,False,0.02575107296137339,55.52631759643555
WN,Southwest Airlines,LBB,Lubbock,TX,Evening (17-21),238,233,39.0,0.16738197424892703,0.1249270147992749,0.220627144605154,0.8810619718421604,False,0.02100840336134454,61.07692337036133
NK,Spirit Air Lines,CLE,Cleveland,OH,Late morning (09-12),254,251,42.0,0.16733067729083664,0.12624245132635212,0.21844852534307704,0.8807919559145347,False,0.011811023622047244,54.47618865966797
EV,Atlantic Southeast Airlines,FSM,Fort Smith,AR,Late morning (09-12),271,269,45.0,0.16728624535315986,0.12743651461011482,0.21650517170164993,0.8805580759474838,False,0.007380073800738007,80.11111450195312
F9,Frontier Airlines,SNA,Santa Ana,CA,Afternoon (12-17),270,269,45.0,0.16728624535315986,0.12743651461011482,0.21650517170164993,0.8805580759474838,False,0.003703703703703704,58.55555725097656
OO,Skywest Airlines,GEG,Spokane,WA,Evening (17-21),298,293,49.0,0.16723549488054607,0.12887008968737404,0.2142138985406911,0.8802909365994526,False,0.016778523489932886,68.71428680419922
OO,Skywest Airlines,SBN,South Bend,IN,Afternoon (12-17),608,604,101.0,0.1672185430463576,0.1395806286835319,0.19906286001483955,0.8802017058652385,False,0.008223684210526315,72.29702758789062
AA,American Airlines,ATL,Atlanta,GA,Afternoon (12-17),1684,1657,277.0,0.16716958358479178,0.14997770530114585,0.18590116478495983,0.8799439940062341,False,0.01840855106888361,73.9169692993164
DL,Delta Air Lines,AUS,Austin,TX,Afternoon (12-17),1380,1376,230.0,0.16715116279069767,0.14836905878628665,0.1877866274895873,0.8798470309895158,False,0.002898550724637681,75.14347839355469
EV,Atlantic Southeast Airlines,EVV,Evansville,IN,Afternoon (12-17),437,425,71.0,0.16705882352941176,0.13460950840608754,0.20547317014002364,0.8793609773867185,False,0.02745995423340961,82.90140533447266
MQ,American Eagle Airlines,XNA,Fayetteville/Springdale/Rogers,AR,Early morning (05-09),1695,1629,272.0,0.16697360343769183,0.14965020885809063,0.18586402595807275,0.8789123975298476,False,0.04070796460176991,115.75735473632812
MQ,American Eagle Airlines,PIA,Peoria,IL,Afternoon (12-17),567,551,92.0,0.16696914700544466,0.13815668423413793,0.20039327308701468,0.8788889398486924,False,0.031746031746031744,64.03260803222656
NK,Spirit Air Lines,LGA,New York,NY,Early morning (05-09),668,653,109.0,0.1669218989280245,0.14028507453213276,0.19745480065238666,0.8786402363401793,False,0.02245508982035928,71.10091400146484
VX,Virgin America,SFO,San Francisco,CA,Late morning (09-12),3207,3180,530.0,0.16666666666666666,0.15411725888905034,0.18002046957080772,0.8772967497402707,False,0.00841908325537886,51.194339752197266
EV,Atlantic Southeast Airlines,MAF,Midland,TX,Afternoon (12-17),596,582,97.0,0.16666666666666666,0.13859477026008038,0.19911016568164858,0.8772967497402707,False,0.025167785234899327,72.20618438720703
EV,Atlantic Southeast Airlines,SAV,Savannah,GA,Late morning (09-12),224,222,37.0,0.16666666666666666,0.12340134553543954,0.2212720892967614,0.8772967497402707,False,0.008928571428571428,55.16216278076172
EV,Atlantic Southeast Airlines,AEX,Alexandria,LA,Afternoon (12-17),554,547,91.0,0.1663619744058501,0.13750199862668563,0.19987557053294205,0.8756929165597584,False,0.01444043321299639,78.27472686767578
DL,Delta Air Lines,MKE,Milwaukee,WI,Evening (17-21),921,920,153.0,0.16630434782608697,0.14364074356433526,0.19174315774515327,0.8753895828930094,False,0.0010857763300760044,65.30065155029297
WN,Southwest Airlines,PHX,Phoenix,AZ,Late morning (09-12),11607,11577,1924.0,0.16619158676686532,0.15952150773490842,0.17308312783838187,0.8747960334284949,False,0.002843111915223572,46.47713088989258
EV,Atlantic Southeast Airlines,XNA,Fayetteville/Springdale/Rogers,AR,Late morning (09-12),704,698,116.0,0.166189111747851,0.1404152304230432,0.19561728745563484,0.8747830054716741,False,0.008522727272727272,78.42241668701172
MQ,American Eagle Airlines,GRB,Green Bay,WI,Afternoon (12-17),333,319,53.0,0.16614420062695925,0.12932079145952308,0.21091293306668424,0.8745466031893608,False,0.042042042042042045,67.28302001953125
F9,Frontier Airlines,DEN,Denver,CO,Late morning (09-12),3072,3066,509.0,0.16601435094585779,0.15326280898368444,0.17960179223873696,0.8738631029702502,False,0.001953125,58.587425231933594
EV,Atlantic Southeast Airlines,CLT,Charlotte,NC,Late morning (09-12),497,488,81.0,0.16598360655737704,0.1356067712702325,0.2015782086094686,0.8737012712577287,False,0.02012072434607646,84.71604919433594
B6,JetBlue Airways,IAD,Chantilly,VA,Afternoon (12-17),226,223,37.0,0.16591928251121077,0.12283616485086189,0.22031782454085463,0.8733626835979378,False,0.01327433628318584,73.9189224243164
AA,American Airlines,IND,Indianapolis,IN,Afternoon (12-17),597,585,97.0,0.1658119658119658,0.13787341214432672,0.19811100200032614,0.872797792049295,False,0.020100502512562814,58.288658142089844
B6,JetBlue Airways,CHS,Charleston,SC,Late morning (09-12),334,326,54.0,0.1656441717791411,0.12922923368180073,0.20984746252631858,0.8719145610915574,False,0.023952095808383235,38.96296310424805
UA,United Air Lines,MSN,Madison,WI,Afternoon (12-17),294,278,46.0,0.16546762589928057,0.1264042503988959,0.2136505889151017,0.8709852623320674,False,0.05442176870748299,74.76087188720703
EV,Atlantic Southeast Airlines,MCI,Kansas City,MO,Late morning (09-12),700,683,113.0,0.16544655929721816,0.13946514469500115,0.1951703811671482,0.8708743723629628,False,0.024285714285714285,59.362831115722656
AA,American Airlines,TUS,Tucson,AZ,Afternoon (12-17),1115,1088,180.0,0.16544117647058823,0.1445461384282656,0.18869047757903804,0.8708460383451218,False,0.0242152466367713,76.4888916015625
EV,Atlantic Southeast Airlines,ACT,Waco,TX,Afternoon (12-17),410,405,67.0,0.1654320987654321,0.1324208950171174,0.20473070599413,0.8707982552977503,False,0.01707317073170732,87.20895385742188
AA,American Airlines,SEA,Seattle,WA,Late morning (09-12),1207,1197,198.0,0.16541353383458646,0.14544142278672534,0.18752638912118996,0.8707005335768101,False,0.009942004971002486,50.43434524536133
OO,Skywest Airlines,APN,Alpena,MI,Evening (17-21),259,248,41.0,0.16532258064516128,0.12426519523934801,0.21659032664424868,0.8702217759520428,False,0.04247104247104247,75.39024353027344
EV,Atlantic Southeast Airlines,LEX,Lexington,KY,Afternoon (12-17),1054,1036,171.0,0.16505791505791506,0.14369728143751032,0.18889337467780576,0.8688286343952875,False,0.017077798861480076,73.9473648071289
US,US Airways,PBI,West Palm Beach,FL,Afternoon (12-17),676,667,110.0,0.16491754122938532,0.1386878796128304,0.19498492779803978,0.868089737374181,False,0.013313609467455622,46.845455169677734
WN,Southwest Airlines,HOU,Houston,TX,Late morning (09-12),9443,9345,1541.0,0.16490101658640985,0.1575150302518877,0.17256239880627497,0.8680027552807431,False,0.010801652017367363,47.72031021118164
DL,Delta Air Lines,PHL,Philadelphia,PA,Afternoon (12-17),2059,2051,338.0,0.16479765967820575,0.14937084398954587,0.18147782093917664,0.8674587072029591,False,0.0048567265662943174,66.34615325927734
WN,Southwest Airlines,CLE,Cleveland,OH,Afternoon (12-17),1334,1311,216.0,0.16475972540045766,0.14566362325669485,0.18581478448458744,0.8672590294915262,False,0.017241379310344827,55.66203689575195
DL,Delta Air Lines,CVG,Covington,KY,Evening (17-21),725,723,119.0,0.16459197786998617,0.13934836234375533,0.19338107966947013,0.8663760433119687,False,0.002758620689655172,62.46218490600586
US,US Airways,PHX,Phoenix,AZ,Night (21-24),2775,2759,454.0,0.16455237404856832,0.1511851486392023,0.17885244743579531,0.8661675774891257,False,0.006486486486486486,44.68281936645508
MQ,American Eagle Airlines,LAW,Lawton,OK,Evening (17-21),331,304,50.0,0.16447368421052633,0.1270381532706213,0.21028337832224986,0.8657533714542147,False,0.08459214501510574,53.47999954223633
AS,Alaska Airlines,KTN,Ketchikan,AK,Evening (17-21),765,754,124.0,0.16445623342175067,0.13971013383565625,0.19260416508907943,0.8656615143325749,False,0.01437908496732026,56.30644989013672
WN,Southwest Airlines,SAN,San Diego,CA,Late morning (09-12),6312,6221,1023.0,0.1644430155923485,0.15543929893248878,0.1738609036622246,0.8655919385799361,False,0.014416983523447401,46.154449462890625
WN,Southwest Airlines,MDW,Chicago,IL,Late morning (09-12),10575,10337,1699.0,0.1643610331817742,0.15734153130643777,0.17162991333884134,0.8651604011659398,False,0.02269503546099291,47.89228820800781
OO,Skywest Airlines,GCC,Gillette,WY,Afternoon (12-17),344,341,56.0,0.16422287390029325,0.12868214470641157,0.20724484322079903,0.8644331610344017,False,0.00872093023255814,56.94643020629883
UA,United Air Lines,MSP,Minneapolis,MN,Late morning (09-12),812,804,132.0,0.16417910447761194,0.14018104109524587,0.19137108496511052,0.8642027684008637,False,0.009852216748768473,68.0984878540039
EV,Atlantic Southeast Airlines,SGF,Springfield,MO,Late morning (09-12),544,536,88.0,0.16417910447761194,0.13522844864561775,0.19790927175236564,0.8642027684008637,False,0.014705882352941176,75.7272720336914
WN,Southwest Airlines,DEN,Denver,CO,Late morning (09-12),10974,10882,1785.0,0.1640323469950377,0.15719349917556633,0.17110831995066458,0.863430269226089,False,0.008383451795152179,44.60280227661133
AA,American Airlines,CMH,Columbus,OH,Evening (17-21),363,360,59.0,0.1638888888888889,0.1292354727964269,0.20563992352988658,0.8626751372445997,False,0.008264462809917356,75.03389739990234
AA,American Airlines,DTW,Detroit,MI,Evening (17-21),1028,1019,167.0,0.16388616290480865,0.14242756180840466,0.18786952427022185,0.8626607882627589,False,0.008754863813229572,71.56287384033203
OO,Skywest Airlines,DAY,Dayton,OH,Afternoon (12-17),405,403,66.0,0.16377171215880892,0.13084620801364155,0.2030468845314669,0.8620583446579335,False,0.0049382716049382715,57.530303955078125
AA,American Airlines,OKC,Oklahoma City,OK,Evening (17-21),230,226,37.0,0.16371681415929204,0.1211712936501077,0.21750368946870108,0.8617693736386731,False,0.017391304347826087,100.16216278076172
AA,American Airlines,MEM,Memphis,TN,Late morning (09-12),234,226,37.0,0.16371681415929204,0.1211712936501077,0.21750368946870108,0.8617693736386731,False,0.03418803418803419,134.7567596435547
UA,United Air Lines,BOS,Boston,MA,Late morning (09-12),1953,1906,312.0,0.16369359916054566,0.14776210254713434,0.18097804009087293,0.8616471749810005,False,0.02457757296466974,58.0512809753418
AA,American Airlines,LAX,Los Angeles,CA,Night (21-24),3908,3880,635.0,0.163659793814433,0.15235214710197598,0.1756328047045035,0.8614692310593897,False,0.007420675537359263,50.06771469116211
NK,Spirit Air Lines,CLE,Cleveland,OH,Afternoon (12-17),550,544,89.0,0.1636029411764706,0.1348957938927569,0.197027886236682,0.8611699712523981,False,0.01090909090909091,65.83145904541016
DL,Delta Air Lines,PNS,Pensacola,FL,Afternoon (12-17),724,722,118.0,0.1634349030470914,0.13825698048458462,0.19217544444118428,0.8602854554239774,False,0.0027624309392265192,58.24576187133789
MQ,American Eagle Airlines,PIA,Peoria,IL,Evening (17-21),272,257,42.0,0.16342412451361868,0.12323584400712291,0.21352639023772146,0.8602287195896818,False,0.058823529411764705,63.07143020629883
OO,Skywest Airlines,JAC,Jackson,WY,Afternoon (12-17),616,600,98.0,0.16333333333333333,0.13591201357530347,0.1950383548656917,0.8597508147454653,False,0.025974025974025976,85.90816497802734
AA,American Airlines,DSM,Des Moines,IA,Afternoon (12-17),302,300,49.0,0.16333333333333333,0.12580582169498175,0.2093740878368269,0.8597508147454653,False,0.006622516556291391,90.93877410888672
AA,American Airlines,MKE,Milwaukee,WI,Evening (17-21),446,435,71.0,0.1632183908045977,0.13146366901295875,0.2008694552851935,0.8591457825042652,False,0.02466367713004484,55.140846252441406
EV,Atlantic Southeast Airlines,ABE,Allentown,PA,Afternoon (12-17),753,748,122.0,0.16310160427807488,0.13835758244743718,0.19128844937628742,0.8585310438634737,False,0.006640106241699867,70.74590301513672
NK,Spirit Air Lines,DTW,Detroit,MI,Late morning (09-12),885,883,144.0,0.16308040770101925,0.14018102142008215,0.1888987150289071,0.8584194697345345,False,0.0022598870056497176,59.44444274902344
EV,Atlantic Southeast Airlines,DTW,Detroit,MI,Afternoon (12-17),8779,8673,1414.0,0.16303470540758677,0.155409814500485,0.17095797352044648,0.8581789028936305,False,0.01366898279986331,68.24115753173828
EV,Atlantic Southeast Airlines,CSG,Columbus,GA,Afternoon (12-17),406,405,66.0,0.16296296296296298,0.1301890549067069,0.20207067600130252,0.8578012664127093,False,0.0024630541871921183,60.42424392700195
UA,United Air Lines,BWI,Baltimore,MD,Early morning (05-09),1458,1436,234.0,0.16295264623955433,0.14475397685950459,0.18294984833904504,0.857746961445223,False,0.015089163237311385,61.0427360534668
EV,Atlantic Southeast Airlines,OAJ,Jacksonville,NC,Afternoon (12-17),316,313,51.0,0.16293929712460065,0.1261556869731002,0.20789640719635227,0.8576766946342584,False,0.00949367088607595,82.5686264038086
EV,Atlantic Southeast Airlines,BNA,Nashville,TN,Late morning (09-12),543,522,85.0,0.16283524904214558,0.1336445495759049,0.19695234500223416,0.8571290083669312,False,0.03867403314917127,66.6941146850586
MQ,American Eagle Airlines,STL,St Louis,MO,Early morning (05-09),365,344,56.0,0.16279069767441862,0.12753962959145546,0.20549011728183406,0.856894499746311,False,0.06575342465753424,64.76786041259766
UA,United Air Lines,SNA,Santa Ana,CA,Late morning (09-12),682,676,110.0,0.16272189349112426,0.1368157633615424,0.19243975733622015,0.856532329628075,False,0.008797653958944282,72.74545288085938
EV,Atlantic Southeast Airlines,FAR,Fargo,ND,Late morning (09-12),332,326,53.0,0.16257668711656442,0.1264927923451135,0.20652038731445652,0.8557679951454176,False,0.018072289156626505,89.0
MQ,American Eagle Airlines,MIA,Miami,FL,Late morning (09-12),1747,1731,281.0,0.16233391103408434,0.14571286255615257,0.18045040214766828,0.8544900751369708,False,0.009730967372638809,60.22419738769531
B6,JetBlue Airways,MSY,New Orleans,LA,Late morning (09-12),267,265,43.0,0.16226415094339622,0.12275376263664724,0.21142666182147235,0.8541228733320372,False,0.00749063670411985,54.69767379760742
DL,Delta Air Lines,DCA,Arlington,VA,Afternoon (12-17),2468,2460,399.0,0.16219512195121952,0.14815636621604475,0.17728728243409578,0.8537595198691904,False,0.0032414910858995136,72.78947448730469
EV,Atlantic Southeast Airlines,HPN,White Plains,NY,Late morning (09-12),266,259,42.0,0.16216216216216217,0.12226524426779423,0.21193451710940026,0.8535860267743176,False,0.03007518796992481,83.0952377319336
AA,American Airlines,SFO,San Francisco,CA,Overnight (00-05),602,592,96.0,0.16216216216216217,0.13466343513109144,0.194017207509503,0.8535860267743176,False,0.016611295681063124,62.41666793823242
AS,Alaska Airlines,STL,St Louis,MO,Evening (17-21),333,333,54.0,0.16216216216216217,0.12646312296515066,0.2055671250802214,0.8535860267743176,False,0.0,50.48147964477539
OO,Skywest Airlines,CID,Cedar Rapids,IA,Late morning (09-12),441,438,71.0,0.16210045662100456,0.130548411480993,0.19952824947623693,0.8532612223501264,False,0.006802721088435374,81.49295806884766
AS,Alaska Airlines,BET,Bethel,AK,Night (21-24),330,327,53.0,0.1620795107033639,0.12609886628165748,0.20590774957318062,0.8531509676373276,False,0.00909090909090909,51.358489990234375
MQ,American Eagle Airlines,MLI,Moline,IL,Late morning (09-12),299,284,46.0,0.1619718309859155,0.12368218926637009,0.20928427562265223,0.8525841652405449,False,0.05016722408026756,61.5
EV,Atlantic Southeast Airlines,RIC,Richmond,VA,Early morning (05-09),2268,2180,353.0,0.16192660550458715,0.14705925974307898,0.17798336239581602,0.8523461082338961,False,0.03968253968253968,81.29461669921875
US,US Airways,BOS,Boston,MA,Afternoon (12-17),2608,2452,397.0,0.16190864600326263,0.14785868654586115,0.17701633796712046,0.8522515733610624,False,0.061733128834355826,54.04785919189453
EV,Atlantic Southeast Airlines,LBB,Lubbock,TX,Afternoon (12-17),543,525,85.0,0.1619047619047619,0.13286916016959388,0.1958523322394753,0.8522311283191203,False,0.03314917127071823,67.6941146850586
OO,Skywest Airlines,FCA,Kalispell,MT,Afternoon (12-17),801,791,128.0,0.16182048040455121,0.13779923939338384,0.18911067573939233,0.8517874890019318,False,0.012484394506866416,58.484375
EV,Atlantic Southeast Airlines,ATL,Atlanta,GA,Late morning (09-12),13208,13127,2124.0,0.16180391559381427,0.15560300235083044,0.16820271624073338,0.8517002954742142,False,0.0062840702604482135,56.75423812866211
AA,American Airlines,FLL,Ft. Lauderdale,FL,Afternoon (12-17),1831,1812,293.0,0.16169977924944812,0.1454659013767424,0.1793650750696613,0.8511521446155607,False,0.010922992900054615,62.98293685913086
AS,Alaska Airlines,OAK,Oakland,CA,Afternoon (12-17),334,334,54.0,0.16167664670658682,0.12607760938176887,0.204969840073834,0.851030379987568,False,0.0,52.75925827026367
UA,United Air Lines,MCO,Orlando,FL,Late morning (09-12),2627,2604,421.0,0.16167434715821813,0.14803393868104522,0.1763115277000417,0.8510182756697097,False,0.008755234107346783,62.52256393432617
DL,Delta Air Lines,GPT,Gulfport-Biloxi,MS,Afternoon (12-17),361,359,58.0,0.1615598885793872,0.1271035553556638,0.20318271832409068,0.8504157908345801,False,0.00554016620498615,51.379310607910156
US,US Airways,MSP,Minneapolis,MN,Evening (17-21),393,390,63.0,0.16153846153846155,0.12834272731420482,0.20133702210789783,0.8503030035944164,False,0.007633587786259542,52.11111068725586
WN,Southwest Airlines,PHL,Philadelphia,PA,Late morning (09-12),914,904,146.0,0.16150442477876106,0.1389556610346939,0.18691792748559424,0.8501238415624748,False,0.012035010940919038,54.70547866821289
MQ,American Eagle Airlines,DSM,Des Moines,IA,Early morning (05-09),344,322,52.0,0.16149068322981366,0.12532695098870453,0.20563631459800993,0.8500515090651071,False,0.06686046511627906,121.19230651855469
EV,Atlantic Southeast Airlines,EVV,Evansville,IN,Late morning (09-12),733,725,117.0,0.16137931034482758,0.13639625502250163,0.1899319896880089,0.8494652666450622,False,0.010914051841746248,76.64957427978516
OO,Skywest Airlines,BFL,Bakersfield,CA,Evening (17-21),513,502,81.0,0.16135458167330677,0.13176599125646243,0.19608683856220016,0.8493351003461586,False,0.021442495126705652,72.14814758300781
B6,JetBlue Airways,HPN,White Plains,NY,Late morning (09-12),666,651,105.0,0.16129032258064516,0.1350366392116628,0.191518057374504,0.8489968545873589,False,0.02252252252252252,61.238094329833984
US,US Airways,LAX,Los Angeles,CA,Late morning (09-12),943,937,151.0,0.16115261472785486,0.1390014220539978,0.18607093869195562,0.8482719906773589,False,0.006362672322375398,47.218544006347656
US,US Airways,DEN,Denver,CO,Afternoon (12-17),726,720,116.0,0.16111111111111112,0.13606696587551456,0.189752384656425,0.8480535247489285,False,0.009641873278236915,64.30172729492188
EV,Atlantic Southeast Airlines,ALB,Albany,NY,Afternoon (12-17),274,267,43.0,0.16104868913857678,0.12181621491147979,0.20989649096531313,0.847724949187228,False,0.029197080291970802,54.76744079589844
AA,American Airlines,IND,Indianapolis,IN,Evening (17-21),777,770,124.0,0.16103896103896104,0.136769053068196,0.1886742934771435,0.8476737426061837,False,0.010296010296010296,86.75806427001953
DL,Delta Air Lines,RSW,Ft. Myers,FL,Evening (17-21),917,913,147.0,0.16100766703176342,0.13859477677397275,0.18626133795729594,0.8475090178213788,False,0.004362050163576881,71.44898223876953
EV,Atlantic Southeast Airlines,TUL,Tulsa,OK,Afternoon (12-17),1140,1118,180.0,0.16100178890876565,0.1406240245774107,0.18370126341333592,0.8474780766721757,False,0.021929824561403508,70.11666870117188
VX,Virgin America,SEA,Seattle,WA,Early morning (05-09),554,553,89.0,0.1609403254972875,0.13266753727165415,0.19389139798030974,0.8471545467654694,False,0.0036101083032490976,54.78651809692383
US,US Airways,ORD,Chicago,IL,Afternoon (12-17),1171,1131,182.0,0.16091954022988506,0.14065722769272665,0.18347752380034515,0.8470451376802615,False,0.034158838599487616,65.43406677246094
DL,Delta Air Lines,TUS,Tucson,AZ,Afternoon (12-17),462,460,74.0,0.1608695652173913,0.13012386805688309,0.19723271229296047,0.8467820801840874,False,0.004329004329004329,64.0
AS,Alaska Airlines,HNL,Honolulu,HI,Afternoon (12-17),1177,1175,189.0,0.16085106382978723,0.14095421383235476,0.1829583457515622,0.846684692940823,False,0.0033984706881903144,61.068782806396484
OO,Skywest Airlines,BIS,Bismarck,ND,Afternoon (12-17),565,560,90.0,0.16071428571428573,0.13262277351019336,0.19342908218828647,0.8459647229638326,False,0.008849557522123894,64.92222595214844
AS,Alaska Airlines,SCC,Deadhorse,AK,Late morning (09-12),334,330,53.0,0.1606060606060606,0.12493168506878129,0.2040914204998477,0.8453950497497156,False,0.011976047904191617,64.49056243896484
B6,JetBlue Airways,JAX,Jacksonville,FL,Late morning (09-12),806,797,128.0,0.1606022584692597,0.13674849746166262,0.18771216991625578,0.8453750361361705,False,0.01240694789081886,57.421875
OO,Skywest Airlines,DTW,Detroit,MI,Late morning (09-12),891,878,141.0,0.16059225512528474,0.13779263160988375,0.18634902829819955,0.8453223807292359,False,0.014590347923681257,80.8439712524414
OO,Skywest Airlines,MOT,Minot,ND,Afternoon (12-17),551,548,88.0,0.16058394160583941,0.13222283733471304,0.19367067993546008,0.8452786201877062,False,0.007259528130671506,83.20454406738281
B6,JetBlue Airways,BWI,Baltimore,MD,Afternoon (12-17),382,380,61.0,0.16052631578947368,0.12704247262563984,0.2008052645659517,0.8449752905393134,False,0.005235602094240838,65.67213439941406
UA,United Air Lines,SNA,Santa Ana,CA,Evening (17-21),485,480,77.0,0.16041666666666668,0.1303009159688993,0.19592485709402047,0.8443981216250107,False,0.010309278350515464,59.20779037475586
AA,American Airlines,SMF,Sacramento,CA,Afternoon (12-17),622,611,98.0,0.16039279869067102,0.1334300534743165,0.19159935247349183,0.8442724858384275,False,0.017684887459807074,59.95918273925781
F9,Frontier Airlines,RSW,Ft. Myers,FL,Afternoon (12-17),216,212,34.0,0.16037735849056603,0.11709470910753234,0.21574937655528703,0.8441912120142228,False,0.018518518518518517,68.79412078857422
MQ,American Eagle Airlines,FWA,Fort Wayne,IN,Late morning (09-12),331,306,49.0,0.16013071895424835,0.12329306953087935,0.20539617039042232,0.8428929556328091,False,0.0755287009063444,54.408164978027344
EV,Atlantic Southeast Airlines,PIA,Peoria,IL,Late morning (09-12),539,531,85.0,0.160075329566855,0.13134508248940727,0.19368872191174627,0.8426013980556274,False,0.014842300556586271,66.44705963134766
US,US Airways,PHX,Phoenix,AZ,Afternoon (12-17),8554,8497,1360.0,0.16005649052606802,0.152414126372061,0.1680061011969364,0.8425022334801235,False,0.007014262333411269,55.045589447021484
WN,Southwest Airlines,HRL,Harlingen,TX,Afternoon (12-17),814,806,129.0,0.1600496277915633,0.13635795740116294,0.1869665050616199,0.8424661095520716,False,0.009828009828009828,56.45736312866211
DL,Delta Air Lines,SJC,San Jose,CA,Night (21-24),277,275,44.0,0.16,0.1213994244644564,0.20796893377190434,0.8422048797506599,False,0.007220216606498195,83.45454406738281
WN,Southwest Airlines,BWI,Baltimore,MD,Late morning (09-12),11530,11400,1822.0,0.15982456140350876,0.15321248374624627,0.1666658281377069,0.8412814094877754,False,0.011795316565481353,53.19319534301758
DL,Delta Air Lines,BNA,Nashville,TN,Afternoon (12-17),1507,1502,240.0,0.15978695073235685,0.14212771860605813,0.17918203933926632,0.8410834351704327,False,0.0033178500331785005,53.49583435058594
MQ,American Eagle Airlines,TUL,Tulsa,OK,Late morning (09-12),445,426,68.0,0.1596244131455399,0.1279081842067856,0.1974246825981025,0.8402278729906819,False,0.04269662921348315,61.69117736816406
F9,Frontier Airlines,LAX,Los Angeles,CA,Late morning (09-12),308,307,49.0,0.15960912052117263,0.12288401195929893,0.20474781080831,0.8401473759727675,False,0.003246753246753247,80.16326904296875
AA,American Airlines,ABQ,Albuquerque,NM,Afternoon (12-17),825,809,129.0,0.15945611866501855,0.1358458662459541,0.18628528452192003,0.8393420077861182,False,0.02181818181818182,81.55813598632812
EV,Atlantic Southeast Airlines,MSP,Minneapolis,MN,Early morning (05-09),421,414,66.0,0.15942028985507245,0.12731180655232296,0.19779129471858922,0.8391534127950415,False,0.019002375296912115,78.83333587646484
WN,Southwest Airlines,ORF,Norfolk,VA,Late morning (09-12),418,414,66.0,0.15942028985507245,0.12731180655232296,0.19779129471858922,0.8391534127950415,False,0.009569377990430622,55.60606002807617
EV,Atlantic Southeast Airlines,ICT,Wichita,KS,Late morning (09-12),555,546,87.0,0.15934065934065933,0.1310361179844856,0.19240539680813828,0.8387342552461929,False,0.016216216216216217,71.33333587646484
B6,JetBlue Airways,BQN,Aguadilla,PR,Early morning (05-09),229,226,36.0,0.1592920353982301,0.11733426398615567,0.2126390741736901,0.8384783094862766,False,0.013100436681222707,59.52777862548828
NK,Spirit Air Lines,MYR,Myrtle Beach,SC,Early morning (05-09),334,333,53.0,0.15915915915915915,0.12378592998008997,0.20230680915901872,0.8377788781303487,False,0.0029940119760479044,78.64151000976562
F9,Frontier Airlines,MIA,Miami,FL,Early morning (05-09),335,333,53.0,0.15915915915915915,0.12378592998008997,0.20230680915901872,0.8377788781303487,False,0.005970149253731343,67.35848999023438
AS,Alaska Airlines,BWI,Baltimore,MD,Evening (17-21),334,333,53.0,0.15915915915915915,0.12378592998008997,0.20230680915901872,0.8377788781303487,False,0.0029940119760479044,65.69811248779297
EV,Atlantic Southeast Airlines,BHM,Birmingham,AL,Late morning (09-12),721,710,113.0,0.1591549295774648,0.13409026844943545,0.1878881648612598,0.8377566145407094,False,0.015256588072122053,57.8053092956543
DL,Delta Air Lines,SLC,Salt Lake City,UT,Evening (17-21),7382,7366,1172.0,0.1591094216671192,0.15093410462286516,0.1676401236210634,0.8375170708897073,False,0.002167434299647792,51.192832946777344
VX,Virgin America,SFO,San Francisco,CA,Night (21-24),1333,1320,210.0,0.1590909090909091,0.14035222750186516,0.17980813005148566,0.8374196247520767,False,0.009752438109527382,50.095237731933594
EV,Atlantic Southeast Airlines,COS,Colorado Springs,CO,Afternoon (12-17),227,220,35.0,0.1590909090909091,0.11666950656327879,0.21321376803804643,0.8374196247520767,False,0.030837004405286344,59.68571472167969
AA,American Airlines,OGG,Kahului,HI,Afternoon (12-17),581,579,92.0,0.15889464594127806,0.1313781146756926,0.1909077345155799,0.8363865386124861,False,0.0034423407917383822,83.75
F9,Frontier Airlines,BNA,Nashville,TN,Afternoon (12-17),214,214,34.0,0.1588785046728972,0.1159774784915624,0.21381077131930934,0.8363015745187627,False,0.0,64.02941131591797
EV,Atlantic Southeast Airlines,ISN,Williston,ND,Afternoon (12-17),387,384,61.0,0.15885416666666666,0.12569655495863025,0.19876992826544887,0.8361734645961956,False,0.007751937984496124,67.6229476928711
UA,United Air Lines,IAD,Chantilly,VA,Late morning (09-12),862,850,135.0,0.1588235294117647,0.13579348162846777,0.18492361625010822,0.8360121968113168,False,0.015081206496519721,70.90370178222656
DL,Delta Air Lines,ORD,Chicago,IL,Late morning (09-12),1529,1524,242.0,0.15879265091863518,0.14130383816376868,0.17799732499345916,0.8358496592013603,False,0.003924133420536298,76.6611557006836
DL,Delta Air Lines,HOU,Houston,TX,Afternoon (12-17),676,675,107.0,0.15851851851851853,0.13290832906413,0.18799363098074648,0.8344066864196354,False,0.0014792899408284023,63.654205322265625
AA,American Airlines,SEA,Seattle,WA,Overnight (00-05),367,366,58.0,0.15846994535519127,0.1246304883768429,0.19940444982372732,0.8341510079497657,False,0.005449591280653951,44.120689392089844
AS,Alaska Airlines,JNU,Juneau,AK,Night (21-24),328,322,51.0,0.15838509316770186,0.12256557616272817,0.2022597377321213,0.8337043646600089,False,0.018292682926829267,58.52941131591797
OO,Skywest Airlines,ABQ,Albuquerque,NM,Evening (17-21),1014,998,158.0,0.15831663326653306,0.1369844297024014,0.18226923275282111,0.8333440067673112,False,0.016765285996055226,55.487342834472656
MQ,American Eagle Airlines,RST,Rochester,MN,Evening (17-21),322,297,47.0,0.15824915824915825,0.1211399715158057,0.2040863269748286,0.8329888330867218,False,0.08074534161490683,63.27659606933594
DL,Delta Air Lines,SRQ,Sarasota,FL,Evening (17-21),356,354,56.0,0.15819209039548024,0.12387366867187477,0.19984945351403094,0.8326884404314435,False,0.0056179775280898875,45.75
VX,Virgin America,DAL,Dallas,TX,Late morning (09-12),675,664,105.0,0.15813253012048192,0.1323565385416079,0.18784154435709144,0.8323749282174255,False,0.016296296296296295,61.96190643310547
F9,Frontier Airlines,DCA,Arlington,VA,Afternoon (12-17),329,329,52.0,0.1580547112462006,0.12261247040215763,0.20139029848250095,0.8319653067445729,False,0.0,62.596153259277344
EV,Atlantic Southeast Airlines,CAK,Akron,OH,Afternoon (12-17),455,443,70.0,0.1580135440180587,0.12700570337293107,0.19490165708768856,0.8317486114919046,False,0.026373626373626374,85.95714569091797
AS,Alaska Airlines,GEG,Spokane,WA,Afternoon (12-17),364,361,57.0,0.15789473684210525,0.12390677247486889,0.19908709664531912,0.8311232365960459,False,0.008241758241758242,48.08771896362305
AA,American Airlines,OMA,Omaha,NE,Afternoon (12-17),635,627,99.0,0.15789473684210525,0.13144659110198229,0.18850948027948647,0.8311232365960459,False,0.015748031496062992,63.64646530151367
EV,Atlantic Southeast Airlines,BTR,Baton Rouge,LA,Early morning (05-09),2481,2440,385.0,0.15778688524590165,0.1438615540868865,0.1727881011117156,0.8305555294672237,False,0.017331721080209594,90.39220428466797
AA,American Airlines,SNA,Santa Ana,CA,Afternoon (12-17),1628,1600,252.0,0.1575,0.14047359199829595,0.17616715357159068,0.8290454285045559,False,0.017813267813267815,62.841270446777344
EV,Atlantic Southeast Airlines,PIT,Pittsburgh,PA,Late morning (09-12),301,286,45.0,0.15734265734265734,0.11971867592230176,0.20404989284077432,0.8282172112932626,False,0.04983388704318937,58.68888854980469
UA,United Air Lines,RIC,Richmond,VA,Late morning (09-12),255,248,39.0,0.15725806451612903,0.11722126411472955,0.20775125829618268,0.8277719332226748,False,0.027450980392156862,117.4102554321289
WN,Southwest Airlines,LAS,Las Vegas,NV,Late morning (09-12),13994,13957,2192.0,0.15705380812495523,0.15111178345838974,0.16318456956376623,0.8266967724141321,False,0.0027154494783478635,41.24726104736328
EV,Atlantic Southeast Airlines,ROC,Rochester,NY,Late morning (09-12),410,395,62.0,0.1569620253164557,0.12441286057346866,0.19611940085563,0.8262136478566601,False,0.036585365853658534,63.370967864990234
WN,Southwest Airlines,BOS,Boston,MA,Late morning (09-12),1417,1389,218.0,0.15694744420446363,0.1387668456699213,0.17702039101226852,0.8261368960837107,False,0.019760056457304165,54.724769592285156
EV,Atlantic Southeast Airlines,AEX,Alexandria,LA,Late morning (09-12),543,542,85.0,0.15682656826568267,0.12863993766210682,0.18984366637247027,0.8255006316744247,False,0.001841620626151013,71.4117660522461
EV,Atlantic Southeast Airlines,CLE,Cleveland,OH,Afternoon (12-17),2550,2468,387.0,0.15680713128038898,0.1429957673711945,0.1716852380783456,0.8253983196502872,False,0.03372549019607843,65.17053985595703
EV,Atlantic Southeast Airlines,LNK,Lincoln,NE,Afternoon (12-17),274,268,42.0,0.15671641791044777,0.11808042176016965,0.20505481581936202,0.8249208243826427,False,0.021897810218978103,82.57142639160156
MQ,American Eagle Airlines,EVV,Evansville,IN,Late morning (09-12),313,300,47.0,0.15666666666666668,0.11990622028482688,0.20210893498028493,0.8246589447558546,False,0.04153354632587859,58.212764739990234
EV,Atlantic Southeast Airlines,MLU,Monroe,LA,Late morning (09-12),646,632,99.0,0.15664556962025317,0.130392200061328,0.18704786677292756,0.8245478945343685,False,0.021671826625386997,68.11111450195312
EV,Atlantic Southeast Airlines,JAN,Jackson,MS,Evening (17-21),343,332,52.0,0.1566265060240964,0.12148481441307178,0.19962370817614883,0.8244475479486882,False,0.03206997084548105,64.65384674072266
F9,Frontier Airlines,SNA,Santa Ana,CA,Evening (17-21),314,313,49.0,0.15654952076677317,0.12048559912221211,0.20094189019737219,0.8240423144525227,False,0.0031847133757961785,52.24489974975586
B6,JetBlue Airways,RSW,Ft. Myers,FL,Late morning (09-12),934,920,144.0,0.1565217391304348,0.1344760264763384,0.1814240152624185,0.8238960780169501,False,0.014989293361884369,45.16666793823242
US,US Airways,SMF,Sacramento,CA,Afternoon (12-17),361,358,56.0,0.1564245810055866,0.12246566704090603,0.1976788381790576,0.823384658974109,False,0.0110803324099723,43.16071319580078
EV,Atlantic Southeast Airlines,MSN,Madison,WI,Afternoon (12-17),708,697,109.0,0.1563845050215208,0.13131060748643483,0.18522539722561424,0.8231737077907275,False,0.01694915254237288,69.40367126464844
MQ,American Eagle Airlines,IND,Indianapolis,IN,Late morning (09-12),439,403,63.0,0.15632754342431762,0.12413406825645505,0.19501126988005807,0.8228738744462094,False,0.08428246013667426,52.22222137451172
UA,United Air Lines,DCA,Arlington,VA,Late morning (09-12),445,429,67.0,0.1561771561771562,0.1248928303679262,0.19356454526325162,0.8220822689873867,False,0.035955056179775284,79.40298461914062
OO,Skywest Airlines,RDM,Redmond,OR,Evening (17-21),213,205,32.0,0.15609756097560976,0.11279308074070385,0.21205407614757896,0.821663297317717,False,0.03755868544600939,74.65625
MQ,American Eagle Airlines,CWA,Mosinee,WI,Afternoon (12-17),308,295,46.0,0.15593220338983052,0.11898490618324854,0.20172546345739056,0.8207928912824229,False,0.045454545454545456,82.76087188720703
OO,Skywest Airlines,CHO,Charlottesville,VA,Early morning (05-09),328,308,48.0,0.15584415584415584,0.11960381265666464,0.20056386221416722,0.8203294283285649,False,0.06707317073170732,132.4375
DL,Delta Air Lines,PDX,Portland,OR,Night (21-24),706,706,110.0,0.1558073654390935,0.13092489521418904,0.1844153158976985,0.8201357717118679,False,0.0,42.827274322509766
US,US Airways,PHL,Philadelphia,PA,Late morning (09-12),4320,4220,657.0,0.1556872037914692,0.14506184048615528,0.166938874692179,0.8195032671744426,False,0.024074074074074074,51.879756927490234
B6,JetBlue Airways,LAS,Las Vegas,NV,Late morning (09-12),619,617,96.0,0.15559157212317667,0.12913066758179276,0.1863146891726516,0.818999883063851,False,0.0032310177705977385,53.1875
OO,Skywest Airlines,MSP,Minneapolis,MN,Evening (17-21),6682,6625,1030.0,0.15547169811320755,0.14694599375737016,0.16439673013574568,0.8183688925879055,False,0.010026938042502246,53.89126205444336
MQ,American Eagle Airlines,TLH,Tallahassee,FL,Late morning (09-12),254,251,39.0,0.1553784860557769,0.11579289237959045,0.20535404752347092,0.8178782447777824,False,0.011811023622047244,62.56410217285156
OO,Skywest Airlines,SBP,San Luis Obispo,CA,Afternoon (12-17),1018,1004,156.0,0.1553784860557769,0.1342876380410273,0.17909652867723477,0.8178782447777824,False,0.0137524557956778,64.46154022216797
OO,Skywest Airlines,DTW,Detroit,MI,Afternoon (12-17),4146,4094,636.0,0.15534929164631167,0.14457666039171013,0.16676812170040395,0.8177245718145758,False,0.015918958031837915,76.7610092163086
AA,American Airlines,IAD,Chantilly,VA,Afternoon (12-17),478,470,73.0,0.15531914893617021,0.12538052993642818,0.19084666497427621,0.817565907204763,False,0.016736401673640166,65.4383544921875
DL,Delta Air Lines,SJU,San Juan,PR,Afternoon (12-17),1570,1562,242.0,0.15492957746478872,0.13783379768574752,0.17371853302254378,0.8155152884909559,False,0.005095541401273885,68.60330200195312
UA,United Air Lines,LAS,Las Vegas,NV,Night (21-24),877,865,134.0,0.15491329479768787,0.1323315924133298,0.1805466123135157,0.8154295801054078,False,0.013683010262257697,68.53731536865234
AS,Alaska Airlines,PSP,Palm Springs,CA,Evening (17-21),523,523,81.0,0.15487571701720843,0.12639638703344744,0.18838817060209237,0.8152317789173454,False,0.0,61.50617218017578
MQ,American Eagle Airlines,HOU,Houston,TX,Early morning (05-09),297,291,45.0,0.15463917525773196,0.11762365629832228,0.20065436145765247,0.8139866750167462,False,0.02356902356902357,116.5999984741211
EV,Atlantic Southeast Airlines,ILM,Wilmington,NC,Afternoon (12-17),418,414,64.0,0.15458937198067632,0.12295626453183187,0.1925738310833486,0.8137245214982222,False,0.009569377990430622,73.734375
US,US Airways,DTW,Detroit,MI,Afternoon (12-17),320,317,49.0,0.15457413249211358,0.11893804167454841,0.1984821432391286,0.8136443041755194,False,0.0125,45.979591369628906
UA,United Air Lines,HNL,Honolulu,HI,Night (21-24),1158,1146,177.0,0.1544502617801047,0.13468466043952615,0.17652481397851538,0.812992275937319,False,0.010362694300518135,65.1242904663086
VX,Virgin America,LAS,Las Vegas,NV,Night (21-24),414,408,63.0,0.15441176470588236,0.12258798683202879,0.19268273861192828,0.8127896357887804,False,0.014492753623188406,48.349205017089844
EV,Atlantic Southeast Airlines,DAY,Dayton,OH,Late morning (09-12),589,570,88.0,0.1543859649122807,0.1270461805481556,0.18635319656218283,0.8126538313383561,False,0.03225806451612903,65.01136016845703
AA,American Airlines,DTW,Detroit,MI,Afternoon (12-17),1063,1043,161.0,0.15436241610738255,0.13370747127930543,0.17755413697164674,0.8125298755983716,False,0.01881467544684854,79.70807647705078
OO,Skywest Airlines,SJC,San Jose,CA,Afternoon (12-17),1994,1977,305.0,0.1542741527567021,0.1390233636363095,0.17086592786483837,0.8120652766943327,False,0.008525576730190571,57.190162658691406
F9,Frontier Airlines,RDU,Raleigh,NC,Early morning (05-09),229,227,35.0,0.15418502202643172,0.11299960138067464,0.20688035093294646,0.8115961120945236,False,0.008733624454148471,66.82857513427734
OO,Skywest Airlines,PDX,Portland,OR,Evening (17-21),1232,1220,188.0,0.1540983606557377,0.1349270404169695,0.17544122946370788,0.8111399456614963,False,0.012175324675324676,66.50531768798828
AS,Alaska Airlines,JNU,Juneau,AK,Evening (17-21),696,688,106.0,0.15406976744186046,0.12902049203084026,0.18296074760551584,0.8109894372599015,False,0.01293103448275862,54.11320877075195
AA,American Airlines,SFO,San Francisco,CA,Late morning (09-12),2147,2123,327.0,0.15402731983042864,0.13929809001279791,0.17000637346957892,0.8107660023506412,False,0.012109920819748486,78.43119049072266
MQ,American Eagle Airlines,ABI,Abilene,TX,Afternoon (12-17),487,461,71.0,0.1540130151843818,0.12393364610333354,0.18981107898151253,0.8106907058337427,False,0.053388090349075976,55.760562896728516
MQ,American Eagle Airlines,DFW,Dallas-Fort Worth,TX,Early morning (05-09),6569,6312,972.0,0.15399239543726237,0.14529857887177997,0.16310712908644368,0.8105821680109727,False,0.04110214644542548,47.77777862548828
EV,Atlantic Southeast Airlines,MYR,Myrtle Beach,SC,Afternoon (12-17),262,260,40.0,0.15384615384615385,0.11505908251830849,0.20271339915251224,0.8098123843756346,False,0.007633587786259542,68.125
F9,Frontier Airlines,DFW,Dallas-Fort Worth,TX,Late morning (09-12),339,338,52.0,0.15384615384615385,0.11929065017442889,0.19618177916126342,0.8098123843756346,False,0.0029498525073746312,56.403846740722656
EV,Atlantic Southeast Airlines,OAJ,Jacksonville,NC,Late morning (09-12),277,273,42.0,0.15384615384615385,0.11587709223621773,0.20142204199794367,0.8098123843756346,False,0.01444043321299639,84.45237731933594
EV,Atlantic Southeast Airlines,LAN,Lansing,MI,Afternoon (12-17),416,410,63.0,0.15365853658536585,0.12198029188391576,0.19176680362315748,0.8088248082971277,False,0.014423076923076924,71.93650817871094
WN,Southwest Airlines,DAL,Dallas,TX,Late morning (09-12),9239,9138,1402.0,0.15342525716787042,0.1461815719331164,0.16096021884129388,0.8075968766486274,False,0.011473103149691525,42.596290588378906
AA,American Airlines,HNL,Honolulu,HI,Evening (17-21),590,587,90.0,0.15332197614991483,0.1264363433338552,0.18471574886818334,0.8070532280404535,False,0.010169491525423728,155.8333282470703
DL,Delta Air Lines,GSP,Greer,SC,Afternoon (12-17),576,574,88.0,0.15331010452961671,0.12614823846484124,0.18508169029072086,0.8069907384370435,False,0.003472222222222222,58.46590805053711
F9,Frontier Airlines,IAD,Chantilly,VA,Early morning (05-09),429,424,65.0,0.15330188679245282,0.1221341170260064,0.1906956779261441,0.8069474820724188,False,0.013986013986013986,70.43077087402344
OO,Skywest Airlines,DTW,Detroit,MI,Night (21-24),863,842,129.0,0.15320665083135393,0.13045677978373213,0.17910661837497752,0.8064461808776362,False,0.028968713789107765,56.77519226074219
B6,JetBlue Airways,JAX,Jacksonville,FL,Afternoon (12-17),576,568,87.0,0.15316901408450703,0.12588816660059357,0.1851098440373173,0.8062480693035586,False,0.013888888888888888,57.344825744628906
DL,Delta Air Lines,IND,Indianapolis,IN,Afternoon (12-17),1358,1358,208.0,0.15316642120765833,0.13499161686836306,0.17329798156951695,0.8062344209689676,False,0.0007363770250368188,56.97595977783203
OO,Skywest Airlines,SUN,Hailey,ID,Afternoon (12-17),452,392,60.0,0.15306122448979592,0.12079936735235935,0.1920570883612392,0.8056806885369834,False,0.13274336283185842,71.26667022705078
WN,Southwest Airlines,MSP,Minneapolis,MN,Late morning (09-12),1459,1445,221.0,0.15294117647058825,0.13530476485893742,0.1724180393454697,0.8050487821146015,False,0.01028101439342015,49.16289520263672
AS,Alaska Airlines,DEN,Denver,CO,Evening (17-21),327,327,50.0,0.1529051987767584,0.11794529233630821,0.1959257565281635,0.804859403431441,False,0.0,47.29999923706055
WN,Southwest Airlines,ATL,Atlanta,GA,Late morning (09-12),7895,7816,1195.0,0.15289150460593653,0.1450835950203975,0.16104045741565184,0.8047873203221266,False,0.01025965801139962,49.3924674987793
DL,Delta Air Lines,MSY,New Orleans,LA,Afternoon (12-17),2342,2335,357.0,0.15289079229122055,0.13886446566736116,0.16805738829658406,0.8047835708538158,False,0.0029888983774551663,60.54621887207031
OO,Skywest Airlines,ONT,Ontario,CA,Late morning (09-12),1289,1276,195.0,0.15282131661442006,0.1341226765033902,0.17360415469197024,0.8044178661411574,False,0.010861132660977503,62.128204345703125
AA,American Airlines,SLC,Salt Lake City,UT,Late morning (09-12),469,465,71.0,0.15268817204301074,0.12285112623414797,0.18821683360559316,0.8037170223426997,False,0.008528784648187633,77.87323760986328
UA,United Air Lines,DTW,Detroit,MI,Early morning (05-09),445,439,67.0,0.15261958997722094,0.1220030786324231,0.18926307161181766,0.8033560214022525,False,0.01348314606741573,76.67163848876953
OO,Skywest Airlines,CPR,Casper,WY,Evening (17-21),501,485,74.0,0.15257731958762888,0.12331462123768275,0.18730051462636813,0.8031335193498562,False,0.033932135728542916,62.93243408203125
DL,Delta Air Lines,PIT,Pittsburgh,PA,Afternoon (12-17),831,826,126.0,0.15254237288135594,0.1296348720739357,0.1786668568343282,0.802949567558892,False,0.006016847172081829,56.412696838378906
OO,Skywest Airlines,ATL,Atlanta,GA,Late morning (09-12),1099,1082,165.0,0.15249537892791126,0.13230632535175693,0.17514330634406314,0.8027022017032052,False,0.017288444040036398,78.63636016845703
AA,American Airlines,SMF,Sacramento,CA,Late morning (09-12),485,479,73.0,0.1524008350730689,0.12298888650648226,0.18734394314199876,0.8022045436038384,False,0.012371134020618556,81.82191467285156
US,US Airways,EWR,Newark,NJ,Afternoon (12-17),701,689,105.0,0.15239477503628446,0.12749068256475085,0.18115360207404677,0.8021726449003926,False,0.018544935805991442,69.31428527832031
AA,American Airlines,PDX,Portland,OR,Night (21-24),212,210,32.0,0.1523809523809524,0.11005281828702987,0.20719882966173223,0.8020998854768191,False,0.009433962264150943,47.78125
DL,Delta Air Lines,BHM,Birmingham,AL,Afternoon (12-17),844,840,128.0,0.1523809523809524,0.1296630486989493,0.17826393664995982,0.8020998854768191,False,0.004739336492890996,58.5625
UA,United Air Lines,RDU,Raleigh,NC,Early morning (05-09),566,558,85.0,0.15232974910394265,0.12489842995636022,0.1845154689076612,0.8018303626658388,False,0.015901060070671377,47.82352828979492
MQ,American Eagle Airlines,GRI,Grand Island,NE,Afternoon (12-17),301,289,44.0,0.1522491349480969,0.11541071063538563,0.19821139769894938,0.8014060274443996,False,0.03986710963455149,48.8636360168457
OO,Skywest Airlines,FWA,Fort Wayne,IN,Late morning (09-12),708,690,105.0,0.15217391304347827,0.1273034832398341,0.18089596747052977,0.8010100758498125,False,0.02824858757062147,60.590476989746094
MQ,American Eagle Airlines,LSE,La Crosse,WI,Afternoon (12-17),333,322,49.0,0.15217391304347827,0.11705865763918008,0.19549075287193943,0.8010100758498125,False,0.03903903903903904,80.65306091308594
EV,Atlantic Southeast Airlines,IAD,Chantilly,VA,Early morning (05-09),798,769,117.0,0.15214564369310793,0.12849358648335246,0.1792558928407419,0.8008612721946295,False,0.03634085213032581,79.95726776123047
MQ,American Eagle Airlines,GCK,Garden City,KS,Afternoon (12-17),305,296,45.0,0.15202702702702703,0.11560075454748997,0.1973698272530341,0.8002369001009227,False,0.03278688524590164,48.31111145019531
DL,Delta Air Lines,SMF,Sacramento,CA,Afternoon (12-17),843,842,128.0,0.15201900237529692,0.12935132910890987,0.17784756013938438,0.800194660095639,False,0.0011862396204033216,55.15625
AA,American Airlines,ELP,El Paso,TX,Late morning (09-12),426,422,64.0,0.15165876777251186,0.12058825105464713,0.18901419267090716,0.7982984642186352,False,0.009389671361502348,63.0
DL,Delta Air Lines,ROC,Rochester,NY,Evening (17-21),311,310,47.0,0.15161290322580645,0.11596938577838926,0.19578533379989477,0.7980570433121172,False,0.003215434083601286,94.06382751464844
DL,Delta Air Lines,DTW,Detroit,MI,Afternoon (12-17),17401,17362,2632.0,0.15159543831355834,0.14633795774898473,0.1570070641243001,0.7979651118476188,False,0.0025860582725130738,58.198707580566406
B6,JetBlue Airways,BOS,Boston,MA,Late morning (09-12),6649,6522,988.0,0.15148727384237964,0.14299130133371774,0.1603935678301308,0.7973957578136041,False,0.020003007971123477,53.47469711303711
US,US Airways,TPA,Tampa,FL,Afternoon (12-17),1105,1090,165.0,0.15137614678899083,0.1313247410438017,0.1738763045189196,0.7968108093971268,False,0.014479638009049774,49.8606071472168
AA,American Airlines,PDX,Portland,OR,Afternoon (12-17),680,674,102.0,0.1513353115727003,0.1262597984832168,0.18036286970356905,0.796595861781967,False,0.008823529411764706,71.5686264038086
OO,Skywest Airlines,LAN,Lansing,MI,Afternoon (12-17),339,337,51.0,0.1513353115727003,0.11701588821012682,0.19351428181606722,0.796595861781967,False,0.0058997050147492625,82.33333587646484
AS,Alaska Airlines,SEA,Seattle,WA,Night (21-24),5769,5759,870.0,0.1510678937315506,0.14205143557482597,0.16054955904560575,0.7951882329647878,False,0.001906742936384122,36.82758712768555
WN,Southwest Airlines,ELP,El Paso,TX,Late morning (09-12),1260,1253,189.0,0.15083798882681565,0.13209007467514355,0.17172036571766325,0.7939780640107479,False,0.006349206349206349,48.820106506347656
UA,United Air Lines,RSW,Ft. Myers,FL,Late morning (09-12),347,345,52.0,0.15072463768115943,0.11682896916734409,0.19231305976498508,0.7933814084607667,False,0.005763688760806916,43.03845977783203
DL,Delta Air Lines,CVG,Covington,KY,Afternoon (12-17),1804,1798,271.0,0.1507230255839822,0.1349308394655249,0.16800455729743144,0.7933729227350836,False,0.0033259423503325942,59.867156982421875
DL,Delta Air Lines,SLC,Salt Lake City,UT,Night (21-24),4873,4869,733.0,0.1505442596015609,0.14077520211679684,0.16086431762462056,0.7924319378430296,False,0.0008208495793145906,47.502044677734375
UA,United Air Lines,ATL,Atlanta,GA,Late morning (09-12),627,605,91.0,0.15041322314049588,0.12413787878875637,0.18110013385689727,0.7917421906746908,False,0.03508771929824561,68.87911987304688
AS,Alaska Airlines,GEG,Spokane,WA,Late morning (09-12),286,286,43.0,0.15034965034965034,0.11357597402226612,0.1963919532869952,0.7914075574580065,False,0.0,42.83720779418945
B6,JetBlue Airways,MCO,Orlando,FL,Late morning (09-12),3715,3667,551.0,0.15025906735751296,0.13905984247022782,0.1621903122626814,0.7909307484705033,False,0.012920592193808884,60.35027313232422
AS,Alaska Airlines,OME,Nome,AK,Afternoon (12-17),285,273,41.0,0.15018315018315018,0.11267467997962301,0.19740010646865647,0.7905311371285957,False,0.042105263157894736,54.85365676879883
EV,Atlantic Southeast Airlines,FAY,Fayetteville,NC,Late morning (09-12),315,313,47.0,0.1501597444089457,0.11483829052341696,0.19396459394629914,0.7904079342707871,False,0.006349206349206349,54.0
AS,Alaska Airlines,SAT,San Antonio,TX,Evening (17-21),334,333,50.0,0.15015015015015015,0.11578354226542145,0.19249667015489716,0.7903574321984421,False,0.0029940119760479044,34.900001525878906
EV,Atlantic Southeast Airlines,GSP,Greer,SC,Late morning (09-12),865,846,127.0,0.15011820330969267,0.12763275085022677,0.17576684738078477,0.7901892710426552,False,0.021965317919075144,55.85039520263672
AA,American Airlines,SAN,San Diego,CA,Evening (17-21),500,493,74.0,0.15010141987829614,0.12128378690139004,0.1843299137227123,0.7901009267437733,False,0.014,76.66216278076172
DL,Delta Air Lines,DSM,Des Moines,IA,Afternoon (12-17),450,447,67.0,0.14988814317673377,0.11978587119498439,0.18595698838141667,0.7889782850013173,False,0.006666666666666667,86.64179229736328
EV,Atlantic Southeast Airlines,LCH,Lake Charles,LA,Afternoon (12-17),398,387,58.0,0.14987080103359174,0.11775724113684824,0.18886723281884124,0.788886999766445,False,0.03015075376884422,46.22413635253906
B6,JetBlue Airways,ROC,Rochester,NY,Late morning (09-12),252,247,37.0,0.14979757085020243,0.11067225200011907,0.19964948091818477,0.7885015321552231,False,0.01984126984126984,65.02702331542969
EV,Atlantic Southeast Airlines,AGS,Augusta,GA,Late morning (09-12),323,321,48.0,0.14953271028037382,0.11467567781995469,0.19267904522044405,0.7871073642529531,False,0.006191950464396285,64.41666412353516
DL,Delta Air Lines,ATL,Atlanta,GA,Afternoon (12-17),72828,72641,10862.0,0.1495298798199364,0.14695508031517723,0.15214174640293626,0.787092465330501,False,0.002705003570055473,48.014915466308594
UA,United Air Lines,SJC,San Jose,CA,Afternoon (12-17),416,408,61.0,0.14950980392156862,0.11818451153022694,0.18737374193421177,0.7869867902081841,False,0.021634615384615384,53.36065673828125
EV,Atlantic Southeast Airlines,HPN,White Plains,NY,Early morning (05-09),974,924,138.0,0.14935064935064934,0.12782159904390947,0.1737833300733019,0.7861490354815414,False,0.053388090349075976,81.8043441772461
EV,Atlantic Southeast Airlines,CID,Cedar Rapids,IA,Late morning (09-12),547,536,80.0,0.14925373134328357,0.121586491046183,0.18191290581393293,0.7856388803644215,False,0.02010968921389397,58.54999923706055
OO,Skywest Airlines,COS,Colorado Springs,CO,Evening (17-21),318,315,47.0,0.1492063492063492,0.1140964144447429,0.19276943994815943,0.785389471196052,False,0.009433962264150943,65.89361572265625
WN,Southwest Airlines,AMA,Amarillo,TX,Afternoon (12-17),578,577,86.0,0.14904679376083188,0.12231222840184927,0.18042366379320016,0.7845496063535177,False,0.0017301038062283738,48.848838806152344
F9,Frontier Airlines,TPA,Tampa,FL,Early morning (05-09),349,349,52.0,0.1489971346704871,0.11546740984355477,0.1901700206635056,0.7842882118021905,False,0.0,75.5
AA,American Airlines,FAT,Fresno,CA,Early morning (05-09),334,329,49.0,0.14893617021276595,0.11452521141139907,0.1914509646435171,0.7839673082785398,False,0.014970059880239521,124.81632995605469
F9,Frontier Airlines,TTN,Trenton,NJ,Early morning (05-09),1102,1088,162.0,0.1488970588235294,0.1289803585447556,0.17128444177060154,0.7837614345106095,False,0.012704174228675136,103.16049194335938
EV,Atlantic Southeast Airlines,ORD,Chicago,IL,Early morning (05-09),6743,6592,981.0,0.14881674757281554,0.14042953890155377,0.15761303386126088,0.7833386937152964,False,0.022690197241583866,52.42711639404297
EV,Atlantic Southeast Airlines,GRB,Green Bay,WI,Evening (17-21),388,363,54.0,0.1487603305785124,0.11583775469439914,0.18903933667146564,0.7830417270409029,False,0.06443298969072164,66.90740966796875
OO,Skywest Airlines,GRB,Green Bay,WI,Afternoon (12-17),372,363,54.0,0.1487603305785124,0.11583775469439914,0.18903933667146564,0.7830417270409029,False,0.024193548387096774,69.96295928955078
OO,Skywest Airlines,MSP,Minneapolis,MN,Afternoon (12-17),7923,7892,1174.0,0.14875823618854536,0.14107809566153878,0.15678015924570254,0.7830307026318383,False,0.00517480752240313,56.88756561279297
HA,Hawaiian Airlines,OGG,Kahului,HI,Evening (17-21),2397,2381,354.0,0.1486770264594708,0.1349528196871861,0.16353308394683308,0.7826032324436519,False,0.0070921985815602835,34.76553726196289
MQ,American Eagle Airlines,CLL,College Station,TX,Evening (17-21),317,296,44.0,0.14864864864864866,0.11263274983158349,0.19366764344273207,0.7824538578764578,False,0.06624605678233439,66.68181610107422
MQ,American Eagle Airlines,ORD,Chicago,IL,Early morning (05-09),11250,10845,1612.0,0.14863992623328723,0.14206914036702412,0.15545954693540637,0.782407944996579,False,0.03866666666666667,48.19540786743164
EV,Atlantic Southeast Airlines,AMA,Amarillo,TX,Afternoon (12-17),310,303,45.0,0.1485148514851485,0.11288292140744521,0.19294783948025707,0.7817495789764789,False,0.02258064516129032,88.33333587646484
WN,Southwest Airlines,AUS,Austin,TX,Late morning (09-12),2937,2917,433.0,0.14844017826534112,0.13600034260203953,0.16180478315349617,0.7813565155383009,False,0.0068096697310180455,50.18937683105469
AA,American Airlines,BOS,Boston,MA,Afternoon (12-17),4693,4568,678.0,0.14842381786339756,0.13840938693224503,0.15902908950140926,0.7812703979736038,False,0.027274664393777966,62.65781784057617
EV,Atlantic Southeast Airlines,ICT,Wichita,KS,Afternoon (12-17),736,721,107.0,0.14840499306518723,0.12432076138880872,0.17621607314165968,0.781171308367897,False,0.020380434782608696,68.24298858642578
DL,Delta Air Lines,SAT,San Antonio,TX,Evening (17-21),344,344,51.0,0.14825581395348839,0.1145945838161016,0.18968644525000206,0.7803860622689619,False,0.0,91.92156982421875
OO,Skywest Airlines,PSC,Pasco,WA,Afternoon (12-17),1220,1208,179.0,0.14817880794701987,0.12925978843513575,0.169328409890454,0.7799807195538501,False,0.010655737704918032,67.905029296875
MQ,American Eagle Airlines,MHK,Manhattan,KS,Evening (17-21),259,243,36.0,0.14814814814814814,0.10896932452256822,0.19827872442866198,0.7798193331024629,False,0.06177606177606178,57.61111068725586
DL,Delta Air Lines,DAY,Dayton,OH,Afternoon (12-17),351,351,52.0,0.14814814814814814,0.11479847040386595,0.18911629043590025,0.7798193331024629,False,0.0,47.96154022216797
DL,Delta Air Lines,LIH,Lihue,HI,Night (21-24),304,304,45.0,0.14802631578947367,0.11250506437752215,0.1923322285679407,0.7791780343087931,False,0.0,115.4000015258789
OO,Skywest Airlines,TUS,Tucson,AZ,Late morning (09-12),984,981,145.0,0.14780835881753313,0.12697344330977034,0.17139088248637796,0.778030756650393,False,0.003048780487804878,63.89655303955078
MQ,American Eagle Airlines,GRK,Killeen,TX,Afternoon (12-17),552,521,77.0,0.14779270633397312,0.11989870683358042,0.18084269781117338,0.7779483654126778,False,0.057971014492753624,62.06493377685547
AS,Alaska Airlines,GEG,Spokane,WA,Evening (17-21),293,291,43.0,0.14776632302405499,0.11158967081602644,0.1931217403281269,0.7778094894604463,False,0.006825938566552901,55.372093200683594
AA,American Airlines,LAX,Los Angeles,CA,Overnight (00-05),1698,1686,249.0,0.14768683274021352,0.13155258423820218,0.16542294293546903,0.777391070054546,False,0.007067137809187279,59.26907730102539
UA,United Air Lines,LIH,Lihue,HI,Evening (17-21),212,210,31.0,0.14761904761904762,0.10598562152434962,0.20191330927302567,0.7770342640556684,False,0.009433962264150943,79.6451644897461
AS,Alaska Airlines,IAH,Houston,TX,Evening (17-21),334,332,49.0,0.14759036144578314,0.11347273295532571,0.18977022443887442,0.7768832663362639,False,0.005988023952095809,49.42856979370117
MQ,American Eagle Airlines,SJT,San Angelo,TX,Late morning (09-12),313,305,45.0,0.14754098360655737,0.11212973033944935,0.1917205281749476,0.7766233522290922,False,0.025559105431309903,78.4000015258789
AA,American Airlines,PHX,Phoenix,AZ,Overnight (00-05),896,888,131.0,0.14752252252252251,0.12571671434462237,0.17236491808876045,0.7765261771349694,False,0.008928571428571428,47.549617767333984
OO,Skywest Airlines,BZN,Bozeman,MT,Afternoon (12-17),810,800,118.0,0.1475,0.12461280799063165,0.1737564229623322,0.7764076235201396,False,0.013580246913580247,57.34745788574219
EV,Atlantic Southeast Airlines,CRP,Corpus Christi,TX,Late morning (09-12),496,482,71.0,0.14730290456431536,0.11845396513496084,0.18172946913662066,0.775370156409451,False,0.028225806451612902,62.63380432128906
DL,Delta Air Lines,CMH,Columbus,OH,Afternoon (12-17),960,959,141.0,0.1470281543274244,0.12602318962061573,0.1708497331945181,0.773923931470562,False,0.0010416666666666667,55.58156204223633
DL,Delta Air Lines,PHX,Phoenix,AZ,Evening (17-21),381,381,56.0,0.14698162729658792,0.11495309341514504,0.18605802388610304,0.7736790233929947,False,0.0,52.5
MQ,American Eagle Airlines,MIA,Miami,FL,Evening (17-21),990,974,143.0,0.14681724845995894,0.12597786210804196,0.1704316995223898,0.7728137692783905,False,0.020202020202020204,57.272727966308594
OO,Skywest Airlines,SEA,Seattle,WA,Late morning (09-12),2517,2500,367.0,0.1468,0.1334688352486378,0.16121498181071606,0.7727229771712306,False,0.007548669050456893,63.05449676513672
AA,American Airlines,LAX,Los Angeles,CA,Late morning (09-12),6415,6358,933.0,0.14674425920100662,0.13825965177314198,0.1556554938035728,0.7724295698405216,False,0.009508963367108339,62.04823303222656
B6,JetBlue Airways,JFK,New York,NY,Late morning (09-12),6147,6066,890.0,0.14671941971645236,0.13803882758217287,0.15584719408929873,0.7722988202461335,False,0.013177159590043924,55.537078857421875
US,US Airways,PIT,Pittsburgh,PA,Evening (17-21),564,559,82.0,0.14669051878354203,0.11977345481742357,0.17843051589120917,0.7721466920790934,False,0.008865248226950355,55.76829147338867
EV,Atlantic Southeast Airlines,DTW,Detroit,MI,Early morning (05-09),3276,3253,477.0,0.14663387642176454,0.1348944825523508,0.15920689468380342,0.7718485391197834,False,0.008241758241758242,63.559749603271484
AA,American Airlines,LAS,Las Vegas,NV,Overnight (00-05),654,648,95.0,0.14660493827160495,0.12145386488605753,0.17592144838023294,0.7716962150493123,False,0.010703363914373088,42.92631530761719
MQ,American Eagle Airlines,LIT,Little Rock,AR,Early morning (05-09),628,601,88.0,0.1464226289517471,0.12040419135903749,0.17693249976802786,0.7707365788067604,False,0.042993630573248405,106.06818389892578
OO,Skywest Airlines,PHX,Phoenix,AZ,Afternoon (12-17),6404,6352,930.0,0.14641057934508817,0.13793045800735354,0.1553181339651084,0.7706731523222152,False,0.010149906308557152,59.9376335144043
EV,Atlantic Southeast Airlines,MEI,Meridian,MS,Early morning (05-09),333,328,48.0,0.14634146341463414,0.11218674316435152,0.18868451589418722,0.7703093412353597,False,0.015015015015015015,117.70833587646484
AS,Alaska Airlines,WRG,Wrangell,AK,Late morning (09-12),332,328,48.0,0.14634146341463414,0.11218674316435152,0.18868451589418722,0.7703093412353597,False,0.012048192771084338,68.14583587646484
EV,Atlantic Southeast Airlines,ELP,El Paso,TX,Afternoon (12-17),567,561,82.0,0.14616755793226383,0.11934052633017908,0.17780755907996074,0.7693939409486867,False,0.010582010582010581,81.3536605834961
EV,Atlantic Southeast Airlines,TUS,Tucson,AZ,Late morning (09-12),269,267,39.0,0.14606741573033707,0.10872734596370012,0.19344779995184605,0.7688668143791137,False,0.01486988847583643,51.82051467895508
AS,Alaska Airlines,CDV,Cordova,AK,Afternoon (12-17),506,500,73.0,0.146,0.11774829657860897,0.1796499333412706,0.7685119527724772,False,0.011857707509881422,49.698631286621094
OO,Skywest Airlines,PSP,Palm Springs,CA,Early morning (05-09),2102,2069,302.0,0.1459642339294345,0.13140653969799448,0.16183419804096255,0.7683236880277287,False,0.017602283539486202,96.06291198730469
EV,Atlantic Southeast Airlines,DFW,Dallas-Fort Worth,TX,Early morning (05-09),3654,3597,525.0,0.14595496246872394,0.1347945153216969,0.15787084379879318,0.7682748850936484,False,0.016694033935413247,60.17523956298828
DL,Delta Air Lines,RSW,Ft. Myers,FL,Afternoon (12-17),2505,2494,364.0,0.14595028067361668,0.13263830698582263,0.16035128851134584,0.768250241151865,False,0.004391217564870259,65.57417297363281
MQ,American Eagle Airlines,TVC,Traverse City,MI,Late morning (09-12),243,233,34.0,0.1459227467811159,0.10633947767613602,0.19699236943180445,0.7681053087854732,False,0.04526748971193416,50.05882263183594
AS,Alaska Airlines,KTN,Ketchikan,AK,Late morning (09-12),459,453,66.0,0.1456953642384106,0.11618572731081911,0.1811637259788988,0.7669084169914949,False,0.013071895424836602,81.19696807861328
US,US Airways,SEA,Seattle,WA,Afternoon (12-17),263,261,38.0,0.14559386973180077,0.1079464314478201,0.1935228241374052,0.7663741721869033,False,0.0076045627376425855,72.65789794921875
DL,Delta Air Lines,BWI,Baltimore,MD,Afternoon (12-17),2196,2192,319.0,0.14552919708029197,0.13138674239921705,0.16091193706837298,0.7660337495451087,False,0.0018214936247723133,70.27899932861328
MQ,American Eagle Airlines,BMI,Bloomington,IL,Late morning (09-12),281,268,39.0,0.1455223880597015,0.10831429109465845,0.1927492694494231,0.7659979083553111,False,0.046263345195729534,61.07692337036133
UA,United Air Lines,CLE,Cleveland,OH,Late morning (09-12),893,873,127.0,0.145475372279496,0.1236395737753021,0.17041764248815988,0.7657504276083464,False,0.022396416573348264,68.19685363769531
OO,Skywest Airlines,FLG,Flagstaff,AZ,Afternoon (12-17),687,674,98.0,0.14540059347181009,0.12079698773170154,0.17402351310507214,0.7653568083787525,False,0.018922852983988356,70.85713958740234
EV,Atlantic Southeast Airlines,GRR,Grand Rapids,MI,Late morning (09-12),388,379,55.0,0.14511873350923482,0.11321787105145496,0.18414166354457634,0.7638731594044574,False,0.02577319587628866,87.03636169433594
UA,United Air Lines,LGA,New York,NY,Late morning (09-12),1166,1131,164.0,0.14500442086648982,0.12568473476377953,0.16672752788150944,0.7632714427448509,False,0.030874785591766724,67.6463394165039
DL,Delta Air Lines,SAN,San Diego,CA,Evening (17-21),304,304,44.0,0.14473684210526316,0.10961741758949482,0.1887230276264864,0.7618629668797089,False,0.0,49.90909194946289
AS,Alaska Airlines,PDX,Portland,OR,Evening (17-21),2670,2668,386.0,0.1446776611694153,0.1318399791919934,0.15853711501898085,0.7615514514237134,False,0.0011235955056179776,55.683937072753906
EV,Atlantic Southeast Airlines,ORD,Chicago,IL,Late morning (09-12),6971,6788,982.0,0.14466705951679434,0.1364996894289424,0.15323639628895777,0.7614956466513959,False,0.026825419595466936,56.027496337890625
AS,Alaska Airlines,FAI,Fairbanks,AK,Afternoon (12-17),334,332,48.0,0.14457831325301204,0.11081244057925736,0.18647532841660258,0.7610285057987891,False,0.008982035928143712,68.8125
F9,Frontier Airlines,STL,St Louis,MO,Evening (17-21),203,201,29.0,0.14427860696517414,0.10237082921513521,0.19952878492574247,0.7594509176856076,False,0.009852216748768473,69.27586364746094
EV,Atlantic Southeast Airlines,GSP,Greer,SC,Afternoon (12-17),656,645,93.0,0.14418604651162792,0.11918124298398221,0.1734041892694368,0.7589636997753041,False,0.018292682926829267,71.61289978027344
DL,Delta Air Lines,GSO,Greensboro,NC,Evening (17-21),218,215,31.0,0.14418604651162792,0.10347312399510449,0.19739106270431644,0.7589636997753041,False,0.013761467889908258,97.70967864990234
AS,Alaska Airlines,DFW,Dallas-Fort Worth,TX,Evening (17-21),445,444,64.0,0.14414414414414414,0.114523137482029,0.1798702373183468,0.7587431349105045,False,0.0022471910112359553,52.5
F9,Frontier Airlines,IND,Indianapolis,IN,Afternoon (12-17),250,250,36.0,0.144,0.10586196391903242,0.19291333532269944,0.757984391775594,False,0.0,62.88888931274414
DL,Delta Air Lines,HOU,Houston,TX,Evening (17-21),293,292,42.0,0.14383561643835616,0.10820517984374703,0.18871587520733438,0.7571191127895487,False,0.0034129692832764505,70.23809814453125
NK,Spirit Air Lines,LAS,Las Vegas,NV,Early morning (05-09),898,890,128.0,0.14382022471910114,0.12229536808943729,0.16840669813795694,0.7570380941578967,False,0.008908685968819599,64.8984375
DL,Delta Air Lines,PDX,Portland,OR,Afternoon (12-17),1655,1655,238.0,0.14380664652567976,0.1277253082326114,0.16153775341233406,0.7569666215281612,False,0.0,53.063026428222656
AS,Alaska Airlines,MSP,Minneapolis,MN,Afternoon (12-17),334,334,48.0,0.1437125748502994,0.1101378472597569,0.1853899977421612,0.7564714488778382,False,0.0,36.5625
AS,Alaska Airlines,SEA,Seattle,WA,Evening (17-21),9804,9799,1408.0,0.14368813144198386,0.13688241263616788,0.15077311777656469,0.7563427841418315,False,0.0006119951040391676,46.07315444946289
EV,Atlantic Southeast Airlines,GPT,Gulfport-Biloxi,MS,Afternoon (12-17),876,864,124.0,0.14351851851851852,0.12171675233650828,0.1684762967176048,0.7554499789430109,False,0.0136986301369863,64.57257843017578
EV,Atlantic Southeast Airlines,IAH,Houston,TX,Afternoon (12-17),21286,21008,3013.0,0.14342155369383092,0.13874699215684905,0.14822650187520192,0.7549395773897856,False,0.014140749788593442,56.667442321777344
OO,Skywest Airlines,BNA,Nashville,TN,Late morning (09-12),263,258,37.0,0.1434108527131783,0.10586784134984505,0.19141723481834216,0.7548832497765121,False,0.019011406844106463,81.1351318359375
DL,Delta Air Lines,DFW,Dallas-Fort Worth,TX,Late morning (09-12),992,991,142.0,0.1432896064581231,0.12285126365302601,0.16648283737371034,0.7542450361036435,False,0.0010080645161290322,76.89436340332031
DL,Delta Air Lines,MDW,Chicago,IL,Afternoon (12-17),926,922,132.0,0.14316702819956617,0.12203815898855369,0.16725711571070373,0.7535998110567186,False,0.004319654427645789,62.05303192138672
DL,Delta Air Lines,MDW,Chicago,IL,Late morning (09-12),371,371,53.0,0.14285714285714285,0.11090377336037352,0.18213093783496873,0.7519686426345178,False,0.0,72.67924499511719
US,US Airways,ATL,Atlanta,GA,Afternoon (12-17),543,532,76.0,0.14285714285714285,0.11567827828365994,0.17515692376112343,0.7519686426345178,False,0.020257826887661142,55.53947448730469
WN,Southwest Airlines,SNA,Santa Ana,CA,Late morning (09-12),3141,3124,446.0,0.14276568501920614,0.13093645138811885,0.1554724255831447,0.7514872286507569,False,0.0057306590257879654,42.02914810180664
WN,Southwest Airlines,BUF,Buffalo,NY,Late morning (09-12),608,596,85.0,0.14261744966442952,0.11682870536928056,0.17298380513349212,0.7507069502811041,False,0.019736842105263157,54.188236236572266
AA,American Airlines,MCI,Kansas City,MO,Late morning (09-12),588,582,83.0,0.14261168384879724,0.11654238290062523,0.17336806388225945,0.7506766002932214,False,0.01020408163265306,63.421688079833984
MQ,American Eagle Airlines,DBQ,Dubuque,IA,Afternoon (12-17),327,309,44.0,0.1423948220064725,0.10781352540159625,0.185758684943831,0.7495350871567362,False,0.05504587155963303,65.45454406738281
OO,Skywest Airlines,JMS,Jamestown,ND,Early morning (05-09),285,267,38.0,0.14232209737827714,0.10547734019345598,0.18931341573177854,0.7491522806770851,False,0.06315789473684211,103.36842346191406
EV,Atlantic Southeast Airlines,MSN,Madison,WI,Late morning (09-12),397,387,55.0,0.1421188630490956,0.11084077902866345,0.18043220726552833,0.7480824997785255,False,0.027707808564231738,62.3636360168457
AS,Alaska Airlines,MSY,New Orleans,LA,Evening (17-21),334,331,47.0,0.1419939577039275,0.10848973323933822,0.18371290824845785,0.7474250254584786,False,0.008982035928143712,39.319149017333984
OO,Skywest Airlines,COD,Cody,WY,Afternoon (12-17),334,331,47.0,0.1419939577039275,0.10848973323933822,0.18371290824845785,0.7474250254584786,False,0.008982035928143712,49.191490173339844
MQ,American Eagle Airlines,GRB,Green Bay,WI,Late morning (09-12),331,324,46.0,0.1419753086419753,0.10815678070312494,0.18418439869570669,0.7473268608898602,False,0.021148036253776436,70.13043212890625
UA,United Air Lines,BOS,Boston,MA,Early morning (05-09),4295,4210,597.0,0.14180522565320666,0.13159362209153666,0.15266993446929847,0.7464315813704633,False,0.020954598370197905,54.84086990356445
NK,Spirit Air Lines,FLL,Ft. Lauderdale,FL,Early morning (05-09),3181,3162,448.0,0.14168247944339027,0.1299618163803917,0.15427274544986544,0.745785472264974,False,0.005972964476579692,51.33035659790039
DL,Delta Air Lines,MYR,Myrtle Beach,SC,Afternoon (12-17),234,233,33.0,0.14163090128755365,0.10265870904039426,0.19222867560824852,0.7455139761741357,False,0.004273504273504274,53.57575607299805
MQ,American Eagle Airlines,ROW,Roswell,NM,Afternoon (12-17),232,219,31.0,0.1415525114155251,0.10154735932480097,0.19391632429621053,0.7451013490944766,False,0.05603448275862069,44.225807189941406
WN,Southwest Airlines,LGA,New York,NY,Late morning (09-12),2023,1951,276.0,0.14146591491542798,0.1267052744423289,0.1576357176871613,0.744645524126032,False,0.03608502224419179,58.43115997314453
OO,Skywest Airlines,SGF,Springfield,MO,Late morning (09-12),210,205,29.0,0.14146341463414633,0.10033469462534648,0.1957825540454164,0.744632363194181,False,0.02857142857142857,69.37931060791016
AS,Alaska Airlines,PHX,Phoenix,AZ,Evening (17-21),439,439,62.0,0.14123006833712984,0.11175689506310187,0.17692781748422876,0.7434040795065621,False,0.0,60.82258224487305
DL,Delta Air Lines,KOA,Kailua/Kona,HI,Night (21-24),347,347,49.0,0.14121037463976946,0.10848793549676494,0.18179007030414357,0.7433004162064543,False,0.002881844380403458,95.2448959350586
DL,Delta Air Lines,MEM,Memphis,TN,Late morning (09-12),684,680,96.0,0.1411764705882353,0.1170162416518223,0.1693682076124518,0.7431219527211705,False,0.005847953216374269,53.04166793823242
EV,Atlantic Southeast Airlines,JAX,Jacksonville,FL,Late morning (09-12),424,418,59.0,0.14114832535885166,0.11102994839742447,0.17780263710386318,0.7429738024116168,False,0.014150943396226415,85.52542114257812
EV,Atlantic Southeast Airlines,RDU,Raleigh,NC,Early morning (05-09),425,411,58.0,0.1411192214111922,0.11077588135239655,0.17810932206018312,0.7428206056194994,False,0.03294117647058824,99.01724243164062
B6,JetBlue Airways,ORH,Worcester,MA,Afternoon (12-17),320,312,44.0,0.14102564102564102,0.10675942775846872,0.18402430687306812,0.7423280190109983,False,0.025,61.6363639831543
US,US Airways,PHX,Phoenix,AZ,Late morning (09-12),5954,5921,835.0,0.14102347576422902,0.1323907209088359,0.15012174322185073,0.7423166215502038,False,0.005710446758481693,53.58083724975586
EV,Atlantic Southeast Airlines,MGM,Montgomery,AL,Late morning (09-12),406,405,57.0,0.14074074074074075,0.11023848322124342,0.17799441675762379,0.7408283664473398,False,0.0024630541871921183,92.66666412353516
DL,Delta Air Lines,MLB,Melbourne,FL,Afternoon (12-17),314,313,44.0,0.14057507987220447,0.10641263037725196,0.1834533468176618,0.7399563639981837,False,0.0031847133757961785,57.54545593261719
EV,Atlantic Southeast Airlines,DTW,Detroit,MI,Late morning (09-12),3147,3110,437.0,0.1405144694533762,0.12874351785521587,0.15317242802976427,0.739637324057553,False,0.012392755004766444,67.30663299560547
B6,JetBlue Airways,AUS,Austin,TX,Late morning (09-12),459,456,64.0,0.14035087719298245,0.11146532144226917,0.17524558074665847,0.7387762103075964,False,0.006535947712418301,60.015625
DL,Delta Air Lines,SJU,San Juan,PR,Evening (17-21),563,556,78.0,0.14028776978417265,0.11388237743688445,0.1716298102962172,0.7384440267597963,False,0.012433392539964476,79.28205108642578
OO,Skywest Airlines,CMH,Columbus,OH,Late morning (09-12),222,221,31.0,0.14027149321266968,0.10061112882512852,0.1922243606928255,0.7383583504601374,False,0.0045045045045045045,57.0
DL,Delta Air Lines,DAL,Dallas,TX,Late morning (09-12),267,264,37.0,0.14015151515151514,0.10341911884135227,0.1872063851878948,0.7377268122815913,False,0.011235955056179775,54.513511657714844
WN,Southwest Airlines,ONT,Ontario,CA,Late morning (09-12),1775,1763,247.0,0.14010209869540555,0.12468107031525166,0.1570881612898905,0.7374666949036195,False,0.007323943661971831,45.40485763549805
UA,United Air Lines,PDX,Portland,OR,Late morning (09-12),617,614,86.0,0.14006514657980457,0.11484553064761441,0.16976075031501422,0.7372721870781429,False,0.006482982171799027,72.9534912109375
US,US Airways,SFO,San Francisco,CA,Late morning (09-12),723,714,100.0,0.1400560224089636,0.11652137036656002,0.16744322572260506,0.7372241594456057,False,0.013831258644536652,51.099998474121094
AA,American Airlines,SEA,Seattle,WA,Night (21-24),768,764,107.0,0.1400523560209424,0.11724007366976237,0.16646635744832242,0.7372048603838401,False,0.005208333333333333,60.532711029052734
UA,United Air Lines,OMA,Omaha,NE,Early morning (05-09),510,507,71.0,0.14003944773175542,0.11253107484268793,0.17296172762289042,0.7371369139829493,False,0.0058823529411764705,82.87323760986328
EV,Atlantic Southeast Airlines,TRI,Bristol,TN,Late morning (09-12),403,400,56.0,0.14,0.10940912065943276,0.17743998057233734,0.7369292697818275,False,0.007444168734491315,66.01786041259766
DL,Delta Air Lines,SFO,San Francisco,CA,Late morning (09-12),1487,1479,207.0,0.13995943204868155,0.12320844504347636,0.1585759343534869,0.7367157289908157,False,0.005379959650302623,62.565216064453125
OO,Skywest Airlines,BUR,Burbank,CA,Late morning (09-12),829,815,114.0,0.13987730061349693,0.1177488163563507,0.1653848202346579,0.7362834071439819,False,0.016887816646562123,73.52631378173828
UA,United Air Lines,SNA,Santa Ana,CA,Early morning (05-09),1944,1911,267.0,0.13971742543171115,0.12489470567004222,0.1559857598473144,0.735441859279913,False,0.016975308641975308,78.32958984375
MQ,American Eagle Airlines,BNA,Nashville,TN,Early morning (05-09),1327,1253,175.0,0.13966480446927373,0.1215702572671464,0.1599621172182302,0.7351648740840258,False,0.05727204220045215,105.85142517089844
EV,Atlantic Southeast Airlines,LIT,Little Rock,AR,Late morning (09-12),806,795,111.0,0.13962264150943396,0.11725806172179423,0.16545330433625785,0.7349429375182646,False,0.013647642679900745,72.9009017944336
UA,United Air Lines,EWR,Newark,NJ,Early morning (05-09),10458,10228,1426.0,0.13942119671490028,0.13284341450495965,0.14626974142974522,0.7338825763372856,False,0.02208835341365462,51.959327697753906
WN,Southwest Airlines,STL,St Louis,MO,Late morning (09-12),5504,5460,761.0,0.13937728937728938,0.13044381651804568,0.14881786632429736,0.7336514577498309,False,0.007994186046511628,49.36793518066406
MQ,American Eagle Airlines,HOU,Houston,TX,Afternoon (12-17),415,409,57.0,0.1393643031784841,0.10914404417107575,0.17629618278279707,0.7335831012498109,False,0.01927710843373494,68.1754379272461
DL,Delta Air Lines,PHX,Phoenix,AZ,Afternoon (12-17),2208,2203,307.0,0.13935542442124377,0.12552037288623547,0.1544460732782741,0.7335363654205986,False,0.0022644927536231885,63.22801208496094
US,US Airways,PHX,Phoenix,AZ,Overnight (00-05),326,323,45.0,0.1393188854489164,0.10577795679517969,0.18133849349756143,0.7333440322906288,False,0.009202453987730062,52.79999923706055
US,US Airways,SFO,San Francisco,CA,Afternoon (12-17),486,481,67.0,0.1392931392931393,0.11119780524781386,0.17310453184537283,0.7332085101779394,False,0.0102880658436214,47.955223083496094
WN,Southwest Airlines,SAT,San Antonio,TX,Late morning (09-12),2005,1998,278.0,0.13913913913913914,0.1246546784871365,0.15500860755907211,0.7323978871705564,False,0.003491271820448878,48.11151123046875
DL,Delta Air Lines,ROC,Rochester,NY,Afternoon (12-17),230,230,32.0,0.1391304347826087,0.1003061617455484,0.18981159317915275,0.7323520693484,False,0.0,40.375
WN,Southwest Airlines,BHM,Birmingham,AL,Late morning (09-12),925,920,128.0,0.1391304347826087,0.11826357711742276,0.16299849205114464,0.7323520693484,False,0.005405405405405406,52.796875
WN,Southwest Airlines,SJU,San Juan,PR,Afternoon (12-17),1452,1452,202.0,0.13911845730027547,0.12226805707499266,0.15787340886470846,0.7322890225104739,False,0.0006887052341597796,49.49504852294922
US,US Airways,JFK,New York,NY,Early morning (05-09),347,331,46.0,0.13897280966767372,0.10583219958876978,0.1803974684094718,0.7315223653423406,False,0.04610951008645533,58.065216064453125
US,US Airways,RSW,Ft. Myers,FL,Afternoon (12-17),626,612,85.0,0.1388888888888889,0.11373478407431714,0.16854819258721399,0.7310806247835591,False,0.022364217252396165,43.94117736816406
EV,Atlantic Southeast Airlines,SYR,Syracuse,NY,Late morning (09-12),476,468,65.0,0.1388888888888889,0.1104859618345416,0.17317194369985808,0.7310806247835591,False,0.018907563025210083,61.07692337036133
DL,Delta Air Lines,CLT,Charlotte,NC,Afternoon (12-17),1933,1931,268.0,0.13878819264629724,0.12408358524571755,0.15492716168054244,0.7305505818655388,False,0.0015519917227108122,65.73507690429688
DL,Delta Air Lines,ECP,Panama City,FL,Afternoon (12-17),348,346,48.0,0.13872832369942195,0.10625679370402452,0.17913408033725586,0.7302354448705144,False,0.005747126436781609,111.95833587646484
DL,Delta Air Lines,TLH,Tallahassee,FL,Evening (17-21),204,202,28.0,0.13861386138613863,0.09767358371634272,0.19304316158684187,0.729632940378047,False,0.00980392156862745,82.35713958740234
OO,Skywest Airlines,PDX,Portland,OR,Late morning (09-12),1214,1205,167.0,0.13858921161825727,0.12022605278058002,0.15924943846657758,0.729503189410582,False,0.007413509060955519,63.95209503173828
AS,Alaska Airlines,BOS,Boston,MA,Evening (17-21),979,967,134.0,0.13857290589451912,0.11822252902297326,0.16178360174027373,0.7294173596599562,False,0.012257405515832482,63.2164192199707
OO,Skywest Airlines,IAH,Houston,TX,Early morning (05-09),873,866,120.0,0.13856812933025403,0.1171486201829944,0.16318012013018443,0.7293922168741281,False,0.008018327605956471,54.358333587646484
UA,United Air Lines,MSY,New Orleans,LA,Late morning (09-12),569,563,78.0,0.13854351687388988,0.11244752305563449,0.16953883786071328,0.7292626623062998,False,0.01054481546572935,77.56410217285156
MQ,American Eagle Airlines,MHK,Manhattan,KS,Late morning (09-12),328,325,45.0,0.13846153846153847,0.10511637442405093,0.18025384637526398,0.7288311459380712,False,0.009146341463414634,69.0
MQ,American Eagle Airlines,GRK,Killeen,TX,Late morning (09-12),365,354,49.0,0.1384180790960452,0.10630865422655496,0.1782910122180395,0.7286023853775131,False,0.030136986301369864,61.28571319580078
AA,American Airlines,MFE,McAllen,TX,Late morning (09-12),475,463,64.0,0.13822894168466524,0.10975588812994658,0.17265596205649786,0.7276068075599654,False,0.02526315789473684,127.65625
AA,American Airlines,AUS,Austin,TX,Late morning (09-12),1542,1491,206.0,0.1381623071763917,0.12157442840487856,0.15660996250316148,0.7272560581347919,False,0.03437094682230869,73.22815704345703
NK,Spirit Air Lines,BOS,Boston,MA,Late morning (09-12),334,326,45.0,0.13803680981595093,0.1047886788440577,0.1797163684271174,0.7265954675762979,False,0.023952095808383235,63.20000076293945
US,US Airways,IND,Indianapolis,IN,Afternoon (12-17),292,290,40.0,0.13793103448275862,0.10295378601137602,0.182375452598814,0.7260386894402241,False,0.00684931506849315,52.525001525878906
F9,Frontier Airlines,MSP,Minneapolis,MN,Late morning (09-12),232,232,32.0,0.13793103448275862,0.09942567868353856,0.1882317998953042,0.7260386894402241,False,0.0,50.71875
OO,Skywest Airlines,GEG,Spokane,WA,Afternoon (12-17),1042,1037,143.0,0.13789778206364514,0.11824466171787837,0.16022383915679847,0.7258636560049686,False,0.007677543186180422,66.97901916503906
MQ,American Eagle Airlines,HPN,White Plains,NY,Early morning (05-09),303,283,39.0,0.13780918727915195,0.1024750008659423,0.1828448411653391,0.7253973125060896,False,0.066006600660066,137.1794891357422
EV,Atlantic Southeast Airlines,CHA,Chattanooga,TN,Late morning (09-12),515,508,70.0,0.1377952755905512,0.11052886332009575,0.17049870458372446,0.7253240844309325,False,0.013592233009708738,79.57142639160156
OO,Skywest Airlines,CVG,Covington,KY,Late morning (09-12),1081,1067,147.0,0.13776944704779756,0.11838465533376956,0.15975321304937878,0.7251881286512829,False,0.012950971322849213,69.11564636230469
AA,American Airlines,STL,St Louis,MO,Late morning (09-12),604,588,81.0,0.1377551020408163,0.11224044281689807,0.1679723708819024,0.725112619683285,False,0.026490066225165563,52.543209075927734
B6,JetBlue Airways,PDX,Portland,OR,Afternoon (12-17),334,334,46.0,0.1377245508982036,0.10486627853873864,0.17882169831195116,0.724951805174595,False,0.0,51.30434799194336
B6,JetBlue Airways,SAV,Savannah,GA,Afternoon (12-17),281,276,38.0,0.13768115942028986,0.10197859676174836,0.1833313785957396,0.7247234019593541,False,0.017793594306049824,63.6315803527832
DL,Delta Air Lines,BDL,Windsor Locks,CT,Afternoon (12-17),1246,1236,170.0,0.13754045307443366,0.1194590884691151,0.15786795072685958,0.7239827546400294,False,0.008025682182985553,55.32352828979492
AA,American Airlines,LAS,Las Vegas,NV,Night (21-24),677,677,93.0,0.13737075332348597,0.11347819485806503,0.16535553093072342,0.7230894924004004,False,0.0,53.64516067504883
UA,United Air Lines,TPA,Tampa,FL,Late morning (09-12),1443,1427,196.0,0.1373510861948143,0.12046235675300294,0.1561871340082385,0.7229859689520381,False,0.011088011088011088,58.78061294555664
EV,Atlantic Southeast Airlines,BRO,Brownsville,TX,Afternoon (12-17),709,685,94.0,0.13722627737226278,0.11347402756171691,0.16502483197289894,0.7223290027058581,False,0.03385049365303244,75.92552947998047
MQ,American Eagle Airlines,CLL,College Station,TX,Afternoon (12-17),576,555,76.0,0.13693693693693693,0.11082047670703374,0.16804494777102943,0.7208059781649792,False,0.036458333333333336,62.18421173095703
DL,Delta Air Lines,DAB,Daytona Beach,FL,Afternoon (12-17),329,329,45.0,0.13677811550151975,0.10381774477395496,0.17812297417463796,0.7199699769904957,False,0.0,62.75555419921875
MQ,American Eagle Airlines,CID,Cedar Rapids,IA,Early morning (05-09),759,724,99.0,0.13674033149171272,0.11362341790306901,0.1636918660817981,0.7197710902565205,False,0.04743083003952569,104.25252532958984
OO,Skywest Airlines,ISN,Williston,ND,Afternoon (12-17),895,885,121.0,0.1367231638418079,0.11565271551049253,0.16093379889207368,0.7196807235157475,False,0.0111731843575419,69.67768859863281
OO,Skywest Airlines,ABQ,Albuquerque,NM,Afternoon (12-17),1373,1361,186.0,0.1366642174871418,0.11943470228604769,0.1559390846794141,0.7193704428436019,False,0.00873998543335761,62.55376434326172
DL,Delta Air Lines,ANC,Anchorage,AK,Night (21-24),344,344,47.0,0.13662790697674418,0.10432469468832488,0.17695736013203012,0.7191793122870824,False,0.0,43.95744705200195
AA,American Airlines,CLE,Cleveland,OH,Afternoon (12-17),559,549,75.0,0.1366120218579235,0.11039719517969204,0.16787708808697965,0.7190956965084188,False,0.017889087656529516,69.34666442871094
OO,Skywest Airlines,ESC,Escanaba,MI,Afternoon (12-17),245,242,33.0,0.13636363636363635,0.09877263510344333,0.18531923543433385,0.7177882497874942,False,0.012244897959183673,94.81818389892578
UA,United Air Lines,IAD,Chantilly,VA,Early morning (05-09),4590,4542,619.0,0.13628357551739323,0.12661251056774211,0.1465693794479593,0.7173668270663509,False,0.010675381263616559,61.52665710449219
WN,Southwest Airlines,RNO,Reno,NV,Late morning (09-12),950,947,129.0,0.13621964097148892,0.11583654454305925,0.1595422356870022,0.7170302896504431,False,0.003157894736842105,45.930233001708984
VX,Virgin America,JFK,New York,NY,Afternoon (12-17),1001,992,135.0,0.13608870967741934,0.11614991131409719,0.15883518671755759,0.7163410960580839,False,0.00999000999000999,81.03704071044922
AA,American Airlines,DTW,Detroit,MI,Late morning (09-12),485,478,65.0,0.13598326359832635,0.10814210161367395,0.1696288505000497,0.7157860510433172,False,0.01443298969072165,94.984619140625
DL,Delta Air Lines,BTR,Baton Rouge,LA,Afternoon (12-17),287,287,39.0,0.13588850174216027,0.10102274767079489,0.18037303615105177,0.715287245432834,False,0.0,82.23076629638672
NK,Spirit Air Lines,BOS,Boston,MA,Early morning (05-09),562,552,75.0,0.1358695652173913,0.10978924876497584,0.16698312667435797,0.7151875677230468,False,0.017793594306049824,83.4000015258789
UA,United Air Lines,JFK,New York,NY,Afternoon (12-17),1050,1038,141.0,0.13583815028901733,0.11633283773204234,0.1580290230345079,0.715022206435712,False,0.013333333333333334,69.83687591552734
EV,Atlantic Southeast Airlines,CMH,Columbus,OH,Early morning (05-09),235,221,30.0,0.13574660633484162,0.09676806330542623,0.18717227513728188,0.7145403391549716,False,0.059574468085106386,59.96666717529297
DL,Delta Air Lines,JAX,Jacksonville,FL,Afternoon (12-17),1040,1039,141.0,0.13570741097208855,0.11621972086831762,0.1578790492612974,0.7143340233688826,False,0.0009615384615384616,56.45389938354492
US,US Airways,STL,St Louis,MO,Early morning (05-09),542,538,73.0,0.13568773234200743,0.10931984551142013,0.1672214905543231,0.7142304393796256,False,0.007380073800738007,68.6986312866211
AA,American Airlines,SLC,Salt Lake City,UT,Evening (17-21),357,354,48.0,0.13559322033898305,0.10381798021232361,0.1751926211263692,0.7137329489412373,False,0.008403361344537815,61.47916793823242
US,US Airways,PIT,Pittsburgh,PA,Afternoon (12-17),539,531,72.0,0.13559322033898305,0.10907788992466971,0.16734339069374143,0.7137329489412373,False,0.014842300556586271,61.15277862548828
B6,JetBlue Airways,SAN,San Diego,CA,Night (21-24),413,406,55.0,0.1354679802955665,0.10557644721836923,0.17219330577888636,0.7130737128430773,False,0.01694915254237288,57.94545364379883
EV,Atlantic Southeast Airlines,GSO,Greensboro,NC,Late morning (09-12),754,731,99.0,0.1354309165526676,0.1125224673787065,0.16215114935719957,0.7128786174360067,False,0.03050397877984085,81.71717071533203
US,US Airways,SAN,San Diego,CA,Late morning (09-12),534,532,72.0,0.13533834586466165,0.10887010474519271,0.16703531207948086,0.7123913456537537,False,0.003745318352059925,56.73611068725586
UA,United Air Lines,LAS,Las Vegas,NV,Overnight (00-05),320,318,43.0,0.13522012578616352,0.10196124597793302,0.17718725440237829,0.711769061110031,False,0.00625,58.86046600341797
UA,United Air Lines,AUS,Austin,TX,Late morning (09-12),495,489,66.0,0.13496932515337423,0.10751353016965187,0.16811579982197222,0.710448901630158,False,0.012121212121212121,79.66666412353516
WN,Southwest Airlines,OMA,Omaha,NE,Late morning (09-12),788,780,105.0,0.1346153846153846,0.11244484703099662,0.16036741503827862,0.7085858363286802,False,0.01015228426395939,44.41904830932617
OO,Skywest Airlines,RKS,Rock Springs,WY,Afternoon (12-17),266,260,35.0,0.1346153846153846,0.09840853941598349,0.18146241345877168,0.7085858363286802,False,0.022556390977443608,68.37142944335938
DL,Delta Air Lines,SAV,Savannah,GA,Late morning (09-12),654,654,88.0,0.1345565749235474,0.11052590444604901,0.16285540801579593,0.7082762750196681,False,0.0,41.28409194946289
AA,American Airlines,PHL,Philadelphia,PA,Late morning (09-12),4702,4675,628.0,0.13433155080213904,0.12485588868514114,0.14440768287923927,0.7070917974377199,False,0.0063802637175669925,54.845542907714844
AS,Alaska Airlines,DFW,Dallas-Fort Worth,TX,Afternoon (12-17),552,551,74.0,0.13430127041742287,0.1083481987822772,0.16531837560580048,0.7069324081391656,False,0.0018115942028985507,37.35135269165039
DL,Delta Air Lines,CAE,Columbia,SC,Evening (17-21),218,216,29.0,0.13425925925925927,0.09513156655638767,0.18616915177899568,0.7067112706241071,False,0.009174311926605505,78.55172729492188
OO,Skywest Airlines,XNA,Fayetteville/Springdale/Rogers,AR,Late morning (09-12),521,514,69.0,0.13424124513618677,0.10746661214760078,0.16644262959736522,0.7066164482343815,False,0.013435700575815739,74.63768005371094
OO,Skywest Airlines,PDX,Portland,OR,Afternoon (12-17),1729,1721,231.0,0.13422428820453225,0.11893042424861591,0.151147477397541,0.7065271906682251,False,0.005205320994794679,63.675323486328125
AA,American Airlines,EGE,Eagle,CO,Early morning (05-09),237,231,31.0,0.1341991341991342,0.09617767720014381,0.18418832269084662,0.7063947855051531,False,0.02531645569620253,131.83871459960938
DL,Delta Air Lines,OKC,Oklahoma City,OK,Evening (17-21),314,313,42.0,0.134185303514377,0.1008276698482026,0.176413702496843,0.7063219838164481,False,0.0031847133757961785,79.97618865966797
B6,JetBlue Airways,BTV,Burlington,VT,Late morning (09-12),332,328,44.0,0.13414634146341464,0.101468627621434,0.17529474381843368,0.7061168961324131,False,0.012048192771084338,77.79545593261719
DL,Delta Air Lines,GSO,Greensboro,NC,Afternoon (12-17),605,604,81.0,0.13410596026490065,0.10922940083001983,0.16360746982838856,0.7059043383671715,False,0.001652892561983471,61.12345504760742
B6,JetBlue Airways,LGA,New York,NY,Late morning (09-12),1333,1307,175.0,0.13389441469013008,0.11650095171077876,0.1534337223184861,0.7047908088961625,False,0.019504876219054765,52.862857818603516
EV,Atlantic Southeast Airlines,PNS,Pensacola,FL,Late morning (09-12),536,531,71.0,0.1337099811676083,0.10737708473279187,0.16530477097925447,0.7038199913170534,False,0.009328358208955223,75.50704193115234
OO,Skywest Airlines,MDW,Chicago,IL,Afternoon (12-17),219,217,29.0,0.1336405529953917,0.09468520599167325,0.18534174545225762,0.7034545366580973,False,0.0091324200913242,89.48275756835938
F9,Frontier Airlines,SLC,Salt Lake City,UT,Late morning (09-12),293,292,39.0,0.13356164383561644,0.09926434185803858,0.17737558978105483,0.7030391761617238,False,0.0034129692832764505,55.97435760498047
AS,Alaska Airlines,OGG,Kahului,HI,Night (21-24),586,584,78.0,0.13356164383561644,0.10835209881195555,0.1635606069237392,0.7030391761617238,False,0.0034129692832764505,42.56410217285156
DL,Delta Air Lines,CAK,Akron,OH,Afternoon (12-17),293,292,39.0,0.13356164383561644,0.09926434185803858,0.17737558978105483,0.7030391761617238,False,0.0034129692832764505,74.69230651855469
F9,Frontier Airlines,AUS,Austin,TX,Late morning (09-12),367,367,49.0,0.1335149863760218,0.10248547471677749,0.17213743706011053,0.7027935815358027,False,0.0,66.14286041259766
OO,Skywest Airlines,SLC,Salt Lake City,UT,Evening (17-21),8842,8797,1174.0,0.13345458679095146,0.12650790982419075,0.1407212606224174,0.7024756513777956,False,0.005767925808640579,58.96592712402344
OO,Skywest Airlines,GRR,Grand Rapids,MI,Afternoon (12-17),289,285,38.0,0.13333333333333333,0.09870464764999648,0.17771536941125787,0.7018373997922166,False,0.01384083044982699,72.57894897460938
DL,Delta Air Lines,OMA,Omaha,NE,Evening (17-21),421,420,56.0,0.13333333333333333,0.10412345221624877,0.16918997430913243,0.7018373997922166,False,0.0023752969121140144,63.69643020629883
US,US Airways,LAX,Los Angeles,CA,Afternoon (12-17),711,705,94.0,0.13333333333333333,0.11021656567509486,0.16042443507881116,0.7018373997922166,False,0.008438818565400843,46.27659606933594
UA,United Air Lines,LIH,Lihue,HI,Afternoon (12-17),472,458,61.0,0.1331877729257642,0.10510031014457644,0.16737752641237297,0.701071201757509,False,0.03177966101694915,96.16393280029297
EV,Atlantic Southeast Airlines,STL,St Louis,MO,Early morning (05-09),423,413,55.0,0.13317191283292978,0.10376090762257006,0.16934427189885964,0.7009877177101438,False,0.02364066193853428,72.49090576171875
DL,Delta Air Lines,SLC,Salt Lake City,UT,Afternoon (12-17),6963,6955,926.0,0.13314162473040977,0.12535945227479586,0.14132884251265845,0.7008282877867641,False,0.0011489300588826655,50.591793060302734
OO,Skywest Airlines,MBS,Saginaw,MI,Late morning (09-12),332,323,43.0,0.13312693498452013,0.10035777967303314,0.17452032641872503,0.7007509641888232,False,0.02710843373493976,100.6279067993164
DL,Delta Air Lines,HSV,Huntsville,AL,Afternoon (12-17),362,361,48.0,0.1329639889196676,0.1017740959258625,0.17188329402089791,0.6998932518703546,False,0.0027624309392265192,58.45833206176758
DL,Delta Air Lines,PBI,West Palm Beach,FL,Late morning (09-12),985,979,130.0,0.13278855975485188,0.11295968197332154,0.1554880516187446,0.6989698312537397,False,0.006091370558375634,74.36154174804688
OO,Skywest Airlines,COD,Cody,WY,Early morning (05-09),250,241,32.0,0.13278008298755187,0.09564764038895657,0.18143599245774922,0.6989252114113361,False,0.036,99.4375
OO,Skywest Airlines,MSN,Madison,WI,Late morning (09-12),297,294,39.0,0.1326530612244898,0.09857801092756491,0.17620428946297828,0.6982565967320523,False,0.010101010101010102,89.33333587646484
AS,Alaska Airlines,LAS,Las Vegas,NV,Evening (17-21),980,980,130.0,0.1326530612244898,0.11284322161189517,0.15533165531951335,0.6982565967320523,False,0.0,60.769229888916016
OO,Skywest Airlines,RHI,Rhinelander,WI,Night (21-24),285,279,37.0,0.13261648745519714,0.09776609481188905,0.17744660374447604,0.6980640804384951,False,0.021052631578947368,64.10810852050781
AS,Alaska Airlines,PSP,Palm Springs,CA,Afternoon (12-17),430,430,57.0,0.1325581395348837,0.10373727945441913,0.1678862808496181,0.6977569497934246,False,0.0,61.596492767333984
AA,American Airlines,KOA,Kailua/Kona,HI,Night (21-24),440,438,58.0,0.1324200913242009,0.10384994178785768,0.16738210155075056,0.6970302943141877,False,0.006818181818181818,90.18965148925781
AA,American Airlines,PHX,Phoenix,AZ,Late morning (09-12),6018,5999,794.0,0.13235539256542758,0.12401470896967162,0.14116663447940422,0.6966897342494833,False,0.004154204054503157,52.401763916015625
US,US Airways,DFW,Dallas-Fort Worth,TX,Evening (17-21),491,476,63.0,0.1323529411764706,0.10483265174660097,0.16575997715426968,0.6966768306760974,False,0.03054989816700611,63.14285659790039
EV,Atlantic Southeast Airlines,RDU,Raleigh,NC,Late morning (09-12),808,786,104.0,0.13231552162849872,0.11040580675448144,0.15780189463779773,0.6964798623892225,False,0.027227722772277228,81.36538696289062
DL,Delta Air Lines,SAT,San Antonio,TX,Afternoon (12-17),962,960,127.0,0.13229166666666667,0.11231731526184142,0.15519718089603352,0.69635429510634,False,0.002079002079002079,52.68503952026367
OO,Skywest Airlines,SLC,Salt Lake City,UT,Afternoon (12-17),13912,13864,1834.0,0.13228505481823427,0.1267470821962468,0.13802675254383273,0.6963194917875029,False,0.004240943070730305,56.25136184692383
AS,Alaska Airlines,SEA,Seattle,WA,Afternoon (12-17),11193,11179,1478.0,0.13221218355845782,0.1260592399757851,0.13861781670361917,0.6959359134713947,False,0.0012507817385866166,46.306495666503906
MQ,American Eagle Airlines,DRO,Durango,CO,Early morning (05-09),230,227,30.0,0.13215859030837004,0.09416484356963845,0.18239536048370375,0.6956538103667346,False,0.013043478260869565,105.56666564941406
DL,Delta Air Lines,JAC,Jackson,WY,Afternoon (12-17),386,386,51.0,0.13212435233160622,0.10193965909862554,0.16955932920842018,0.695473589172339,False,0.0,68.90196228027344
EV,Atlantic Southeast Airlines,JAN,Jackson,MS,Late morning (09-12),1102,1090,144.0,0.13211009174311927,0.11329373015937713,0.1535105310791788,0.6953985245647651,False,0.012704174228675136,76.125
EV,Atlantic Southeast Airlines,LEX,Lexington,KY,Late morning (09-12),663,651,86.0,0.13210445468509985,0.1082383994366741,0.16028699662857285,0.6953688523286939,False,0.0196078431372549,62.27906799316406
AS,Alaska Airlines,IAD,Chantilly,VA,Evening (17-21),265,265,35.0,0.1320754716981132,0.09652037837345546,0.1781454471535463,0.695216292247007,False,0.0037735849056603774,58.342857360839844
OO,Skywest Airlines,GEG,Spokane,WA,Late morning (09-12),572,568,75.0,0.13204225352112675,0.10665677780079294,0.16237156851049325,0.695041439054792,False,0.008741258741258742,67.61333465576172
DL,Delta Air Lines,MKE,Milwaukee,WI,Afternoon (12-17),1860,1857,245.0,0.13193322563274099,0.11729790230084582,0.14808825415653354,0.6944675401821206,False,0.002688172043010753,70.7306137084961
MQ,American Eagle Airlines,SJT,San Angelo,TX,Afternoon (12-17),571,547,72.0,0.1316270566727605,0.1058457275842422,0.1625464926111823,0.6928559339813473,False,0.043782837127845885,65.52777862548828
UA,United Air Lines,PHL,Philadelphia,PA,Early morning (05-09),1596,1573,207.0,0.13159567705022251,0.11578340769208058,0.1492030056547008,0.6926907585361833,False,0.015037593984962405,71.91787719726562
EV,Atlantic Southeast Airlines,ELM,Elmira,NY,Late morning (09-12),500,494,65.0,0.13157894736842105,0.10459208067601836,0.16425166400100336,0.6926026971633716,False,0.012,66.92308044433594
AA,American Airlines,PDX,Portland,OR,Late morning (09-12),344,342,45.0,0.13157894736842105,0.09981036443523646,0.1715323543123058,0.6926026971633716,False,0.005813953488372093,60.733333587646484
DL,Delta Air Lines,MEM,Memphis,TN,Afternoon (12-17),1164,1157,152.0,0.1313742437337943,0.11312283980685918,0.15206545117099696,0.6915251821634633,False,0.006013745704467354,63.203948974609375
DL,Delta Air Lines,DAL,Dallas,TX,Afternoon (12-17),562,556,73.0,0.13129496402877697,0.10573495006630182,0.1619150423601274,0.6911078711982708,False,0.010676156583629894,58.79452133178711
AA,American Airlines,PIT,Pittsburgh,PA,Evening (17-21),650,640,84.0,0.13125,0.10727421696416019,0.15962621320375697,0.6908711904204633,False,0.015384615384615385,60.119049072265625
F9,Frontier Airlines,PHL,Philadelphia,PA,Early morning (05-09),388,381,50.0,0.13123359580052493,0.10097883525440746,0.16885062185210079,0.6907848423151739,False,0.01804123711340206,89.26000213623047
AA,American Airlines,DFW,Dallas-Fort Worth,TX,Early morning (05-09),19593,19223,2522.0,0.13119700358945013,0.12649785628780413,0.13604352752429322,0.6905922289481234,False,0.019547797682845914,54.182395935058594
DL,Delta Air Lines,RDU,Raleigh,NC,Afternoon (12-17),1541,1533,201.0,0.13111545988258316,0.11513715440817593,0.14893794610966535,0.6901630007741465,False,0.005191434133679429,67.53234100341797
AS,Alaska Airlines,YAK,Yakutat,AK,Late morning (09-12),331,328,43.0,0.13109756097560976,0.09880399325691865,0.17193240627828132,0.6900687848566764,False,0.00906344410876133,56.651161193847656
MQ,American Eagle Airlines,LSE,La Crosse,WI,Late morning (09-12),306,290,38.0,0.1310344827586207,0.09697508100821665,0.1747413811945484,0.689736754968213,False,0.05228758169934641,85.68421173095703
DL,Delta Air Lines,SFO,San Francisco,CA,Overnight (00-05),290,290,38.0,0.1310344827586207,0.09697508100821665,0.1747413811945484,0.689736754968213,False,0.0,53.05263137817383
DL,Delta Air Lines,STL,St Louis,MO,Afternoon (12-17),1345,1344,176.0,0.13095238095238096,0.1139634867882768,0.1500449842368051,0.6893045890816414,False,0.0007434944237918215,52.414772033691406
DL,Delta Air Lines,CHS,Charleston,SC,Afternoon (12-17),926,924,121.0,0.13095238095238096,0.11071976735751844,0.1542409759417688,0.6893045890816414,False,0.0021598272138228943,66.54545593261719
DL,Delta Air Lines,BUF,Buffalo,NY,Afternoon (12-17),673,672,88.0,0.13095238095238096,0.10752990005520392,0.15857032224540615,0.6893045890816414,False,0.0014858841010401188,59.84090805053711
UA,United Air Lines,ALB,Albany,NY,Early morning (05-09),349,344,45.0,0.1308139534883721,0.09922115622066036,0.1705614114768204,0.6885759372961429,False,0.014326647564469915,100.28888702392578
WN,Southwest Airlines,ABQ,Albuquerque,NM,Late morning (09-12),2366,2357,308.0,0.13067458633856596,0.11766633789459516,0.14488477946965325,0.6878423392108699,False,0.0038038884192730348,48.05194854736328
UA,United Air Lines,OKC,Oklahoma City,OK,Early morning (05-09),269,268,35.0,0.13059701492537312,0.09542188513565247,0.1762127726944957,0.6874340203188688,False,0.0037174721189591076,67.22856903076172
DL,Delta Air Lines,MSN,Madison,WI,Afternoon (12-17),965,965,126.0,0.1305699481865285,0.11076803410641418,0.15330155167520382,0.6872915469467822,False,0.0,71.80158996582031
OO,Skywest Airlines,BZN,Bozeman,MT,Evening (17-21),439,429,56.0,0.13053613053613053,0.1019080592308161,0.16572240882031392,0.6871135382581142,False,0.025056947608200455,65.78571319580078
DL,Delta Air Lines,JAN,Jackson,MS,Afternoon (12-17),599,598,78.0,0.13043478260869565,0.1057836922815051,0.15980379784878834,0.6865800650141249,False,0.001669449081803005,59.83333206176758
DL,Delta Air Lines,FNT,Flint,MI,Afternoon (12-17),253,253,33.0,0.13043478260869565,0.09440509385510759,0.17751970337400164,0.6865800650141249,False,0.0,61.24242401123047
OO,Skywest Airlines,MKE,Milwaukee,WI,Early morning (05-09),2587,2523,329.0,0.1304003170828379,0.11782016690430289,0.14410428455320043,0.6863986460512463,False,0.026285272516428294,91.91185760498047
DL,Delta Air Lines,MCI,Kansas City,MO,Afternoon (12-17),1581,1580,206.0,0.13037974683544304,0.11466877653046204,0.14788374134758842,0.6862903687841612,False,0.0006325110689437065,66.14077758789062
AA,American Airlines,MSP,Minneapolis,MN,Late morning (09-12),833,821,107.0,0.13032886723507917,0.10901045422946325,0.15509067743023972,0.6860225497359973,False,0.01680672268907563,78.06542205810547
OO,Skywest Airlines,GRB,Green Bay,WI,Late morning (09-12),308,307,40.0,0.13029315960912052,0.09716177587790462,0.17256273975964195,0.6858345926308306,False,0.003246753246753247,90.0999984741211
UA,United Air Lines,FLL,Ft. Lauderdale,FL,Late morning (09-12),1059,1052,137.0,0.13022813688212928,0.11122825573025891,0.1519187920844891,0.6854923272685386,False,0.0066100094428706326,63.759124755859375
VX,Virgin America,ORD,Chicago,IL,Late morning (09-12),246,246,32.0,0.13008130081300814,0.09367030264509704,0.17786814411477006,0.6847194144314309,False,0.0,35.75
EV,Atlantic Southeast Airlines,COS,Colorado Springs,CO,Late morning (09-12),250,246,32.0,0.13008130081300814,0.09367030264509704,0.17786814411477006,0.6847194144314309,False,0.016,71.0625
HA,Hawaiian Airlines,KOA,Kailua/Kona,HI,Evening (17-21),1211,1207,157.0,0.1300745650372825,0.112264502000133,0.15023193023344739,0.6846839587865244,False,0.00495458298926507,36.14012908935547
AA,American Airlines,DEN,Denver,CO,Overnight (00-05),354,354,46.0,0.12994350282485875,0.09885177908951646,0.16898069203737315,0.6839940760686857,False,0.0,41.673912048339844
MQ,American Eagle Airlines,OMA,Omaha,NE,Late morning (09-12),291,285,37.0,0.12982456140350876,0.09567432086451996,0.1738214858336842,0.6833679945345267,False,0.024054982817869417,65.27027130126953
AA,American Airlines,HNL,Honolulu,HI,Night (21-24),842,832,108.0,0.12980769230769232,0.1086605394988841,0.15435771659174358,0.6832791993169417,False,0.013064133016627079,73.12036895751953
EV,Atlantic Southeast Airlines,DEN,Denver,CO,Early morning (05-09),262,262,34.0,0.1297709923664122,0.09437123054850244,0.17587089859908017,0.6830860188817376,False,0.0,71.0
US,US Airways,BDL,Windsor Locks,CT,Evening (17-21),297,293,38.0,0.1296928327645051,0.0959661489510396,0.17300423794890973,0.682674603893453,False,0.013468013468013467,46.23684310913086
OO,Skywest Airlines,ELP,El Paso,TX,Afternoon (12-17),887,879,114.0,0.1296928327645051,0.10908368688105648,0.1535246904314761,0.682674603893453,False,0.009019165727170236,54.68421173095703
WN,Southwest Airlines,OAK,Oakland,CA,Late morning (09-12),7264,7168,929.0,0.12960379464285715,0.12202631852461726,0.13757807653062215,0.6822059267651046,False,0.013215859030837005,43.39935302734375
OO,Skywest Airlines,SFO,San Francisco,CA,Night (21-24),4326,4171,540.0,0.12946535602972908,0.11961690117676652,0.13999572700055166,0.6814772162930898,False,0.04022191400832178,51.155555725097656
AA,American Airlines,PIT,Pittsburgh,PA,Afternoon (12-17),1028,1020,132.0,0.12941176470588237,0.1101948323446501,0.15140969710599933,0.6811951233277398,False,0.007782101167315175,63.3636360168457
WN,Southwest Airlines,ICT,Wichita,KS,Late morning (09-12),257,255,33.0,0.12941176470588237,0.09365218650304089,0.1761715203508806,0.6811951233277398,False,0.007782101167315175,76.39393615722656
WN,Southwest Airlines,GRR,Grand Rapids,MI,Late morning (09-12),288,286,37.0,0.12937062937062938,0.0953343682269462,0.17323163472087083,0.6809785959522382,False,0.006944444444444444,70.89189147949219
DL,Delta Air Lines,STT,Charlotte Amalie,VI,Afternoon (12-17),864,858,111.0,0.12937062937062938,0.10855521778889421,0.1534901511048793,0.6809785959522382,False,0.006944444444444444,80.12612915039062
DL,Delta Air Lines,OAK,Oakland,CA,Afternoon (12-17),232,232,30.0,0.12931034482758622,0.09210020250876778,0.17859673984576174,0.6806612713502102,False,0.0,67.33333587646484
WN,Southwest Airlines,LIT,Little Rock,AR,Late morning (09-12),601,588,76.0,0.1292517006802721,0.10452303807524006,0.15879336279958867,0.6803525814312305,False,0.021630615640599003,56.592105865478516
EV,Atlantic Southeast Airlines,MDT,Harrisburg,PA,Late morning (09-12),301,294,38.0,0.1292517006802721,0.09563449006994593,0.17243283162050974,0.6803525814312305,False,0.023255813953488372,94.13157653808594
AS,Alaska Airlines,JNU,Juneau,AK,Late morning (09-12),665,658,85.0,0.12917933130699089,0.10568835156241414,0.15697510144507287,0.6799716449354682,False,0.010526315789473684,54.04705810546875
DL,Delta Air Lines,OGG,Kahului,HI,Afternoon (12-17),311,310,40.0,0.12903225806451613,0.09620667874940804,0.1709395504311722,0.6791974836698871,False,0.006430868167202572,128.125
B6,JetBlue Airways,DTW,Detroit,MI,Late morning (09-12),314,310,40.0,0.12903225806451613,0.09620667874940804,0.1709395504311722,0.6791974836698871,False,0.012738853503184714,57.75
EV,Atlantic Southeast Airlines,GRK,Killeen,TX,Late morning (09-12),221,217,28.0,0.12903225806451613,0.09080230209965132,0.18016838458256798,0.6791974836698871,False,0.01809954751131222,88.07142639160156
OO,Skywest Airlines,DEN,Denver,CO,Early morning (05-09),4215,4181,539.0,0.12891652714661564,0.11909831271578203,0.13941603583208173,0.6785883015211758,False,0.008778173190984579,51.25603103637695
MQ,American Eagle Airlines,COU,Columbia,MO,Early morning (05-09),641,613,79.0,0.12887438825448613,0.10464296226627767,0.1577284471847062,0.6783664916425585,False,0.0436817472698908,154.37974548339844
WN,Southwest Airlines,MEM,Memphis,TN,Late morning (09-12),594,590,76.0,0.1288135593220339,0.10416430902720726,0.15826526815297,0.6780463014941753,False,0.006734006734006734,52.44736862182617
OO,Skywest Airlines,MSO,Missoula,MT,Afternoon (12-17),503,497,64.0,0.12877263581488935,0.10214736731125038,0.1610927469284614,0.6778308891353401,False,0.011928429423459244,67.84375
AS,Alaska Airlines,MCI,Kansas City,MO,Afternoon (12-17),334,334,43.0,0.12874251497005987,0.09700183368905986,0.16892634093478753,0.6776723396197301,False,0.0,57.069766998291016
DL,Delta Air Lines,MIA,Miami,FL,Late morning (09-12),1557,1546,199.0,0.12871927554980594,0.11294121032313223,0.14633793149368315,0.6775500124126024,False,0.007064868336544637,63.35678482055664
EV,Atlantic Southeast Airlines,LFT,Lafayette,LA,Late morning (09-12),958,948,122.0,0.12869198312236288,0.1088645284337675,0.1515166106128974,0.6774063510652725,False,0.011482254697286013,81.48360443115234
EV,Atlantic Southeast Airlines,LRD,Laredo,TX,Afternoon (12-17),424,412,53.0,0.12864077669902912,0.09970953142742653,0.16443335374808257,0.6771368116927333,False,0.02830188679245283,60.8301887512207
EV,Atlantic Southeast Airlines,GTR,Columbus-Starkville-West Point,MS,Late morning (09-12),283,280,36.0,0.12857142857142856,0.09433440187928321,0.17286251358342558,0.676771778371066,False,0.01060070671378092,72.61111450195312
DL,Delta Air Lines,SJC,San Jose,CA,Afternoon (12-17),258,257,33.0,0.12840466926070038,0.09291120029923274,0.17484363635258965,0.6758939939633214,False,0.003875968992248062,69.36363983154297
OO,Skywest Airlines,HYS,Hays,KS,Evening (17-21),262,257,33.0,0.12840466926070038,0.09291120029923274,0.17484363635258965,0.6758939939633214,False,0.022900763358778626,57.09090805053711
AS,Alaska Airlines,SEA,Seattle,WA,Late morning (09-12),10320,10300,1322.0,0.1283495145631068,0.12202819369768243,0.13494796168110365,0.675603671741731,False,0.001937984496124031,45.85627746582031
US,US Airways,SJC,San Jose,CA,Afternoon (12-17),346,343,44.0,0.1282798833819242,0.09696386527621081,0.16783020786841768,0.6752371484881384,False,0.008670520231213872,46.70454406738281
US,US Airways,LAS,Las Vegas,NV,Afternoon (12-17),867,858,110.0,0.1282051282051282,0.10748052749072448,0.15224422935554519,0.6748436536463621,False,0.012687427912341407,54.48181915283203
AS,Alaska Airlines,KTN,Ketchikan,AK,Afternoon (12-17),772,765,98.0,0.12810457516339868,0.10626589114942445,0.15365969040079344,0.6743143645062473,False,0.009067357512953367,54.581634521484375
US,US Airways,SEA,Seattle,WA,Night (21-24),242,242,31.0,0.128099173553719,0.09173155386211873,0.17608967736969883,0.6742859316185552,False,0.0,57.290321350097656
DL,Delta Air Lines,IAH,Houston,TX,Late morning (09-12),313,313,40.0,0.12779552715654952,0.09527018602444332,0.16934658147073406,0.6726876036347124,False,0.0,51.400001525878906
EV,Atlantic Southeast Airlines,MOB,Mobile,AL,Late morning (09-12),812,806,103.0,0.12779156327543426,0.10649535477360435,0.152619020185647,0.6726667386345998,False,0.007389162561576354,57.96116638183594
US,US Airways,ORD,Chicago,IL,Late morning (09-12),700,689,88.0,0.12772133526850507,0.10484581724018599,0.15472520159009207,0.6722970738212815,False,0.017142857142857144,64.25
WN,Southwest Airlines,CHS,Charleston,SC,Late morning (09-12),372,368,47.0,0.12771739130434784,0.09742037729166916,0.16570671768640757,0.6722763136596641,False,0.010752688172043012,55.63829803466797
MQ,American Eagle Airlines,CMI,Champaign/Urbana,IL,Afternoon (12-17),485,462,59.0,0.1277056277056277,0.10031155318566454,0.16124001284021205,0.6722143926581295,False,0.049484536082474224,71.55931854248047
OO,Skywest Airlines,LAX,Los Angeles,CA,Early morning (05-09),5855,5819,743.0,0.12768516927307097,0.11935502212743856,0.13650658331276436,0.6721067039598088,False,0.0071733561058923995,63.761775970458984
AS,Alaska Airlines,DCA,Arlington,VA,Evening (17-21),658,658,84.0,0.1276595744680851,0.10430481382170628,0.1553367680915491,0.6719719785244627,False,0.0,62.17856979370117
OO,Skywest Airlines,FSD,Sioux Falls,SD,Late morning (09-12),337,329,42.0,0.1276595744680851,0.09584894343255099,0.16806518268629947,0.6719719785244627,False,0.02373887240356083,116.97618865966797
EV,Atlantic Southeast Airlines,SHV,Shreveport,LA,Early morning (05-09),2285,2231,284.0,0.12729717615419095,0.11410403672899636,0.14177163696528247,0.6700643933471185,False,0.02363238512035011,92.03520965576172
AS,Alaska Airlines,OTZ,Kotzebue,AK,Late morning (09-12),235,228,29.0,0.12719298245614036,0.09003827879913306,0.17670246143040297,0.6695159405912593,False,0.029787234042553193,62.034481048583984
AA,American Airlines,SFO,San Francisco,CA,Night (21-24),1316,1306,166.0,0.12710566615620214,0.1101272990803731,0.1462713372127481,0.6690563267544485,False,0.007598784194528876,48.89759063720703
AA,American Airlines,MIA,Miami,FL,Early morning (05-09),7370,7294,927.0,0.12709075952837948,0.11964265590474617,0.1349314636541107,0.668977861537618,False,0.010312075983717774,52.59870529174805
EV,Atlantic Southeast Airlines,IND,Indianapolis,IN,Late morning (09-12),685,677,86.0,0.12703101920236337,0.10403286139902307,0.15423807856704247,0.6686634015745638,False,0.013138686131386862,71.70930480957031
DL,Delta Air Lines,MSY,New Orleans,LA,Late morning (09-12),1286,1285,163.0,0.12684824902723735,0.10975695936121613,0.1461640164980361,0.6677013394910387,False,0.0015552099533437014,69.76073455810547
OO,Skywest Airlines,SBN,South Bend,IN,Early morning (05-09),1823,1783,226.0,0.126752664049355,0.11210802040577639,0.1430022255164139,0.6671982011485177,False,0.02578167855183763,108.22123718261719
DL,Delta Air Lines,ORF,Norfolk,VA,Afternoon (12-17),946,939,119.0,0.12673056443024494,0.10696208967405726,0.14954080540397066,0.6670818736044232,False,0.007399577167019027,71.5378189086914
AA,American Airlines,CMH,Columbus,OH,Late morning (09-12),239,237,30.0,0.12658227848101267,0.0901242077167694,0.1749529218156702,0.6663013289166614,False,0.008368200836820083,155.86666870117188
DL,Delta Air Lines,DAB,Daytona Beach,FL,Late morning (09-12),333,332,42.0,0.12650602409638553,0.09496969670588594,0.16658694189993295,0.6658999425739405,False,0.003003003003003003,55.619049072265625
DL,Delta Air Lines,PNS,Pensacola,FL,Late morning (09-12),603,601,76.0,0.1264559068219634,0.1022345168640624,0.1554223638795901,0.6656361362422021,False,0.003316749585406302,61.092105865478516
B6,JetBlue Airways,RDU,Raleigh,NC,Late morning (09-12),895,886,112.0,0.12641083521444696,0.10612958491213748,0.1499177835183787,0.6653988891935237,False,0.01005586592178771,53.50893020629883
WN,Southwest Airlines,MHT,Manchester,NH,Late morning (09-12),570,562,71.0,0.12633451957295375,0.10137985060327942,0.1563629523295555,0.6649971804081056,False,0.014035087719298246,53.08450698852539
EV,Atlantic Southeast Airlines,MFE,McAllen,TX,Late morning (09-12),387,380,48.0,0.12631578947368421,0.09661169269168496,0.16349976995332277,0.6648985892768369,False,0.01808785529715762,51.5625
UA,United Air Lines,PIT,Pittsburgh,PA,Early morning (05-09),1071,1062,134.0,0.12617702448210924,0.10754412127254867,0.14750465895896045,0.664168160820318,False,0.009337068160597572,64.64925384521484
AS,Alaska Airlines,BET,Bethel,AK,Afternoon (12-17),332,325,41.0,0.12615384615384614,0.09436997972828082,0.16667241880037242,0.6640461551880203,False,0.02108433734939759,63.780487060546875
AS,Alaska Airlines,SIT,Sitka,AK,Evening (17-21),334,333,42.0,0.12612612612612611,0.09468019007179232,0.16609995109841938,0.6639002430466914,False,0.0029940119760479044,51.21428680419922
US,US Airways,SFO,San Francisco,CA,Evening (17-21),223,222,28.0,0.12612612612612611,0.08872191491738132,0.17624964036738458,0.6639002430466914,False,0.004484304932735426,51.03571319580078
OO,Skywest Airlines,STL,St Louis,MO,Early morning (05-09),478,476,60.0,0.12605042016806722,0.09919605252226002,0.15889245001691124,0.6635017435010451,False,0.0041841004184100415,76.80000305175781
EV,Atlantic Southeast Airlines,CVG,Covington,KY,Late morning (09-12),676,651,82.0,0.1259600614439324,0.10264597283556742,0.15366272838317008,0.6630261150110802,False,0.038461538461538464,68.65853881835938
WN,Southwest Airlines,MKE,Milwaukee,WI,Late morning (09-12),2184,2160,272.0,0.1259259259259259,0.11259531028789188,0.14058477461296215,0.6628464331370935,False,0.01098901098901099,57.4375
AA,American Airlines,PBI,West Palm Beach,FL,Late morning (09-12),281,278,35.0,0.12589928057553956,0.09193431841509568,0.1700624911403425,0.6627061778613557,False,0.010676156583629894,47.400001525878906
AA,American Airlines,MEM,Memphis,TN,Early morning (05-09),427,421,53.0,0.12589073634204276,0.09754831849526782,0.16099886709107772,0.662661202891701,False,0.01873536299765808,89.50943756103516
MQ,American Eagle Airlines,LFT,Lafayette,LA,Afternoon (12-17),493,485,61.0,0.12577319587628866,0.09917202653044033,0.15825614652193493,0.6620424956802868,False,0.016227180527383367,87.16393280029297
EV,Atlantic Southeast Airlines,BOS,Boston,MA,Late morning (09-12),410,398,50.0,0.12562814070351758,0.0966044831348549,0.16180977760868184,0.6612789570906563,False,0.03170731707317073,78.30000305175781
EV,Atlantic Southeast Airlines,GPT,Gulfport-Biloxi,MS,Late morning (09-12),210,207,26.0,0.12560386473429952,0.08717477240869159,0.1776761867948053,0.6611511737173056,False,0.014285714285714285,53.30769348144531
EV,Atlantic Southeast Airlines,MFE,McAllen,TX,Afternoon (12-17),429,422,53.0,0.12559241706161137,0.09731395584161781,0.1606260857137398,0.661090915681057,False,0.016317016317016316,63.075469970703125
AA,American Airlines,DAY,Dayton,OH,Late morning (09-12),218,215,27.0,0.12558139534883722,0.08775984276882692,0.17654822297370099,0.6610328998042971,False,0.013761467889908258,51.925926208496094
OO,Skywest Airlines,BIS,Bismarck,ND,Late morning (09-12),298,295,37.0,0.12542372881355932,0.09238019524417321,0.1680975963350447,0.6602029777706444,False,0.010067114093959731,50.35135269165039
OO,Skywest Airlines,COS,Colorado Springs,CO,Early morning (05-09),2688,2648,332.0,0.12537764350453173,0.11330483073765868,0.13853585235593185,0.6599603948197204,False,0.01525297619047619,86.09036254882812
OO,Skywest Airlines,RAP,Rapid City,SD,Late morning (09-12),828,822,103.0,0.12530413625304138,0.10440021107583454,0.14969403653775143,0.6595734687828314,False,0.008454106280193236,61.805824279785156
OO,Skywest Airlines,CPR,Casper,WY,Afternoon (12-17),549,543,68.0,0.1252302025782689,0.0999970393773006,0.1557289331895268,0.6591842981473859,False,0.01092896174863388,48.30882263183594
EV,Atlantic Southeast Airlines,EWR,Newark,NJ,Late morning (09-12),4926,4774,597.0,0.12505236698785085,0.11596955205071718,0.13473813151920272,0.6582482106346146,False,0.03126268777913114,49.790618896484375
AA,American Airlines,TUS,Tucson,AZ,Late morning (09-12),522,512,64.0,0.125,0.09911621250618466,0.15646922302286145,0.6579725623052031,False,0.0210727969348659,72.375
AA,American Airlines,ABQ,Albuquerque,NM,Late morning (09-12),443,432,54.0,0.125,0.09708066636840777,0.1595299921827723,0.6579725623052031,False,0.024830699774266364,126.5
DL,Delta Air Lines,TYS,Knoxville,TN,Afternoon (12-17),434,432,54.0,0.125,0.09708066636840777,0.1595299921827723,0.6579725623052031,False,0.0069124423963133645,63.425926208496094
AS,Alaska Airlines,SIT,Sitka,AK,Late morning (09-12),338,336,42.0,0.125,0.09382216993133163,0.1646558974977294,0.6579725623052031,False,0.005917159763313609,62.238094329833984
EV,Atlantic Southeast Airlines,CLE,Cleveland,OH,Late morning (09-12),1684,1633,204.0,0.12492345376607471,0.10976196039578313,0.14184552563096497,0.657569639731838,False,0.030878859857482184,59.382354736328125
AA,American Airlines,ORD,Chicago,IL,Early morning (05-09),11278,11103,1387.0,0.12492119247050347,0.11890058445136709,0.13120126268400578,0.6575577367683089,False,0.01587160844121298,52.795963287353516
US,US Airways,SEA,Seattle,WA,Late morning (09-12),292,289,36.0,0.1245674740484429,0.09135045114916455,0.16763461108243094,0.6556958406363269,False,0.010273972602739725,44.97222137451172
OO,Skywest Airlines,TUS,Tucson,AZ,Early morning (05-09),2274,2256,281.0,0.12455673758865249,0.11156511106351984,0.13882482777113123,0.6556393262686598,False,0.008355321020228672,78.4839859008789
B6,JetBlue Airways,LGB,Long Beach,CA,Early morning (05-09),1352,1341,167.0,0.12453392990305742,0.10792637033053146,0.1432865606198496,0.6555192716180099,False,0.008136094674556213,65.72454833984375
EV,Atlantic Southeast Airlines,GRB,Green Bay,WI,Late morning (09-12),413,402,50.0,0.12437810945273632,0.09562977203605827,0.16023754171393684,0.6546990669703514,False,0.026634382566585957,58.060001373291016
AA,American Airlines,IND,Indianapolis,IN,Late morning (09-12),347,338,42.0,0.1242603550295858,0.09325874850826715,0.1637070508561168,0.6540792335341664,False,0.025936599423631124,63.52381134033203
AA,American Airlines,SJC,San Jose,CA,Afternoon (12-17),990,974,121.0,0.12422997946611909,0.10497934485178184,0.14643315385966588,0.6539193432355611,False,0.01616161616161616,76.58677673339844
OO,Skywest Airlines,MOT,Minot,ND,Late morning (09-12),292,290,36.0,0.12413793103448276,0.09103051906997917,0.16707316672536093,0.6534348204962017,False,0.00684931506849315,76.02777862548828
MQ,American Eagle Airlines,RST,Rochester,MN,Late morning (09-12),347,331,41.0,0.12386706948640483,0.09263375847610275,0.16373104207436648,0.6520090647616514,False,0.04610951008645533,79.26829528808594
MQ,American Eagle Airlines,OKC,Oklahoma City,OK,Early morning (05-09),571,549,68.0,0.12386156648451731,0.09889055795824166,0.1540600159493659,0.6519800981676329,False,0.03852889667250438,104.88235473632812
AS,Alaska Airlines,LAS,Las Vegas,NV,Night (21-24),412,412,51.0,0.12378640776699029,0.09541732959214115,0.15910650833076023,0.6515844791760264,False,0.0,48.843135833740234
DL,Delta Air Lines,MSP,Minneapolis,MN,Afternoon (12-17),12802,12771,1579.0,0.12363949573251899,0.11804336280533578,0.12946198395371913,0.65081116647399,False,0.0024214966411498203,55.27422332763672
WN,Southwest Airlines,MCI,Kansas City,MO,Late morning (09-12),3895,3871,478.0,0.12348230431413072,0.11349001215992235,0.13422117169853523,0.6499837453513554,False,0.006418485237483954,52.451881408691406
NK,Spirit Air Lines,LBE,Latrobe,PA,Early morning (05-09),333,324,40.0,0.12345679012345678,0.09198706402942966,0.163751072924514,0.6498494442520524,False,0.02702702702702703,84.25
AA,American Airlines,CLE,Cleveland,OH,Late morning (09-12),244,243,30.0,0.12345679012345678,0.08786218601856932,0.17077169092923844,0.6498494442520524,False,0.004098360655737705,100.93333435058594
EV,Atlantic Southeast Airlines,AMA,Amarillo,TX,Late morning (09-12),393,389,48.0,0.12339331619537275,0.09434493261582583,0.15980737711919202,0.6495153314272442,False,0.010178117048346057,78.875
DL,Delta Air Lines,SAT,San Antonio,TX,Late morning (09-12),390,389,48.0,0.12339331619537275,0.09434493261582583,0.15980737711919202,0.6495153314272442,False,0.002564102564102564,54.97916793823242
AS,Alaska Airlines,LIH,Lihue,HI,Night (21-24),228,227,28.0,0.12334801762114538,0.08673477231878463,0.17249753243044602,0.6492768896756189,False,0.0043859649122807015,50.25
AA,American Airlines,OGG,Kahului,HI,Night (21-24),509,503,62.0,0.12326043737574553,0.09735399912125521,0.15487786187831548,0.6488158864878345,False,0.011787819253438114,74.2258071899414
B6,JetBlue Airways,PSE,Ponce,PR,Overnight (00-05),416,414,51.0,0.12318840579710146,0.09495002887716214,0.15835552997576202,0.6484367280688959,False,0.004807692307692308,55.509803771972656
DL,Delta Air Lines,DAY,Dayton,OH,Late morning (09-12),317,317,39.0,0.12302839116719243,0.09131743167544251,0.16376669706596755,0.6475944461805153,False,0.0,58.9487190246582
VX,Virgin America,FLL,Ft. Lauderdale,FL,Early morning (05-09),366,366,45.0,0.12295081967213115,0.09317120728655524,0.16056336448687425,0.6471861268575768,False,0.0,45.17777633666992
B6,JetBlue Airways,IAD,Chantilly,VA,Late morning (09-12),481,472,58.0,0.1228813559322034,0.09627093241057774,0.155580944348411,0.6468204849779963,False,0.02079002079002079,58.75862121582031
DL,Delta Air Lines,ORD,Chicago,IL,Early morning (05-09),1583,1579,194.0,0.12286257124762508,0.10757937088020897,0.1399764173932355,0.6467216065216436,False,0.002526847757422615,77.71134185791016
DL,Delta Air Lines,TPA,Tampa,FL,Late morning (09-12),1544,1539,189.0,0.12280701754385964,0.10734153999270749,0.14015087919018204,0.6464291840191468,False,0.003238341968911917,69.44973754882812
MQ,American Eagle Airlines,SJT,San Angelo,TX,Early morning (05-09),282,269,33.0,0.12267657992565056,0.08870048254455196,0.1672780779095723,0.6457425890281547,False,0.04609929078014184,109.0
OO,Skywest Airlines,SFO,San Francisco,CA,Early morning (05-09),5342,5265,645.0,0.1225071225071225,0.11392486732521492,0.13163985035390452,0.6448506023731905,False,0.0157244477723699,56.289920806884766
EV,Atlantic Southeast Airlines,PVD,Providence,RI,Late morning (09-12),261,245,30.0,0.12244897959183673,0.08713321582455864,0.16942195822994027,0.6445445508295867,False,0.06130268199233716,59.66666793823242
EV,Atlantic Southeast Airlines,BRO,Brownsville,TX,Late morning (09-12),529,515,63.0,0.12233009708737864,0.0967931813873426,0.15345968962377143,0.6439187794210143,False,0.026465028355387523,69.55555725097656
US,US Airways,MCI,Kansas City,MO,Afternoon (12-17),462,458,56.0,0.1222707423580786,0.09536997515841683,0.15545541605796553,0.6436063491544345,False,0.008658008658008658,59.03571319580078
WN,Southwest Airlines,BDL,Windsor Locks,CT,Late morning (09-12),693,687,84.0,0.1222707423580786,0.09985191545245958,0.14889048801600552,0.6436063491544345,False,0.008658008658008658,49.7976188659668
AA,American Airlines,JFK,New York,NY,Late morning (09-12),2127,2094,256.0,0.12225405921680993,0.1089107453690882,0.13698084148856587,0.6435185327607716,False,0.015514809590973202,59.5703125
WN,Southwest Airlines,SLC,Salt Lake City,UT,Late morning (09-12),1626,1620,198.0,0.12222222222222222,0.1071595856687216,0.13907231281201693,0.6433509498095319,False,0.0036900369003690036,43.06565475463867
DL,Delta Air Lines,BOS,Boston,MA,Late morning (09-12),2279,2226,272.0,0.12219227313566937,0.10923379874138295,0.13645253162396678,0.6431933043917889,False,0.02369460289600702,82.23162078857422
OO,Skywest Airlines,CID,Cedar Rapids,IA,Early morning (05-09),358,344,42.0,0.12209302325581395,0.09160838646376063,0.16092495054940864,0.6426708748097333,False,0.03910614525139665,115.23809814453125
AS,Alaska Airlines,KTN,Ketchikan,AK,Early morning (05-09),207,205,25.0,0.12195121951219512,0.08398253810899534,0.17382816627174105,0.6419244510294664,False,0.00966183574879227,49.91999816894531
AA,American Airlines,DCA,Arlington,VA,Late morning (09-12),3083,3038,370.0,0.1217906517445688,0.11063614324971252,0.13390045589470048,0.6410792575455567,False,0.017515407071034706,54.364864349365234
UA,United Air Lines,JAC,Jackson,WY,Early morning (05-09),424,419,51.0,0.12171837708830549,0.0938015688202978,0.15650871285492055,0.6406988196193864,False,0.01179245283018868,99.7254867553711
AS,Alaska Airlines,SMF,Sacramento,CA,Afternoon (12-17),411,411,50.0,0.12165450121654502,0.09350702266564132,0.15680924262694268,0.6403625910512926,False,0.0,47.560001373291016
US,US Airways,DCA,Arlington,VA,Late morning (09-12),2444,2352,286.0,0.12159863945578231,0.10900370279707372,0.13542767153641286,0.6400685470043812,False,0.03887070376432079,43.61188888549805
OO,Skywest Airlines,ATW,Appleton,WI,Afternoon (12-17),290,288,35.0,0.12152777777777778,0.08869282044735492,0.16432662571796214,0.6396955466856141,False,0.006896551724137931,56.25714111328125
AA,American Airlines,LIH,Lihue,HI,Night (21-24),353,346,42.0,0.12138728323699421,0.09107117614174888,0.16001845985351298,0.6389560142617001,False,0.019830028328611898,106.78571319580078
DL,Delta Air Lines,SYR,Syracuse,NY,Late morning (09-12),272,272,33.0,0.1213235294117647,0.08770679915732921,0.16548778788102902,0.638620428119756,False,0.0,81.33333587646484
AS,Alaska Airlines,SEA,Seattle,WA,Overnight (00-05),231,231,28.0,0.12121212121212122,0.08520805349437134,0.16960881029807434,0.6380339998111061,False,0.0,47.57143020629883
B6,JetBlue Airways,DCA,Arlington,VA,Late morning (09-12),1770,1750,212.0,0.12114285714285715,0.10667912058863234,0.1372662847432973,0.6376694089540712,False,0.011864406779661017,65.65093994140625
HA,Hawaiian Airlines,OGG,Kahului,HI,Afternoon (12-17),5272,5251,636.0,0.12111978670729386,0.11257079706630786,0.13022274403681502,0.6375479712452625,False,0.004552352048558422,43.022010803222656
EV,Atlantic Southeast Airlines,DHN,Dothan,AL,Late morning (09-12),324,322,39.0,0.12111801242236025,0.08987840774269956,0.16129148584976988,0.6375386317988304,False,0.006172839506172839,76.74359130859375
EV,Atlantic Southeast Airlines,ECP,Panama City,FL,Afternoon (12-17),284,281,34.0,0.12099644128113879,0.08789105839303799,0.16432491006100805,0.6368987079964955,False,0.01056338028169014,94.97058868408203
WN,Southwest Airlines,DTW,Detroit,MI,Late morning (09-12),959,944,114.0,0.12076271186440678,0.101498170907068,0.1431013486751069,0.6356684076507895,False,0.01564129301355579,54.31578826904297
DL,Delta Air Lines,TLH,Tallahassee,FL,Late morning (09-12),265,265,32.0,0.12075471698113208,0.08684807688275438,0.1654997740450782,0.6356263243401208,False,0.0,55.875
MQ,American Eagle Airlines,SUX,Sioux City,IA,Early morning (05-09),334,323,39.0,0.12074303405572756,0.08959603090118123,0.160805386788611,0.6355648279852117,False,0.03293413173652695,102.28205108642578
WN,Southwest Airlines,MAF,Midland,TX,Late morning (09-12),764,746,90.0,0.12064343163538874,0.09919268411987556,0.14598122994410812,0.6350405427074346,False,0.02356020942408377,66.88888549804688
UA,United Air Lines,BOI,Boise,ID,Early morning (05-09),318,315,38.0,0.12063492063492064,0.08916361166990779,0.16124787792241646,0.6349957426691484,False,0.009433962264150943,115.31578826904297
NK,Spirit Air Lines,SAN,San Diego,CA,Late morning (09-12),335,332,40.0,0.12048192771084337,0.08973805649173994,0.15990820531739866,0.634190421498991,False,0.008955223880597015,56.400001525878906
AS,Alaska Airlines,SLC,Salt Lake City,UT,Evening (17-21),666,666,80.0,0.12012012012012012,0.09758247050792837,0.14701505822125174,0.6322859457587537,False,0.0,64.0374984741211
WN,Southwest Airlines,SJC,San Jose,CA,Late morning (09-12),3755,3688,442.0,0.11984815618221258,0.10975945472718396,0.13072800280620533,0.6308543872861166,False,0.017842876165113184,43.00678634643555
US,US Airways,PBI,West Palm Beach,FL,Late morning (09-12),247,242,29.0,0.11983471074380166,0.08474522465022005,0.16680536727563794,0.6307836134496162,False,0.020242914979757085,65.62068939208984
MQ,American Eagle Airlines,ABI,Abilene,TX,Late morning (09-12),600,576,69.0,0.11979166666666667,0.09576025552127208,0.14886103415508092,0.6305570388758197,False,0.04,67.08695983886719
MQ,American Eagle Airlines,SGF,Springfield,MO,Early morning (05-09),1318,1278,153.0,0.11971830985915492,0.10304974232338303,0.13866623880876305,0.6301709047430114,False,0.03186646433990895,98.17646789550781
AS,Alaska Airlines,ADQ,Kodiak,AK,Evening (17-21),316,301,36.0,0.11960132890365449,0.08765375200892994,0.16113643935602817,0.6295551426707592,False,0.04746835443037975,47.97222137451172
EV,Atlantic Southeast Airlines,DSM,Des Moines,IA,Early morning (05-09),397,385,46.0,0.11948051948051948,0.09078199423541311,0.15569780627975807,0.6289192283852331,False,0.030226700251889168,118.13043212890625
OO,Skywest Airlines,HIB,Hibbing,MN,Night (21-24),315,310,37.0,0.11935483870967742,0.08784363331389716,0.16018467141052428,0.6282576723946456,False,0.015873015873015872,46.56756591796875
VX,Virgin America,AUS,Austin,TX,Afternoon (12-17),314,310,37.0,0.11935483870967742,0.08784363331389716,0.16018467141052428,0.6282576723946456,False,0.012738853503184714,73.70270538330078
AA,American Airlines,LGA,New York,NY,Late morning (09-12),3387,3286,392.0,0.11929397443700548,0.10865334869235505,0.13082371306040533,0.6279372962231031,False,0.030115146147032774,59.961734771728516
DL,Delta Air Lines,GEG,Spokane,WA,Afternoon (12-17),529,529,63.0,0.11909262759924386,0.09420004597563446,0.14947762483685464,0.6268774506650706,False,0.0,90.38095092773438
NK,Spirit Air Lines,DFW,Dallas-Fort Worth,TX,Early morning (05-09),3293,3235,385.0,0.11901081916537867,0.10830189416316753,0.13062352904987262,0.626446829026283,False,0.017613118736714242,60.89870071411133
WN,Southwest Airlines,PDX,Portland,OR,Late morning (09-12),2003,2000,238.0,0.119,0.1055345700125934,0.13392627359899745,0.6263898793145534,False,0.0014977533699450823,47.33613586425781
AS,Alaska Airlines,SNA,Santa Ana,CA,Evening (17-21),919,916,109.0,0.11899563318777293,0.09960198159578004,0.14157171613652517,0.6263668933735121,False,0.003264417845484222,49.366973876953125
DL,Delta Air Lines,AUS,Austin,TX,Late morning (09-12),345,345,41.0,0.11884057971014493,0.08882090425430628,0.15725525180047614,0.6255507259017583,False,0.0,78.58536529541016
DL,Delta Air Lines,JFK,New York,NY,Early morning (05-09),6549,6450,765.0,0.1186046511627907,0.11094011243443491,0.12672323523743853,0.6243088498151694,False,0.015269506794930525,64.45882415771484
AS,Alaska Airlines,BRW,Barrow,AK,Evening (17-21),521,506,60.0,0.11857707509881422,0.09324147454767862,0.14966063465643495,0.6241636954673863,False,0.028790786948176585,51.38333511352539
US,US Airways,ATL,Atlanta,GA,Late morning (09-12),512,506,60.0,0.11857707509881422,0.09324147454767862,0.14966063465643495,0.6241636954673863,False,0.01171875,45.68333435058594
WN,Southwest Airlines,BNA,Nashville,TN,Late morning (09-12),4908,4844,574.0,0.11849710982658959,0.10969636956708984,0.12790248267263682,0.6237427758268977,False,0.013039934800325998,48.64982604980469
WN,Southwest Airlines,OKC,Oklahoma City,OK,Late morning (09-12),660,650,77.0,0.11846153846153847,0.09583183320879746,0.14557464811634305,0.6235555359692386,False,0.015151515151515152,51.05194854736328
DL,Delta Air Lines,DCA,Arlington,VA,Late morning (09-12),1613,1604,190.0,0.11845386533665836,0.103543769980561,0.1351872094890584,0.6235151463241326,False,0.005579665220086794,90.76841735839844
EV,Atlantic Southeast Airlines,ATL,Atlanta,GA,Early morning (05-09),4413,4392,520.0,0.11839708561020036,0.10917390336181873,0.12828724628470178,0.6232162703072962,False,0.00498527079084523,56.136539459228516
EV,Atlantic Southeast Airlines,CLT,Charlotte,NC,Early morning (05-09),1373,1319,156.0,0.11827141774071266,0.1019422899097214,0.13681766441889964,0.6225547822266061,False,0.04005826656955572,68.01923370361328
DL,Delta Air Lines,LAS,Las Vegas,NV,Late morning (09-12),2417,2410,285.0,0.11825726141078838,0.10596838581674224,0.1317612149988208,0.6224802664132212,False,0.0028961522548613984,57.428070068359375
MQ,American Eagle Airlines,GSP,Greer,SC,Early morning (05-09),216,203,24.0,0.11822660098522167,0.0807474401792938,0.1698868616245986,0.6223188766630492,False,0.06481481481481481,63.70833206176758
DL,Delta Air Lines,SDF,Louisville,KY,Late morning (09-12),314,313,37.0,0.1182108626198083,0.08698929265062122,0.1586905675697539,0.622236033362109,False,0.0031847133757961785,59.945945739746094
WN,Southwest Airlines,CMH,Columbus,OH,Late morning (09-12),1676,1661,196.0,0.11800120409391933,0.10336064192071344,0.13440468061807945,0.6211324369022025,False,0.008949880668257757,59.95408248901367
AA,American Airlines,SAT,San Antonio,TX,Late morning (09-12),979,950,112.0,0.11789473684210526,0.09891024674645692,0.13995708720081484,0.620572016658381,False,0.0296220633299285,67.0
DL,Delta Air Lines,GRR,Grand Rapids,MI,Afternoon (12-17),748,747,88.0,0.11780455153949129,0.09661798957158921,0.1429020370225686,0.6200973010212355,False,0.001336898395721925,69.78408813476562
AA,American Airlines,SAN,San Diego,CA,Late morning (09-12),1411,1402,165.0,0.11768901569186876,0.10185652123351491,0.13561091464261796,0.6194891456796492,False,0.007087172218284904,68.2787857055664
OO,Skywest Airlines,GTF,Great Falls,MT,Afternoon (12-17),631,629,74.0,0.11764705882352941,0.09475832797980305,0.14517785826332633,0.6192682939343088,False,0.003169572107765452,64.5
OO,Skywest Airlines,BNA,Nashville,TN,Early morning (05-09),1912,1879,221.0,0.11761575306013837,0.10382343782674668,0.13296844100150956,0.6191035072674822,False,0.01882845188284519,115.72850799560547
DL,Delta Air Lines,PHX,Phoenix,AZ,Late morning (09-12),1499,1498,176.0,0.11748998664886515,0.1021534352234747,0.13478340285585405,0.6184415004844632,False,0.00066711140760507,51.1363639831543
MQ,American Eagle Airlines,RDU,Raleigh,NC,Early morning (05-09),679,630,74.0,0.11746031746031746,0.09460620479819734,0.14495143862564863,0.6182853283883813,False,0.07658321060382917,86.3108139038086
AS,Alaska Airlines,SAN,San Diego,CA,Afternoon (12-17),785,784,92.0,0.11734693877551021,0.09666213788182267,0.14176345426766526,0.6176885278783539,False,0.0012738853503184713,53.16304397583008
AA,American Airlines,LAS,Las Vegas,NV,Late morning (09-12),2530,2506,294.0,0.11731843575418995,0.10530077731312598,0.13050757011405825,0.6175384942305817,False,0.010276679841897233,84.07823181152344
MQ,American Eagle Airlines,CVG,Covington,KY,Early morning (05-09),1603,1543,181.0,0.11730395333765392,0.10219027924668929,0.1343184880375627,0.617462261968849,False,0.039301310043668124,90.65193176269531
AA,American Airlines,OKC,Oklahoma City,OK,Late morning (09-12),296,290,34.0,0.11724137931034483,0.08512247805941299,0.15936843132850215,0.6171328860241905,False,0.02027027027027027,64.35294342041016
US,US Airways,CLT,Charlotte,NC,Late morning (09-12),9997,9864,1156.0,0.11719383617193836,0.11099467688163422,0.12369105216371243,0.6168826293794119,False,0.01370411123337001,50.096885681152344
UA,United Air Lines,DCA,Arlington,VA,Early morning (05-09),1852,1818,213.0,0.11716171617161716,0.10317850999781836,0.13275945519081273,0.6167135567481111,False,0.0183585313174946,68.64788818359375
AS,Alaska Airlines,ANC,Anchorage,AK,Night (21-24),1313,1307,153.0,0.117061973986228,0.10074388403160668,0.13562456811394621,0.6161885357777878,False,0.00456968773800457,46.55555725097656
AA,American Airlines,BWI,Baltimore,MD,Late morning (09-12),462,454,53.0,0.11674008810572688,0.09036672114778466,0.1495450736738305,0.6144941991572822,False,0.01948051948051948,57.1698112487793
WN,Southwest Airlines,SMF,Sacramento,CA,Late morning (09-12),3633,3607,421.0,0.1167174937621292,0.10664437030814095,0.12760617117227183,0.6143752674920777,False,0.007431874483897605,43.20664978027344
MQ,American Eagle Airlines,CLE,Cleveland,OH,Early morning (05-09),232,223,26.0,0.11659192825112108,0.0808185611004417,0.16535145357058867,0.6137143182039563,False,0.04310344827586207,74.23076629638672
EV,Atlantic Southeast Airlines,ROA,Roanoke,VA,Late morning (09-12),536,524,61.0,0.11641221374045801,0.09170111142218695,0.14670677457997736,0.612768340467441,False,0.022388059701492536,74.2131118774414
OO,Skywest Airlines,BZN,Bozeman,MT,Late morning (09-12),233,232,27.0,0.11637931034482758,0.08122615330394345,0.16402998471411614,0.6125951442151891,False,0.004291845493562232,60.0
AS,Alaska Airlines,SCC,Deadhorse,AK,Evening (17-21),332,327,38.0,0.1162079510703364,0.08584466030913712,0.15548412059386904,0.6116931466078952,False,0.015060240963855422,50.578948974609375
AA,American Airlines,RDU,Raleigh,NC,Late morning (09-12),620,611,71.0,0.11620294599018004,0.09315629661347094,0.14404561034923294,0.611666800964575,False,0.016129032258064516,57.0704231262207
MQ,American Eagle Airlines,DTW,Detroit,MI,Early morning (05-09),304,284,33.0,0.11619718309859155,0.08394525442652484,0.1586937525828859,0.611636466368217,False,0.06907894736842106,137.757568359375
DL,Delta Air Lines,TUL,Tulsa,OK,Afternoon (12-17),509,508,59.0,0.11614173228346457,0.0911165655372437,0.14692895479560925,0.6113445854489289,False,0.0019646365422396855,48.169490814208984
F9,Frontier Airlines,SAN,San Diego,CA,Late morning (09-12),269,267,31.0,0.11610486891385768,0.08301082039951346,0.1600892055935393,0.6111505447628853,False,0.007434944237918215,40.41935348510742
AA,American Airlines,IAH,Houston,TX,Late morning (09-12),990,965,112.0,0.11606217616580311,0.09735810230487693,0.13781099035175548,0.6109258195082508,False,0.025252525252525252,76.625
WN,Southwest Airlines,CAK,Akron,OH,Late morning (09-12),279,276,32.0,0.11594202898550725,0.08333440428649531,0.15909416959244194,0.6102933911236667,False,0.010752688172043012,70.96875
OO,Skywest Airlines,FAR,Fargo,ND,Late morning (09-12),304,302,35.0,0.11589403973509933,0.08452084500842891,0.15691655265101312,0.6100407862432347,False,0.006578947368421052,56.17142868041992
UA,United Air Lines,SLC,Salt Lake City,UT,Early morning (05-09),324,320,37.0,0.115625,0.08505905117034526,0.15531031459365788,0.6086246201323129,False,0.015432098765432098,63.054054260253906
EV,Atlantic Southeast Airlines,ELM,Elmira,NY,Afternoon (12-17),324,320,37.0,0.115625,0.08505905117034526,0.15531031459365788,0.6086246201323129,False,0.015432098765432098,70.9189224243164
MQ,American Eagle Airlines,AZO,Kalamazoo,MI,Late morning (09-12),316,303,35.0,0.11551155115511551,0.08423782184305587,0.15641272879936027,0.6080274503150391,False,0.04113924050632911,66.45714569091797
OO,Skywest Airlines,GRR,Grand Rapids,MI,Late morning (09-12),305,303,35.0,0.11551155115511551,0.08423782184305587,0.15641272879936027,0.6080274503150391,False,0.006557377049180328,72.82857513427734
DL,Delta Air Lines,HNL,Honolulu,HI,Late morning (09-12),261,260,30.0,0.11538461538461539,0.08202908883326128,0.15994033524542833,0.6073592882817259,False,0.0038314176245210726,120.83333587646484
DL,Delta Air Lines,EYW,Key West,FL,Afternoon (12-17),496,494,57.0,0.11538461538461539,0.09013122903241111,0.14657377914689734,0.6073592882817259,False,0.004032258064516129,49.8070182800293
AA,American Airlines,SJC,San Jose,CA,Late morning (09-12),615,607,70.0,0.11532125205930807,0.09229500370226214,0.14318601134320952,0.6070257576456569,False,0.013008130081300813,81.95714569091797
UA,United Air Lines,LGA,New York,NY,Early morning (05-09),2557,2474,285.0,0.11519805982215037,0.10320964320773537,0.12837965612439306,0.6063773007501467,False,0.03245991396167384,56.564910888671875
DL,Delta Air Lines,RNO,Reno,NV,Afternoon (12-17),356,356,41.0,0.1151685393258427,0.08603847863020167,0.1525153739538242,0.6062219113373781,False,0.0,38.43902587890625
MQ,American Eagle Airlines,CMI,Champaign/Urbana,IL,Early morning (05-09),1009,964,111.0,0.11514522821576763,0.09650483746595392,0.13684078437960426,0.606099206770768,False,0.04558969276511397,119.28829193115234
UA,United Air Lines,MCO,Orlando,FL,Early morning (05-09),2727,2703,311.0,0.11505734369219386,0.10357028711324603,0.1276370358420388,0.6056366019294656,False,0.010267693436010267,74.89067840576172
AS,Alaska Airlines,SJC,San Jose,CA,Evening (17-21),904,904,104.0,0.11504424778761062,0.09585336417989104,0.13749306982357384,0.6055676679623108,False,0.0,62.19230651855469
WN,Southwest Airlines,PIT,Pittsburgh,PA,Late morning (09-12),1062,1045,120.0,0.11483253588516747,0.09689671859254126,0.135589864700875,0.6044532629789425,False,0.0160075329566855,53.016666412353516
OO,Skywest Airlines,LGB,Long Beach,CA,Afternoon (12-17),331,331,38.0,0.1148036253776435,0.0847926013092842,0.15365327877252166,0.6043010844132379,False,0.0,89.89473724365234
B6,JetBlue Airways,ORH,Worcester,MA,Late morning (09-12),227,218,25.0,0.11467889908256881,0.07889367096671623,0.16380923056302393,0.6036445525735809,False,0.039647577092511016,76.27999877929688
WN,Southwest Airlines,MSY,New Orleans,LA,Late morning (09-12),3113,3096,355.0,0.1146640826873385,0.103915049316168,0.1263682012860563,0.6035665623213103,False,0.00546097012528108,50.05352020263672
OO,Skywest Airlines,JAC,Jackson,WY,Early morning (05-09),328,323,37.0,0.11455108359133127,0.08425779211899359,0.15390528136981566,0.602971759883406,False,0.01524390243902439,91.83783721923828
EV,Atlantic Southeast Airlines,OKC,Oklahoma City,OK,Early morning (05-09),472,454,52.0,0.1145374449339207,0.08842158613752038,0.1471218856658282,0.6028999689845033,False,0.038135593220338986,103.71154022216797
UA,United Air Lines,PIT,Pittsburgh,PA,Late morning (09-12),299,297,34.0,0.11447811447811448,0.08308689413586634,0.15571518642746002,0.6025876664882669,False,0.013377926421404682,79.5
EV,Atlantic Southeast Airlines,CAK,Akron,OH,Late morning (09-12),337,332,38.0,0.1144578313253012,0.0845336051641512,0.15320227984830706,0.6024809004240413,False,0.017804154302670624,88.0
DL,Delta Air Lines,SDF,Louisville,KY,Afternoon (12-17),843,839,96.0,0.11442193087008343,0.09461689514208943,0.13774183038830679,0.6022919283079808,False,0.004744958481613286,65.875
UA,United Air Lines,IND,Indianapolis,IN,Early morning (05-09),562,560,64.0,0.11428571428571428,0.09052097700676373,0.14330639578729756,0.6015749141076142,False,0.0035587188612099642,69.921875
EV,Atlantic Southeast Airlines,BOS,Boston,MA,Early morning (05-09),335,315,36.0,0.11428571428571428,0.0837021900293117,0.15416388516288404,0.6015749141076142,False,0.0626865671641791,78.08333587646484
AS,Alaska Airlines,OGG,Kahului,HI,Afternoon (12-17),1686,1683,192.0,0.1140819964349376,0.09976409674244022,0.13015766947437588,0.6005025880575116,False,0.0029655990510083037,60.6875
DL,Delta Air Lines,SAN,San Diego,CA,Late morning (09-12),1001,1000,114.0,0.114,0.09576134825357561,0.1351930174551179,0.6000709768223452,False,0.000999000999000999,35.53508758544922
OO,Skywest Airlines,IDA,Idaho Falls,ID,Afternoon (12-17),892,890,101.0,0.11348314606741573,0.09428423598976302,0.13600444155668373,0.5973503711714653,False,0.002242152466367713,62.594058990478516
OO,Skywest Airlines,CDC,Cedar City,UT,Late morning (09-12),283,282,32.0,0.11347517730496454,0.08153515364767691,0.15580468771901007,0.597308425355078,False,0.0035335689045936395,88.9375
WN,Southwest Airlines,RSW,Ft. Myers,FL,Late morning (09-12),1619,1604,182.0,0.11346633416458853,0.09885939744043652,0.12992035300264196,0.5972618770052217,False,0.009882643607164917,55.0494499206543
DL,Delta Air Lines,BZN,Bozeman,MT,Afternoon (12-17),344,344,39.0,0.11337209302325581,0.08405077951257889,0.15123332681627885,0.5967658123233237,False,0.0,114.66666412353516
WN,Southwest Airlines,SDF,Louisville,KY,Late morning (09-12),860,856,97.0,0.1133177570093458,0.09378755205079502,0.13630319954810413,0.5964797994729412,False,0.004651162790697674,65.0
B6,JetBlue Airways,HPN,White Plains,NY,Early morning (05-09),1328,1290,146.0,0.11317829457364341,0.09702569962141146,0.13162794700735672,0.5957456998236258,False,0.0286144578313253,61.623287200927734
UA,United Air Lines,AUS,Austin,TX,Early morning (05-09),1889,1867,211.0,0.11301553294054634,0.09944106354402321,0.12817927587968858,0.5948889583134349,False,0.01270513499205929,79.18009185791016
EV,Atlantic Southeast Airlines,MAF,Midland,TX,Late morning (09-12),433,425,48.0,0.11294117647058824,0.08625069340061943,0.14656627211765116,0.5944975621769365,False,0.018475750577367205,62.70833206176758
EV,Atlantic Southeast Airlines,CAE,Columbia,SC,Early morning (05-09),1338,1311,148.0,0.11289092295957284,0.09687903338239376,0.13116486179098683,0.5942330387256753,False,0.020179372197309416,96.1959457397461
AA,American Airlines,COS,Colorado Springs,CO,Late morning (09-12),216,213,24.0,0.11267605633802817,0.07689583427393042,0.16218006260194578,0.5931020279934225,False,0.018518518518518517,103.33333587646484
US,US Airways,MCI,Kansas City,MO,Evening (17-21),234,231,26.0,0.11255411255411256,0.07797597437375121,0.1598081320196646,0.5924601426817413,False,0.01282051282051282,36.5
DL,Delta Air Lines,VPS,Valparaiso,FL,Afternoon (12-17),490,489,55.0,0.11247443762781185,0.08743746889247549,0.14355277219106938,0.5920407513584649,False,0.0020408163265306124,86.80000305175781
OO,Skywest Airlines,PHX,Phoenix,AZ,Late morning (09-12),3111,3087,347.0,0.11240686750890833,0.10174239952192667,0.12403481274284937,0.5916850770843032,False,0.008678881388621022,64.68875885009766
WN,Southwest Airlines,TUL,Tulsa,OK,Late morning (09-12),692,686,77.0,0.11224489795918367,0.09074894456548387,0.1380595239293126,0.5908325049271211,False,0.008670520231213872,65.51947784423828
OO,Skywest Airlines,SEA,Seattle,WA,Early morning (05-09),2600,2584,290.0,0.11222910216718267,0.1006295330612933,0.12497994782810892,0.5907493593452288,False,0.006538461538461538,60.23103332519531
WN,Southwest Airlines,JAX,Jacksonville,FL,Late morning (09-12),1055,1052,118.0,0.11216730038022814,0.09449105871583045,0.13266574207701576,0.5904240483042887,False,0.0037914691943127963,49.194915771484375
AS,Alaska Airlines,PHX,Phoenix,AZ,Afternoon (12-17),795,795,89.0,0.1119496855345912,0.09187099060730478,0.13576061996480362,0.5892785715236536,False,0.0,52.21348190307617
OO,Skywest Airlines,YUM,Yuma,AZ,Evening (17-21),282,277,31.0,0.11191335740072202,0.07996998950954395,0.15447391053945161,0.5890873482010482,False,0.01773049645390071,86.3548355102539
OO,Skywest Airlines,SJC,San Jose,CA,Late morning (09-12),1265,1260,141.0,0.11190476190476191,0.09566387566579895,0.1305049733418615,0.589042103397039,False,0.0047430830039525695,52.74468231201172
B6,JetBlue Airways,LGB,Long Beach,CA,Late morning (09-12),1296,1287,144.0,0.11188811188811189,0.09580769178261811,0.1302786072644532,0.5889544613640979,False,0.006944444444444444,64.76388549804688
AS,Alaska Airlines,LAX,Los Angeles,CA,Afternoon (12-17),2331,2324,260.0,0.11187607573149742,0.09969542866615885,0.12533775228567223,0.5888911056776345,False,0.003432003432003432,54.373077392578125
OO,Skywest Airlines,DTW,Detroit,MI,Early morning (05-09),1985,1950,218.0,0.1117948717948718,0.09856466364379587,0.12655164056428322,0.5884636659796278,False,0.019143576826196475,86.73394775390625
AS,Alaska Airlines,SIT,Sitka,AK,Early morning (05-09),360,358,40.0,0.11173184357541899,0.08313265929047782,0.14857535880362738,0.5881318992672206,False,0.005555555555555556,76.1500015258789
EV,Atlantic Southeast Airlines,CHS,Charleston,SC,Late morning (09-12),397,394,44.0,0.1116751269035533,0.08424819905138908,0.1466014657398243,0.5878333551559175,False,0.007556675062972292,80.40908813476562
AA,American Airlines,MCO,Orlando,FL,Late morning (09-12),2699,2679,299.0,0.11160880925718551,0.10023654522432433,0.12409335930675196,0.5874842736222642,False,0.007410151908114116,64.10033416748047
WN,Southwest Airlines,AMA,Amarillo,TX,Late morning (09-12),293,287,32.0,0.11149825783972125,0.08009410389549143,0.15316551233547418,0.5869023552269408,False,0.020477815699658702,43.875
DL,Delta Air Lines,COS,Colorado Springs,CO,Early morning (05-09),305,305,34.0,0.11147540983606558,0.08087660172319455,0.15173972975546635,0.5867820883508696,False,0.0,95.5
MQ,American Eagle Airlines,BIS,Bismarck,ND,Early morning (05-09),333,323,36.0,0.11145510835913312,0.08160016643817511,0.15044373495014263,0.5866752258325031,False,0.03303303303303303,127.75
OO,Skywest Airlines,DFW,Dallas-Fort Worth,TX,Early morning (05-09),1076,1050,117.0,0.11142857142857143,0.09379409333392093,0.13189599139987587,0.5865355412549239,False,0.024163568773234202,119.30769348144531
WN,Southwest Airlines,IND,Indianapolis,IN,Late morning (09-12),1356,1347,150.0,0.111358574610245,0.09565181096429062,0.129275819336701,0.5861670933676643,False,0.00663716814159292,66.0999984741211
DL,Delta Air Lines,SNA,Santa Ana,CA,Afternoon (12-17),1206,1205,134.0,0.11120331950207468,0.09467310216235864,0.13020466511500836,0.5853498645569939,False,0.0008291873963515755,58.164180755615234
DL,Delta Air Lines,ECP,Panama City,FL,Late morning (09-12),576,576,64.0,0.1111111111111111,0.08797797688007236,0.13939722351948505,0.5848644998268472,False,0.0,53.75
AA,American Airlines,JFK,New York,NY,Early morning (05-09),4616,4512,501.0,0.1110372340425532,0.10219861988165725,0.12053762489716759,0.58447562715409,False,0.02339688041594454,68.05189514160156
OO,Skywest Airlines,FWA,Fort Wayne,IN,Early morning (05-09),1198,1182,131.0,0.11082910321489002,0.0941779828031914,0.13000170527656563,0.583380072162312,False,0.01335559265442404,124.85496520996094
DL,Delta Air Lines,CAK,Akron,OH,Evening (17-21),299,298,33.0,0.11073825503355705,0.07994530820582574,0.1514396301194416,0.5829018672770927,False,0.0033444816053511705,61.3636360168457
UA,United Air Lines,SEA,Seattle,WA,Early morning (05-09),2703,2664,295.0,0.11073573573573574,0.0993751724269309,0.12321735330623108,0.5828886062463511,False,0.014798372179060304,86.95254516601562
US,US Airways,JAX,Jacksonville,FL,Afternoon (12-17),498,497,55.0,0.11066398390342053,0.08601321723775696,0.14128739037950167,0.5825109203506829,False,0.004016064257028112,46.01818084716797
EV,Atlantic Southeast Airlines,ACT,Waco,TX,Late morning (09-12),246,244,27.0,0.11065573770491803,0.07717087537373765,0.1562104455990127,0.5824675141718191,False,0.008130081300813009,83.51851654052734
AS,Alaska Airlines,KOA,Kailua/Kona,HI,Night (21-24),244,244,27.0,0.11065573770491803,0.07717087537373765,0.1562104455990127,0.5824675141718191,False,0.0,46.925926208496094
OO,Skywest Airlines,SBP,San Luis Obispo,CA,Early morning (05-09),853,833,92.0,0.11044417767106843,0.09092034497943771,0.13354459557801068,0.5813539085913919,False,0.023446658851113716,99.60869598388672
AA,American Airlines,MSY,New Orleans,LA,Late morning (09-12),498,489,54.0,0.11042944785276074,0.08562830457357462,0.1413038375183267,0.5812763740610383,False,0.018072289156626505,57.46296310424805
MQ,American Eagle Airlines,ABI,Abilene,TX,Early morning (05-09),928,897,99.0,0.11036789297658862,0.09149962393896494,0.13255930051567835,0.5809523627042595,False,0.036637931034482756,105.40403747558594
AA,American Airlines,SMF,Sacramento,CA,Early morning (05-09),750,743,82.0,0.11036339165545088,0.08980542865829073,0.13492977623656247,0.5809286687378374,False,0.010666666666666666,159.6707305908203
AS,Alaska Airlines,OAK,Oakland,CA,Evening (17-21),281,281,31.0,0.1103202846975089,0.07881516120537393,0.1523364683318847,0.5807017631732754,False,0.0,55.19355010986328
OO,Skywest Airlines,MSP,Minneapolis,MN,Early morning (05-09),1850,1841,203.0,0.11026615969581749,0.09676155711615325,0.12539388430494217,0.580416861044894,False,0.005405405405405406,57.1527099609375
AS,Alaska Airlines,ORD,Chicago,IL,Late morning (09-12),255,254,28.0,0.11023622047244094,0.07737699753304317,0.1547096789380926,0.580259267544746,False,0.00392156862745098,46.25
EV,Atlantic Southeast Airlines,MSY,New Orleans,LA,Afternoon (12-17),242,236,26.0,0.11016949152542373,0.07629876021467623,0.15652823893809792,0.5799080210147552,False,0.024793388429752067,69.46154022216797
AA,American Airlines,SNA,Santa Ana,CA,Late morning (09-12),1064,1053,116.0,0.11016144349477683,0.09264888224860736,0.13050811687027664,0.5798656579479853,False,0.010338345864661654,66.12068939208984
EV,Atlantic Southeast Airlines,TUL,Tulsa,OK,Late morning (09-12),912,899,99.0,0.11012235817575083,0.09129413529288545,0.13226844755664213,0.5796599214079209,False,0.015350877192982455,59.34343338012695
EV,Atlantic Southeast Airlines,GNV,Gainesville,FL,Late morning (09-12),319,318,35.0,0.11006289308176101,0.08020913708256042,0.14922546677225515,0.5793469102058392,False,0.003134796238244514,66.74285888671875
OO,Skywest Airlines,CVG,Covington,KY,Early morning (05-09),393,382,42.0,0.1099476439790576,0.082376305235907,0.14528603081080235,0.5787402642265661,False,0.030534351145038167,87.83333587646484
EV,Atlantic Southeast Airlines,LRD,Laredo,TX,Late morning (09-12),450,446,49.0,0.10986547085201794,0.0841066352218702,0.14228772225862957,0.5783077229229587,False,0.008888888888888889,90.2040786743164
EV,Atlantic Southeast Airlines,HSV,Huntsville,AL,Late morning (09-12),353,346,38.0,0.10982658959537572,0.08106703919442837,0.14715510477015445,0.5781030605224906,False,0.019830028328611898,72.36842346191406
OO,Skywest Airlines,SLC,Salt Lake City,UT,Early morning (05-09),6416,6376,700.0,0.10978670012547051,0.10234669647731195,0.11769663500602767,0.5778930911087103,False,0.006701995012468828,63.64142990112305
DL,Delta Air Lines,SAN,San Diego,CA,Afternoon (12-17),1826,1823,200.0,0.10970927043335162,0.09617496600590016,0.1248850317519788,0.5774855182053346,False,0.0016429353778751369,76.91500091552734
AA,American Airlines,RNO,Reno,NV,Late morning (09-12),242,237,26.0,0.10970464135021098,0.07597194225001141,0.15588833437993957,0.5774611517277732,False,0.02066115702479339,62.653846740722656
DL,Delta Air Lines,CAE,Columbia,SC,Afternoon (12-17),283,283,31.0,0.10954063604240283,0.07825017000341492,0.15128975725957625,0.5765978637868918,False,0.0,75.32257843017578
NK,Spirit Air Lines,MCO,Orlando,FL,Early morning (05-09),430,430,47.0,0.10930232558139535,0.08319781139846653,0.14232597424126925,0.575343449829666,False,0.002325581395348837,59.1489372253418
DL,Delta Air Lines,ATL,Atlanta,GA,Late morning (09-12),43175,43047,4704.0,0.10927590772876158,0.10636343896799175,0.11225810825862506,0.5752043920521617,False,0.0030804863925883033,46.57780456542969
OO,Skywest Airlines,BIL,Billings,MT,Evening (17-21),544,540,59.0,0.10925925925925926,0.08565498926279205,0.13838377496561566,0.5751167581630664,False,0.011029411764705883,57.1016960144043
DL,Delta Air Lines,LIT,Little Rock,AR,Afternoon (12-17),643,641,70.0,0.10920436817472699,0.08734672743774376,0.13571828573758488,0.5748278235427672,False,0.003110419906687403,64.11428833007812
OO,Skywest Airlines,ATW,Appleton,WI,Late morning (09-12),231,229,25.0,0.1091703056768559,0.07504610733902292,0.15619092247008334,0.5746485260307451,False,0.008658008658008658,86.87999725341797
US,US Airways,ORD,Chicago,IL,Early morning (05-09),989,963,105.0,0.10903426791277258,0.09087965662569047,0.13029576652532,0.5739324531011117,False,0.028311425682507583,49.485713958740234
UA,United Air Lines,DFW,Dallas-Fort Worth,TX,Early morning (05-09),1188,1174,128.0,0.10902896081771721,0.09245870816009655,0.12814956378411055,0.5739045177176558,False,0.011784511784511785,88.296875
US,US Airways,MIA,Miami,FL,Late morning (09-12),372,367,40.0,0.10899182561307902,0.08106719204141241,0.14501747591385475,0.5737090461516757,False,0.013440860215053764,56.875
WN,Southwest Airlines,ISP,Islip,NY,Late morning (09-12),576,560,61.0,0.10892857142857143,0.08573930254465559,0.13744678376043434,0.5733760900088198,False,0.027777777777777776,61.83606719970703
HA,Hawaiian Airlines,LAS,Las Vegas,NV,Late morning (09-12),303,303,33.0,0.10891089108910891,0.07860762724061174,0.14900688135274717,0.5732830245827513,False,0.0,106.33333587646484
OO,Skywest Airlines,HYS,Hays,KS,Late morning (09-12),208,202,22.0,0.10891089108910891,0.07302995577423849,0.15938953571824896,0.5732830245827513,False,0.028846153846153848,48.90909194946289
US,US Airways,MSP,Minneapolis,MN,Late morning (09-12),290,285,31.0,0.10877192982456141,0.07769322477945485,0.1502573197404481,0.5725515629883873,False,0.017241379310344827,45.32258224487305
US,US Airways,DTW,Detroit,MI,Early morning (05-09),627,616,67.0,0.10876623376623376,0.08656048355994908,0.13582149273851168,0.5725215801876442,False,0.017543859649122806,58.7164192199707
AS,Alaska Airlines,KOA,Kailua/Kona,HI,Afternoon (12-17),847,847,92.0,0.10861865407319952,0.089403066633194,0.13136846122816118,0.5717447530774846,False,0.0,63.4782600402832
VX,Virgin America,JFK,New York,NY,Late morning (09-12),1251,1236,134.0,0.10841423948220065,0.09227903267176378,0.12697607217388748,0.5706687595397878,False,0.011990407673860911,56.656715393066406
DL,Delta Air Lines,RIC,Richmond,VA,Late morning (09-12),286,286,31.0,0.10839160839160839,0.07741771586686541,0.14974636271950728,0.5705496344464698,False,0.0,85.38710021972656
AS,Alaska Airlines,DEN,Denver,CO,Afternoon (12-17),426,425,46.0,0.10823529411764705,0.08213133822084089,0.14135817399066095,0.5697268304195641,False,0.002347417840375587,51.673912048339844
F9,Frontier Airlines,STL,St Louis,MO,Early morning (05-09),231,231,25.0,0.10822510822510822,0.07438653275570188,0.15488119493819902,0.569673214117059,False,0.0,149.39999389648438
B6,JetBlue Airways,BDL,Windsor Locks,CT,Late morning (09-12),544,537,58.0,0.10800744878957169,0.08448457043696508,0.13709897639079371,0.56852750262498,False,0.012867647058823529,60.41379165649414
F9,Frontier Airlines,SFO,San Francisco,CA,Early morning (05-09),463,463,50.0,0.1079913606911447,0.08287830856573752,0.1395560246213649,0.568442818406223,False,0.0,87.33999633789062
EV,Atlantic Southeast Airlines,BOS,Boston,MA,Afternoon (12-17),830,815,88.0,0.10797546012269939,0.08847798153337118,0.131151309406415,0.5683591213041264,False,0.020481927710843374,61.443180084228516
US,US Airways,SLC,Salt Lake City,UT,Evening (17-21),356,353,38.0,0.10764872521246459,0.07943827159569139,0.1443069419668529,0.5666392604554723,False,0.008426966292134831,54.02631759643555
EV,Atlantic Southeast Airlines,HRL,Harlingen,TX,Afternoon (12-17),527,521,56.0,0.10748560460652591,0.08370462771581938,0.1370126325013585,0.5657806293910383,False,0.011385199240986717,74.39286041259766
UA,United Air Lines,DEN,Denver,CO,Early morning (05-09),6737,6654,714.0,0.1073038773669973,0.1000925618711736,0.11496836718427286,0.564824057091572,False,0.012468457770521003,63.15826416015625
EV,Atlantic Southeast Airlines,ILM,Wilmington,NC,Late morning (09-12),328,327,35.0,0.10703363914373089,0.07797180100149964,0.14522141291114013,0.5634015824020088,False,0.003048780487804878,72.77143096923828
AS,Alaska Airlines,PDX,Portland,OR,Afternoon (12-17),2561,2560,274.0,0.10703125,0.09563862622316152,0.11960150405633779,0.5633890064738302,False,0.0003904724716907458,58.55109405517578
MQ,American Eagle Airlines,AEX,Alexandria,LA,Early morning (05-09),332,318,34.0,0.1069182389937107,0.07752538893174762,0.14569497785738095,0.5627941413428152,False,0.04216867469879518,158.14706420898438
EV,Atlantic Southeast Airlines,CLE,Cleveland,OH,Early morning (05-09),3463,3378,361.0,0.1068679692125518,0.09689233043423395,0.11773676396214464,0.5625295322490902,False,0.02512272596015016,67.88088989257812
AA,American Airlines,TPA,Tampa,FL,Late morning (09-12),1293,1283,137.0,0.10678098207326578,0.09104001919057282,0.1248696933956538,0.5620716510417011,False,0.007733952049497293,70.46715545654297
OO,Skywest Airlines,BRD,Brainerd,MN,Afternoon (12-17),254,253,27.0,0.1067193675889328,0.07438566298944568,0.15081773085329628,0.5617473259206477,False,0.003937007874015748,52.22222137451172
HA,Hawaiian Airlines,HNL,Honolulu,HI,Evening (17-21),5798,5784,617.0,0.10667358229598893,0.09897735810471894,0.11489193645234014,0.5615063221885342,False,0.002414625733011383,32.466773986816406
F9,Frontier Airlines,MSP,Minneapolis,MN,Early morning (05-09),508,507,54.0,0.10650887573964497,0.0825531480038994,0.13638281962285614,0.5606393430292855,False,0.001968503937007874,103.01851654052734
EV,Atlantic Southeast Airlines,TVC,Traverse City,MI,Early morning (05-09),242,235,25.0,0.10638297872340426,0.07310157855109815,0.15232648758143486,0.5599766487703857,False,0.03305785123966942,113.4000015258789
AA,American Airlines,IAD,Chantilly,VA,Early morning (05-09),1065,1053,112.0,0.1063627730294397,0.08915090602314019,0.12643636836121408,0.5598702904325374,False,0.013145539906103286,72.50892639160156
WN,Southwest Airlines,ECP,Panama City,FL,Evening (17-21),348,348,37.0,0.10632183908045977,0.07812516395758262,0.14311530334361197,0.5596548231101727,False,0.0,57.486488342285156
AA,American Airlines,CLT,Charlotte,NC,Late morning (09-12),9391,9368,996.0,0.1063193851409052,0.10023786171089798,0.1127236548388482,0.5596419061110011,False,0.002981578106697902,50.1164665222168
EV,Atlantic Southeast Airlines,TYS,Knoxville,TN,Early morning (05-09),1916,1872,199.0,0.1063034188034188,0.09313792798576938,0.12108143893732264,0.5595578628151086,False,0.02348643006263048,95.68341827392578
OO,Skywest Airlines,SBA,Santa Barbara,CA,Early morning (05-09),1593,1571,167.0,0.10630171865054105,0.09200872124652526,0.12251545693114035,0.5595489135835463,False,0.013810420590081607,88.08383178710938
EV,Atlantic Southeast Airlines,HSV,Huntsville,AL,Early morning (05-09),518,508,54.0,0.1062992125984252,0.08238877148181573,0.13611945450059756,0.5595357222752908,False,0.019305019305019305,107.85185241699219
AA,American Airlines,LBB,Lubbock,TX,Early morning (05-09),230,226,24.0,0.10619469026548672,0.0724062088964553,0.15314738975583392,0.5589855396575176,False,0.017391304347826087,137.4583282470703
WN,Southwest Airlines,MCO,Orlando,FL,Late morning (09-12),7838,7791,827.0,0.10614811962520858,0.09950127773107167,0.11318317245711434,0.5587404020294217,False,0.0061240112273539165,50.19951629638672
UA,United Air Lines,LAX,Los Angeles,CA,Early morning (05-09),6748,6661,707.0,0.10614021918630837,0.09896879499685327,0.11376568319389624,0.5586988158532096,False,0.013189093064611737,69.1329574584961
MQ,American Eagle Airlines,MEM,Memphis,TN,Early morning (05-09),447,424,45.0,0.10613207547169812,0.08026913941954456,0.13906811062813668,0.5586559491270593,False,0.05592841163310962,134.91111755371094
AA,American Airlines,JAX,Jacksonville,FL,Late morning (09-12),245,245,26.0,0.10612244897959183,0.07345489088483728,0.15095131772336973,0.5586052773856418,False,0.0,103.69230651855469
DL,Delta Air Lines,FNT,Flint,MI,Evening (17-21),285,283,30.0,0.10600706713780919,0.07526887601996829,0.1472985618969866,0.557997932696992,False,0.007017543859649123,53.900001525878906
UA,United Air Lines,SFO,San Francisco,CA,Early morning (05-09),8210,8113,860.0,0.10600271169727597,0.09948945403879654,0.11288891737108779,0.5579750066140512,False,0.012302070645554202,63.06046676635742
US,US Airways,SEA,Seattle,WA,Evening (17-21),217,217,23.0,0.10599078341013825,0.07167071800543054,0.15401864486823097,0.5579122187288358,False,0.0,41.826087951660156
AA,American Airlines,OGG,Kahului,HI,Evening (17-21),490,482,51.0,0.10580912863070539,0.08139724569677217,0.1364548279008778,0.5569560278434085,False,0.0163265306122449,96.35294342041016
MQ,American Eagle Airlines,ROW,Roswell,NM,Early morning (05-09),331,312,33.0,0.10576923076923077,0.07630935343343495,0.14481921227798497,0.5567460142582488,False,0.05740181268882175,139.93939208984375
DL,Delta Air Lines,PHX,Phoenix,AZ,Night (21-24),606,606,64.0,0.10561056105610561,0.08357580182971787,0.13261410715648447,0.5559108117166073,False,0.0,43.03125
MQ,American Eagle Airlines,MSN,Madison,WI,Early morning (05-09),615,588,62.0,0.1054421768707483,0.0831273333498944,0.13287911161781318,0.5550244743254775,False,0.04552845528455285,103.91935729980469
AS,Alaska Airlines,LAS,Las Vegas,NV,Afternoon (12-17),845,845,89.0,0.10532544378698225,0.08638347862177836,0.12783976397142158,0.5544100169956268,False,0.0,58.47190856933594
US,US Airways,DTW,Detroit,MI,Evening (17-21),423,418,44.0,0.10526315789473684,0.07935164409033295,0.1383641999610835,0.5540821577306974,False,0.01182033096926714,57.772727966308594
AA,American Airlines,RSW,Ft. Myers,FL,Late morning (09-12),232,228,24.0,0.10526315789473684,0.07176163385250992,0.1518462087434694,0.5540821577306974,False,0.017241379310344827,87.58333587646484
DL,Delta Air Lines,CRW,Charleston,WV,Early morning (05-09),317,314,33.0,0.10509554140127389,0.07581676544917618,0.14392036147190654,0.5531998613011899,False,0.00946372239747634,75.90908813476562
DL,Delta Air Lines,CLT,Charlotte,NC,Late morning (09-12),914,914,96.0,0.1050328227571116,0.08678190080900239,0.1265899925547327,0.5528697241251597,False,0.0,50.6875
OO,Skywest Airlines,FAT,Fresno,CA,Early morning (05-09),2706,2687,282.0,0.10494975809452921,0.09391955208001991,0.11710795693426022,0.5524324899741488,False,0.007760532150776054,92.79432678222656
WN,Southwest Airlines,MDW,Chicago,IL,Early morning (05-09),16992,16565,1735.0,0.10473890733474192,0.10016693578661286,0.10949416689421666,0.551322617856699,False,0.025247175141242938,46.68299865722656
WN,Southwest Airlines,FLL,Ft. Lauderdale,FL,Late morning (09-12),4042,4020,421.0,0.10472636815920398,0.09563511839216082,0.1145723609479802,0.5512566143890358,False,0.0054428500742206825,53.93586730957031
AA,American Airlines,TUL,Tulsa,OK,Late morning (09-12),262,258,27.0,0.10465116279069768,0.07292351972651613,0.14797949950343053,0.5508607498369142,False,0.015267175572519083,70.11111450195312
EV,Atlantic Southeast Airlines,SAV,Savannah,GA,Early morning (05-09),771,755,79.0,0.10463576158940398,0.08476737055277844,0.12850717844400825,0.5507796812938919,False,0.02204928664072633,91.6582260131836
VX,Virgin America,BOS,Boston,MA,Late morning (09-12),597,583,61.0,0.10463121783876501,0.08232014489203988,0.13211864063373058,0.5507557639878887,False,0.023450586264656615,54.442623138427734
DL,Delta Air Lines,SRQ,Sarasota,FL,Late morning (09-12),325,325,34.0,0.10461538461538461,0.0758334534733217,0.1426352560816737,0.5506724213754315,False,0.0,53.617645263671875
AS,Alaska Airlines,ANC,Anchorage,AK,Evening (17-21),1474,1464,153.0,0.10450819672131148,0.08985878469266094,0.12122775216526709,0.5501082078289403,False,0.007462686567164179,58.09803771972656
OO,Skywest Airlines,RHI,Rhinelander,WI,Afternoon (12-17),317,316,33.0,0.10443037974683544,0.0753304984549466,0.1430325912744695,0.5496985963562456,False,0.0031545741324921135,70.06060791015625
OO,Skywest Airlines,MSP,Minneapolis,MN,Late morning (09-12),7142,7120,742.0,0.10421348314606742,0.09732852960658304,0.11152530004622675,0.5485569002589447,False,0.003920470456454775,66.0390853881836
VX,Virgin America,SAN,San Diego,CA,Early morning (05-09),289,288,30.0,0.10416666666666667,0.07394416745420873,0.1448101156911688,0.5483104685876693,False,0.0034602076124567475,50.13333511352539
EV,Atlantic Southeast Airlines,MDW,Chicago,IL,Early morning (05-09),224,221,23.0,0.10407239819004525,0.07035424158360923,0.1513200393323779,0.5478142600188116,False,0.013392857142857142,114.52173614501953
MQ,American Eagle Airlines,LEX,Lexington,KY,Early morning (05-09),460,433,45.0,0.10392609699769054,0.07858071912460163,0.1362376498219456,0.5470441626555962,False,0.06086956521739131,113.4000015258789
AS,Alaska Airlines,BUR,Burbank,CA,Evening (17-21),308,308,32.0,0.1038961038961039,0.07455969332573249,0.14299178152560232,0.5468862855523766,False,0.0,48.5625
WN,Southwest Airlines,RDU,Raleigh,NC,Late morning (09-12),1817,1798,186.0,0.10344827586206896,0.09020634767031488,0.11838113304941097,0.5445290170801681,False,0.010456796917996699,50.17204284667969
WN,Southwest Airlines,LBB,Lubbock,TX,Late morning (09-12),422,406,42.0,0.10344827586206896,0.07744718898190009,0.1368834206975468,0.5445290170801681,False,0.037914691943127965,51.595237731933594
OO,Skywest Airlines,GJT,Grand Junction,CO,Evening (17-21),331,329,34.0,0.1033434650455927,0.07489939386975654,0.14094381803644745,0.5439773159483746,False,0.006042296072507553,60.67647171020508
DL,Delta Air Lines,ABQ,Albuquerque,NM,Afternoon (12-17),515,514,53.0,0.10311284046692606,0.07969932133091637,0.13241496226468505,0.5427633587887278,False,0.001941747572815534,82.86792755126953
DL,Delta Air Lines,MDW,Chicago,IL,Early morning (05-09),790,786,81.0,0.10305343511450382,0.0836932115925646,0.12627496430498247,0.5424506620531445,False,0.005063291139240506,84.79012298583984
OO,Skywest Airlines,APN,Alpena,MI,Late morning (09-12),247,233,24.0,0.10300429184549356,0.07019933094239597,0.14868789157256762,0.5421919826720987,False,0.06072874493927125,99.5
WN,Southwest Airlines,PNS,Pensacola,FL,Late morning (09-12),340,340,35.0,0.10294117647058823,0.07495198681346119,0.13980271418839546,0.5418597571925202,False,0.0,50.85714340209961
EV,Atlantic Southeast Airlines,TRI,Bristol,TN,Early morning (05-09),218,214,22.0,0.102803738317757,0.0688739647255747,0.1507424905336595,0.5411363129239053,False,0.01834862385321101,98.5
EV,Atlantic Southeast Airlines,PIT,Pittsburgh,PA,Early morning (05-09),380,360,37.0,0.10277777777777777,0.07548799689186164,0.1384556533119633,0.5409996623398337,False,0.05789473684210526,89.40540313720703
OO,Skywest Airlines,SUN,Hailey,ID,Early morning (05-09),462,438,45.0,0.10273972602739725,0.07767305518391873,0.1347143705360678,0.5407993662782491,False,0.05194805194805195,78.71111297607422
US,US Airways,JAX,Jacksonville,FL,Early morning (05-09),440,438,45.0,0.10273972602739725,0.07767305518391873,0.1347143705360678,0.5407993662782491,False,0.006818181818181818,61.28888702392578
OO,Skywest Airlines,BUR,Burbank,CA,Early morning (05-09),1009,993,102.0,0.1027190332326284,0.08534139220393736,0.12315873459654933,0.5406904439486866,False,0.015857284440039643,77.00980377197266
EV,Atlantic Southeast Airlines,SBN,South Bend,IN,Early morning (05-09),445,429,44.0,0.10256410256410256,0.07729273558911429,0.13489019692014545,0.5398749229170897,False,0.035955056179775284,103.04545593261719
B6,JetBlue Airways,SJU,San Juan,PR,Early morning (05-09),1666,1639,168.0,0.10250152532031727,0.08873464217542075,0.11812741926738664,0.5395455300416064,False,0.01680672268907563,63.30952453613281
AA,American Airlines,BNA,Nashville,TN,Late morning (09-12),704,684,70.0,0.1023391812865497,0.0818004163993719,0.1273198229115392,0.5386909866826224,False,0.029829545454545456,81.5
DL,Delta Air Lines,EYW,Key West,FL,Evening (17-21),324,323,33.0,0.1021671826625387,0.07367662313607021,0.14000976195077305,0.5377856236797944,False,0.0030864197530864196,130.72727966308594
US,US Airways,SAT,San Antonio,TX,Early morning (05-09),249,245,25.0,0.10204081632653061,0.07007544102854106,0.14629352621809294,0.5371204590246555,False,0.01606425702811245,53.400001525878906
AA,American Airlines,CLE,Cleveland,OH,Early morning (05-09),688,677,69.0,0.1019202363367799,0.08132976371365128,0.12700298211151567,0.5364857524261035,False,0.015988372093023256,68.63768005371094
DL,Delta Air Lines,PVD,Providence,RI,Afternoon (12-17),652,648,66.0,0.10185185185185185,0.08086105808834188,0.12753558305883253,0.5361257915079433,False,0.006134969325153374,65.69696807861328
B6,JetBlue Airways,SWF,Newburgh,NY,Early morning (05-09),218,216,22.0,0.10185185185185185,0.06822687300788813,0.14939163049645318,0.5361257915079433,False,0.009174311926605505,89.31818389892578
WN,Southwest Airlines,PVD,Providence,RI,Late morning (09-12),566,560,57.0,0.10178571428571428,0.07939375080884103,0.12960395351095372,0.535777657877094,False,0.01060070671378092,60.96491241455078
WN,Southwest Airlines,TPA,Tampa,FL,Late morning (09-12),5662,5620,572.0,0.10177935943060498,0.09414426577191626,0.10995849558608503,0.5357442073146992,False,0.007771105616389968,50.13811111450195
OO,Skywest Airlines,RHI,Rhinelander,WI,Early morning (05-09),333,325,33.0,0.10153846153846154,0.07321734739943944,0.1391694065878906,0.5344761736879188,False,0.024024024024024024,96.7272720336914
DL,Delta Air Lines,MLB,Melbourne,FL,Late morning (09-12),325,325,33.0,0.10153846153846154,0.07321734739943944,0.1391694065878906,0.5344761736879188,False,0.0,86.51515197753906
DL,Delta Air Lines,PIT,Pittsburgh,PA,Late morning (09-12),602,601,61.0,0.10149750415973377,0.07982879938939572,0.12822831837499082,0.5342605830365043,False,0.0016611295681063123,40.01639175415039
B6,JetBlue Airways,BOS,Boston,MA,Early morning (05-09),11900,11647,1182.0,0.10148536103717695,0.09613189182087076,0.1071016325281342,0.5341966643047995,False,0.021680672268907564,53.81641387939453
EV,Atlantic Southeast Airlines,GJT,Grand Junction,CO,Late morning (09-12),282,276,28.0,0.10144927536231885,0.07112494892070585,0.14271602397253091,0.5340067172332084,False,0.02127659574468085,54.46428680419922
MQ,American Eagle Airlines,GNV,Gainesville,FL,Early morning (05-09),291,276,28.0,0.10144927536231885,0.07112494892070585,0.14271602397253091,0.5340067172332084,False,0.05154639175257732,87.67857360839844
AA,American Airlines,MCI,Kansas City,MO,Early morning (05-09),1146,1124,114.0,0.10142348754448399,0.08510997112110158,0.12045222839344019,0.5338709758205918,False,0.02006980802792321,84.27192687988281
VX,Virgin America,DAL,Dallas,TX,Early morning (05-09),1239,1213,123.0,0.10140148392415499,0.08565254037321365,0.11966719885989607,0.533755153593009,False,0.020984665052461663,48.260162353515625
MQ,American Eagle Airlines,GSO,Greensboro,NC,Early morning (05-09),507,474,48.0,0.10126582278481013,0.07723253522171211,0.13171034459452824,0.5330410631333291,False,0.0670611439842209,107.8125
WN,Southwest Airlines,TUS,Tucson,AZ,Late morning (09-12),879,879,89.0,0.1012514220705347,0.08301189211637862,0.12296118391447446,0.5329652609343625,False,0.0,46.82022476196289
DL,Delta Air Lines,FLL,Ft. Lauderdale,FL,Late morning (09-12),2093,2084,211.0,0.10124760076775433,0.08902094964052132,0.11494164982104704,0.5329451464353085,False,0.005255613951266125,67.620849609375
AA,American Airlines,PDX,Portland,OR,Early morning (05-09),1200,1186,120.0,0.10118043844856661,0.08528431007625106,0.11965187638756059,0.5325916187293381,False,0.011666666666666667,122.89167022705078
DL,Delta Air Lines,SLC,Salt Lake City,UT,Overnight (00-05),445,445,45.0,0.10112359550561797,0.0764370027520972,0.13263809189153655,0.532292409954771,False,0.0,73.97777557373047
MQ,American Eagle Airlines,DAY,Dayton,OH,Early morning (05-09),503,475,48.0,0.10105263157894737,0.077068091292644,0.13143843779756034,0.5319188714214694,False,0.05765407554671968,90.27083587646484
OO,Skywest Airlines,GJT,Grand Junction,CO,Afternoon (12-17),774,772,78.0,0.10103626943005181,0.08171293542949738,0.12431056215042098,0.5318327446612005,False,0.003875968992248062,60.730770111083984
DL,Delta Air Lines,CLE,Cleveland,OH,Afternoon (12-17),876,873,88.0,0.10080183276059565,0.08254647866832797,0.12255510410329239,0.5305987214923975,False,0.003424657534246575,61.1363639831543
AA,American Airlines,EWR,Newark,NJ,Late morning (09-12),786,775,78.0,0.10064516129032258,0.08139363497332144,0.12383628597594473,0.5297740372625119,False,0.01653944020356234,65.78205108642578
OO,Skywest Airlines,MSO,Missoula,MT,Evening (17-21),565,557,56.0,0.10053859964093358,0.07823662800499605,0.128312957475111,0.5292131201305763,False,0.01415929203539823,57.78571319580078
AS,Alaska Airlines,LIH,Lihue,HI,Late morning (09-12),240,239,24.0,0.100418410041841,0.0684121064538453,0.1450669679716238,0.5285804684627573,False,0.004166666666666667,39.0
AS,Alaska Airlines,JNU,Juneau,AK,Early morning (05-09),996,986,99.0,0.10040567951318459,0.08316938477503769,0.12074364535018639,0.5285134577542808,False,0.010040160642570281,97.53535461425781
DL,Delta Air Lines,OMA,Omaha,NE,Afternoon (12-17),519,518,52.0,0.10038610038610038,0.07737655073312641,0.12927926206523999,0.5284103975269584,False,0.0019267822736030828,61.63461685180664
US,US Airways,PHX,Phoenix,AZ,Early morning (05-09),4667,4647,465.0,0.1000645577792124,0.09176403705659579,0.10902577268450571,0.5267178678234035,False,0.004713949003642597,48.913978576660156
US,US Airways,LGA,New York,NY,Late morning (09-12),1230,1140,114.0,0.1,0.0839057894397546,0.11878101614591391,0.5263780498441625,False,0.07560975609756097,55.27193069458008
B6,JetBlue Airways,RIC,Richmond,VA,Late morning (09-12),376,360,36.0,0.1,0.07310912587689324,0.13533762677590955,0.5263780498441625,False,0.0425531914893617,60.33333206176758
DL,Delta Air Lines,EWR,Newark,NJ,Late morning (09-12),942,932,93.0,0.09978540772532189,0.08215546477716355,0.12070108701536204,0.5252484832135956,False,0.01167728237791932,79.87096405029297
OO,Skywest Airlines,BJI,Bemidji,MN,Afternoon (12-17),332,331,33.0,0.09969788519637462,0.07187325641273007,0.1367077562213035,0.5247877838325488,False,0.0030120481927710845,108.81818389892578
DL,Delta Air Lines,LFT,Lafayette,LA,Early morning (05-09),332,331,33.0,0.09969788519637462,0.07187325641273007,0.1367077562213035,0.5247877838325488,False,0.0030120481927710845,96.93939208984375
EV,Atlantic Southeast Airlines,AVL,Asheville,NC,Late morning (09-12),303,301,30.0,0.09966777408637874,0.0707086712019939,0.138716814033617,0.5246292855589659,False,0.006600660066006601,74.96666717529297
F9,Frontier Airlines,DEN,Denver,CO,Early morning (05-09),4954,4947,493.0,0.09965635738831616,0.0916172437460572,0.1083167634336514,0.5245691905663475,False,0.0018167137666532096,51.0
DL,Delta Air Lines,RDU,Raleigh,NC,Late morning (09-12),604,603,60.0,0.09950248756218906,0.07808683405968056,0.12598882588189234,0.5237592535762811,False,0.0016556291390728477,73.08333587646484
DL,Delta Air Lines,LGA,New York,NY,Early morning (05-09),5351,5218,518.0,0.09927175162897663,0.09145058472392487,0.10768253336989095,0.5225447102707478,False,0.025228929172117363,69.12162017822266
VX,Virgin America,EWR,Newark,NJ,Late morning (09-12),621,615,61.0,0.0991869918699187,0.07799297082872822,0.12535728875304522,0.5220985535039661,False,0.00966183574879227,59.50819778442383
WN,Southwest Airlines,ECP,Panama City,FL,Late morning (09-12),424,424,42.0,0.09905660377358491,0.07412094994956817,0.13119241836244266,0.5214122191852553,False,0.0,43.404762268066406
AA,American Airlines,SLC,Salt Lake City,UT,Early morning (05-09),991,970,96.0,0.09896907216494845,0.08172883152187968,0.11937327789714694,0.5209514720107175,False,0.02119071644803229,91.71875
NK,Spirit Air Lines,DEN,Denver,CO,Early morning (05-09),533,526,52.0,0.09885931558935361,0.07618700954405952,0.12734853768364024,0.5203737374885257,False,0.0150093808630394,67.55769348144531
DL,Delta Air Lines,GEG,Spokane,WA,Late morning (09-12),263,263,26.0,0.09885931558935361,0.06835923215561285,0.1409094875642509,0.5203737374885257,False,0.0,48.92307662963867
AA,American Airlines,PHX,Phoenix,AZ,Early morning (05-09),4816,4789,472.0,0.09855919816245563,0.09043610949769908,0.10732581945901838,0.5187939852295775,False,0.006644518272425249,70.4809341430664
OO,Skywest Airlines,GFK,Grand Forks,ND,Afternoon (12-17),254,254,25.0,0.0984251968503937,0.06755850863526083,0.14125806712287906,0.5180886317363804,False,0.0,75.0
B6,JetBlue Airways,PIT,Pittsburgh,PA,Late morning (09-12),321,315,31.0,0.09841269841269841,0.07019893195468815,0.13630360723718643,0.518022842703779,False,0.018691588785046728,51.25806427001953
AS,Alaska Airlines,ANC,Anchorage,AK,Afternoon (12-17),3207,3181,313.0,0.09839673058786545,0.08852529667810359,0.10923700333706825,0.5179387915788207,False,0.01028999064546305,46.549522399902344
OO,Skywest Airlines,YUM,Yuma,AZ,Afternoon (12-17),420,417,41.0,0.09832134292565947,0.07330502831537763,0.13067100447225552,0.5175419674726778,False,0.007142857142857143,62.63414764404297
EV,Atlantic Southeast Airlines,SDF,Louisville,KY,Early morning (05-09),303,295,29.0,0.09830508474576272,0.06932000243324216,0.13761771975804582,0.517456387982397,False,0.0297029702970297,92.3448257446289
B6,JetBlue Airways,SEA,Seattle,WA,Early morning (05-09),236,234,23.0,0.09829059829059829,0.06639099708686294,0.14316696081453026,0.517380134462211,False,0.00847457627118644,47.173912048339844
DL,Delta Air Lines,MKE,Milwaukee,WI,Late morning (09-12),916,916,90.0,0.0982532751091703,0.0806220572214427,0.11924017992895364,0.5171836734276706,False,0.0,62.46666717529297
AA,American Airlines,JAC,Jackson,WY,Early morning (05-09),228,224,22.0,0.09821428571428571,0.06575573644560673,0.1442217215778622,0.516978441811231,False,0.021929824561403508,92.04545593261719
OO,Skywest Airlines,TWF,Twin Falls,ID,Afternoon (12-17),317,316,31.0,0.0981012658227848,0.06997395042297214,0.1358829487421146,0.5163835299104126,False,0.0031545741324921135,66.32257843017578
DL,Delta Air Lines,BWI,Baltimore,MD,Late morning (09-12),1042,1042,102.0,0.09788867562380038,0.08129501491226829,0.11743641822253914,0.5152645017668385,False,0.0,71.86274719238281
AA,American Airlines,IND,Indianapolis,IN,Early morning (05-09),998,982,96.0,0.09775967413441955,0.08072166325086798,0.11793256274243559,0.5145854662427658,False,0.017034068136272545,80.97916412353516
DL,Delta Air Lines,MSP,Minneapolis,MN,Late morning (09-12),15148,15132,1479.0,0.09773988897700238,0.09310986653983823,0.10257410520574346,0.5144813215169947,False,0.0011882756799577502,53.118324279785156
OO,Skywest Airlines,OAK,Oakland,CA,Late morning (09-12),434,431,42.0,0.09744779582366589,0.07290332779156358,0.12910494372615688,0.5129438072727337,False,0.0069124423963133645,82.9047622680664
MQ,American Eagle Airlines,MIA,Miami,FL,Early morning (05-09),274,257,25.0,0.09727626459143969,0.06675924792131732,0.13965567975892998,0.5120409045176678,False,0.06934306569343066,68.68000030517578
AA,American Airlines,ATL,Atlanta,GA,Late morning (09-12),1203,1193,116.0,0.0972338642078793,0.08169145042721565,0.11536186055395345,0.5118177182055562,False,0.00831255195344971,67.95689392089844
EV,Atlantic Southeast Airlines,BHM,Birmingham,AL,Early morning (05-09),945,916,89.0,0.09716157205240175,0.07962974109493683,0.11805820865641169,0.5114371881673632,False,0.030687830687830688,83.28089904785156
OO,Skywest Airlines,DRO,Durango,CO,Afternoon (12-17),450,443,43.0,0.09706546275395034,0.07286202712583274,0.12819714014955075,0.5109312899164556,False,0.015555555555555555,74.02325439453125
UA,United Air Lines,MDT,Harrisburg,PA,Early morning (05-09),302,299,29.0,0.09698996655518395,0.06838071309090066,0.1358237290993401,0.5105338944976827,False,0.009933774834437087,82.0
DL,Delta Air Lines,HOU,Houston,TX,Late morning (09-12),248,248,24.0,0.0967741935483871,0.06589567956605226,0.1399543467997269,0.5093981127524153,False,0.0,82.75
OO,Skywest Airlines,SGU,St George,UT,Evening (17-21),279,279,27.0,0.0967741935483871,0.06736252969637549,0.1371392126215862,0.5093981127524153,False,0.0035842293906810036,57.22222137451172
US,US Airways,PHL,Philadelphia,PA,Early morning (05-09),3677,3587,347.0,0.09673822135489267,0.0874914186585059,0.10684786937915078,0.5092087630218132,False,0.025020397062822955,49.98270797729492
AS,Alaska Airlines,SJC,San Jose,CA,Late morning (09-12),766,765,74.0,0.09673202614379085,0.07775560860201063,0.11973838756052795,0.5091761527904317,False,0.0013054830287206266,57.16216278076172
OO,Skywest Airlines,PHX,Phoenix,AZ,Night (21-24),1026,1003,97.0,0.0967098703888335,0.07992709649543621,0.11657014795691857,0.5090595297595589,False,0.025341130604288498,55.989688873291016
US,US Airways,TPA,Tampa,FL,Late morning (09-12),332,331,32.0,0.09667673716012085,0.06931428728720374,0.13329375185727535,0.5088851237164108,False,0.0030120481927710845,56.375
DL,Delta Air Lines,JAX,Jacksonville,FL,Late morning (09-12),963,962,93.0,0.09667359667359668,0.07957175174047407,0.1169838739439032,0.5088685928846893,False,0.0010384215991692627,62.07526779174805
EV,Atlantic Southeast Airlines,FSD,Sioux Falls,SD,Early morning (05-09),637,621,60.0,0.0966183574879227,0.07580079202491732,0.12239599896979236,0.5085778259363889,False,0.026687598116169546,123.06666564941406
OO,Skywest Airlines,ONT,Ontario,CA,Early morning (05-09),1404,1378,133.0,0.0965166908563135,0.08202805881679225,0.11324873701856251,0.508042675103582,False,0.019230769230769232,99.54135131835938
EV,Atlantic Southeast Airlines,IAH,Houston,TX,Late morning (09-12),12424,12291,1186.0,0.09649336913188512,0.09139866379297713,0.10184023080164702,0.5079199146653459,False,0.011912427559562138,52.399662017822266
AA,American Airlines,STT,Charlotte Amalie,VI,Early morning (05-09),251,249,24.0,0.0963855421686747,0.06562746137893502,0.13940841879268231,0.5073523371991928,False,0.00796812749003984,83.20833587646484
AA,American Airlines,TUL,Tulsa,OK,Early morning (05-09),1315,1297,125.0,0.09637625289128758,0.08148700015064635,0.11364944075038262,0.5073034404820378,False,0.01596958174904943,74.71199798583984
MQ,American Eagle Airlines,GRK,Killeen,TX,Early morning (05-09),236,218,21.0,0.0963302752293578,0.06387047341044366,0.1427706615254746,0.5070614241618079,False,0.07627118644067797,95.76190185546875
MQ,American Eagle Airlines,GRR,Grand Rapids,MI,Early morning (05-09),509,488,47.0,0.09631147540983606,0.07320153120510688,0.12572755490716994,0.5069624660384352,False,0.0412573673870334,102.68085479736328
DL,Delta Air Lines,MCI,Kansas City,MO,Late morning (09-12),676,675,65.0,0.0962962962962963,0.0762719364835549,0.12088981671483481,0.5068825665166009,False,0.0014792899408284023,86.33846282958984
WN,Southwest Airlines,BWI,Baltimore,MD,Early morning (05-09),12507,12273,1179.0,0.09606453189929112,0.09097669374069431,0.10140516447274064,0.505662609603412,False,0.018789477892380266,49.12892150878906
EV,Atlantic Southeast Airlines,XNA,Fayetteville/Springdale/Rogers,AR,Early morning (05-09),417,406,39.0,0.0960591133004926,0.0710661949758893,0.12862461239944792,0.5056340872887275,False,0.026378896882494004,106.25640869140625
DL,Delta Air Lines,MCO,Orlando,FL,Late morning (09-12),2327,2323,223.0,0.09599655617735686,0.08467523089610143,0.10865189545405493,0.5053048003239269,False,0.0021486892995272885,71.19731140136719
OO,Skywest Airlines,LGB,Long Beach,CA,Evening (17-21),294,292,28.0,0.0958904109589041,0.06717756362986624,0.13509824883193766,0.5047460751930325,False,0.006802721088435374,64.14286041259766
AS,Alaska Airlines,HNL,Honolulu,HI,Night (21-24),564,564,54.0,0.09574468085106383,0.07412386874083693,0.12283528324802756,0.503978983893347,False,0.0,53.33333206176758
DL,Delta Air Lines,DEN,Denver,CO,Overnight (00-05),357,356,34.0,0.09550561797752809,0.0691503191966874,0.13049752585513538,0.5027206094017282,False,0.0028011204481792717,59.088233947753906
EV,Atlantic Southeast Airlines,FNT,Flint,MI,Late morning (09-12),248,241,23.0,0.0954356846473029,0.06443650668106193,0.13913020747208849,0.5023524957018978,False,0.03225806451612903,97.82608795166016
OO,Skywest Airlines,ICT,Wichita,KS,Early morning (05-09),828,797,76.0,0.09535759096612297,0.07686400010147255,0.11773328355611966,0.5019414277058514,False,0.03985507246376811,122.97368621826172
OO,Skywest Airlines,OKC,Oklahoma City,OK,Early morning (05-09),777,766,73.0,0.09530026109660575,0.0764794885250858,0.1181600321243569,0.5016396558567084,False,0.01673101673101673,106.4383544921875
DL,Delta Air Lines,OKC,Oklahoma City,OK,Afternoon (12-17),590,588,56.0,0.09523809523809523,0.07407017758712342,0.12166057199181798,0.5013124284230118,False,0.003389830508474576,66.57142639160156
DL,Delta Air Lines,DFW,Dallas-Fort Worth,TX,Early morning (05-09),1437,1434,136.0,0.09483960948396095,0.08073885831381179,0.1111053615223649,0.499214886881493,False,0.0020876826722338203,91.90441131591797
US,US Airways,SAN,San Diego,CA,Afternoon (12-17),361,359,34.0,0.0947075208913649,0.0685655678697107,0.129431574685057,0.4985196015237193,False,0.00554016620498615,69.17646789550781
OO,Skywest Airlines,MEM,Memphis,TN,Early morning (05-09),274,264,25.0,0.0946969696969697,0.06496589845698748,0.13605440608121716,0.4984640623524266,False,0.040145985401459854,116.5999984741211
EV,Atlantic Southeast Airlines,LFT,Lafayette,LA,Early morning (05-09),672,655,62.0,0.09465648854961832,0.07454178143105283,0.11949818204423468,0.49825097847844385,False,0.025297619047619048,95.59677124023438
DL,Delta Air Lines,LAX,Los Angeles,CA,Early morning (05-09),4600,4591,434.0,0.09453278152907864,0.08640541827552521,0.10333814111072219,0.4975998118762068,False,0.002173913043478261,67.41935729980469
HA,Hawaiian Airlines,LIH,Lihue,HI,Evening (17-21),1720,1718,162.0,0.09429569266589057,0.08136741491220069,0.10903430380571157,0.4963518281417597,False,0.002325581395348837,37.46296310424805
AA,American Airlines,RNO,Reno,NV,Early morning (05-09),829,817,77.0,0.09424724602203183,0.07606837045514753,0.1162240279807992,0.4960968156426011,False,0.014475271411338963,112.41558074951172
OO,Skywest Airlines,IMT,Iron Mountain/Kingsford,MI,Afternoon (12-17),332,329,31.0,0.09422492401215805,0.06717520997519713,0.13064140910126446,0.49597931748234153,False,0.009036144578313253,76.96774291992188
US,US Airways,SLC,Salt Lake City,UT,Early morning (05-09),228,223,21.0,0.09417040358744394,0.062418792391978194,0.13966759740601298,0.4956923339339646,False,0.021929824561403508,62.28571319580078
UA,United Air Lines,PHX,Phoenix,AZ,Early morning (05-09),2140,2127,200.0,0.09402914903620123,0.08234667861008547,0.10717543321652805,0.49494880098181715,False,0.0065420560747663555,71.1449966430664
EV,Atlantic Southeast Airlines,LCH,Lake Charles,LA,Evening (17-21),275,266,25.0,0.09398496240601503,0.06447108045404759,0.13505931070876792,0.49471621225955115,False,0.03272727272727273,85.04000091552734
MQ,American Eagle Airlines,FWA,Fort Wayne,IN,Early morning (05-09),616,596,56.0,0.09395973154362416,0.0730660423554535,0.12005427474159344,0.49458340253813926,False,0.03571428571428571,123.83928680419922
OO,Skywest Airlines,GCC,Gillette,WY,Evening (17-21),248,245,23.0,0.09387755102040816,0.06337048372035248,0.13692400080313558,0.49415082230268315,False,0.012096774193548387,57.434783935546875
AA,American Airlines,MKE,Milwaukee,WI,Early morning (05-09),461,448,42.0,0.09375,0.07010645069971003,0.12430150111349178,0.4934794217289023,False,0.028199566160520606,131.40475463867188
WN,Southwest Airlines,GEG,Spokane,WA,Late morning (09-12),408,406,38.0,0.09359605911330049,0.0689500386491552,0.12586083462481212,0.49266911069158065,False,0.004901960784313725,47.02631759643555
US,US Airways,BUF,Buffalo,NY,Early morning (05-09),362,353,33.0,0.09348441926345609,0.0673406146500458,0.12838096041295133,0.49208146302712075,False,0.024861878453038673,65.48484802246094
WN,Southwest Airlines,LAX,Los Angeles,CA,Early morning (05-09),7845,7666,716.0,0.0933994260370467,0.08708746831836836,0.10011869249726046,0.49163407733944736,False,0.022944550669216062,41.45530700683594
AS,Alaska Airlines,PDX,Portland,OR,Late morning (09-12),3494,3487,325.0,0.09320332664181244,0.08399651426744009,0.10330548190448588,0.49060185316705707,False,0.0028620492272467086,62.22153854370117
US,US Airways,SAN,San Diego,CA,Night (21-24),374,365,34.0,0.09315068493150686,0.06742524888706808,0.12735104532703356,0.4903247587589459,False,0.02406417112299465,38.05882263183594
DL,Delta Air Lines,IAD,Chantilly,VA,Late morning (09-12),506,505,47.0,0.09306930693069307,0.07071143319661868,0.12157158768846615,0.48989640282526015,False,0.001976284584980237,73.42552947998047
AA,American Airlines,ONT,Ontario,CA,Early morning (05-09),864,849,79.0,0.09305064782096584,0.07530051868065697,0.11446695982883413,0.48979818536735964,False,0.018518518518518517,74.582275390625
MQ,American Eagle Airlines,PIA,Peoria,IL,Early morning (05-09),582,559,52.0,0.09302325581395349,0.07164379358260306,0.11995824862607518,0.4896539998550349,False,0.041237113402061855,110.75
US,US Airways,BOS,Boston,MA,Late morning (09-12),1709,1602,149.0,0.09300873907615481,0.07974316424327167,0.10822157648831733,0.4895775869337092,False,0.06436512580456408,49.62416076660156
EV,Atlantic Southeast Airlines,ORF,Norfolk,VA,Early morning (05-09),545,527,49.0,0.09297912713472485,0.07104524289899541,0.12080407712415273,0.4894217161738892,False,0.03302752293577982,98.36734771728516
HA,Hawaiian Airlines,SFO,San Francisco,CA,Late morning (09-12),541,538,50.0,0.09293680297397769,0.07120568620083899,0.12043999032159856,0.48919893108193535,False,0.0073937153419593345,110.0199966430664
UA,United Air Lines,MSP,Minneapolis,MN,Early morning (05-09),966,947,88.0,0.09292502639915523,0.07604257637544068,0.11309681340304611,0.4891369417770465,False,0.020703933747412008,82.45454406738281
EV,Atlantic Southeast Airlines,AMA,Amarillo,TX,Early morning (05-09),385,377,35.0,0.09283819628647215,0.06751063194427948,0.1263799514373679,0.4886798871232278,False,0.02077922077922078,131.1714324951172
B6,JetBlue Airways,BWI,Baltimore,MD,Late morning (09-12),353,345,32.0,0.0927536231884058,0.0664680431430097,0.12800876237559813,0.48823471289893333,False,0.0226628895184136,49.1875
MQ,American Eagle Airlines,LFT,Lafayette,LA,Early morning (05-09),261,248,23.0,0.09274193548387097,0.06259383727295131,0.13531468935648563,0.48817319138773135,False,0.05363984674329502,104.9565200805664
DL,Delta Air Lines,SLC,Salt Lake City,UT,Late morning (09-12),9379,9372,869.0,0.09272300469483569,0.087016474192078,0.09876328556836847,0.4880735438695873,False,0.0007463482247574368,52.484466552734375
HA,Hawaiian Airlines,LIH,Lihue,HI,Afternoon (12-17),2605,2599,240.0,0.0923432089265102,0.08180629461839742,0.10408346525020162,0.48607438231088496,False,0.002687140115163148,40.891666412353516
MQ,American Eagle Airlines,MDT,Harrisburg,PA,Early morning (05-09),266,260,24.0,0.09230769230769231,0.06281503766038934,0.13367255186302168,0.48588743062538076,False,0.022556390977443608,110.25
MQ,American Eagle Airlines,MLI,Moline,IL,Early morning (05-09),633,607,56.0,0.09225700164744646,0.07172900703531106,0.11791361062530668,0.4856206061165255,False,0.04107424960505529,112.75
AS,Alaska Airlines,BOS,Boston,MA,Early morning (05-09),395,391,36.0,0.09207161125319693,0.06724675496751503,0.12483432260891059,0.4846447517746765,False,0.010126582278481013,60.27777862548828
AS,Alaska Airlines,LIH,Lihue,HI,Afternoon (12-17),728,728,67.0,0.09203296703296704,0.07312153456058947,0.11522741963933573,0.4844413370818529,False,0.0,71.74626922607422
MQ,American Eagle Airlines,MSN,Madison,WI,Late morning (09-12),398,381,35.0,0.09186351706036745,0.06679374913486835,0.12508155748479025,0.4835493896206217,False,0.04271356783919598,62.68571472167969
DL,Delta Air Lines,STL,St Louis,MO,Late morning (09-12),1080,1079,99.0,0.0917516218721038,0.07594484090427935,0.1104550905353698,0.48296039791077,False,0.000925925925925926,61.272727966308594
AA,American Airlines,ELP,El Paso,TX,Early morning (05-09),332,327,30.0,0.09174311926605505,0.0650189829856436,0.12794828594305221,0.48291564205886467,False,0.018072289156626505,78.69999694824219
WN,Southwest Airlines,DAL,Dallas,TX,Early morning (05-09),11870,11606,1061.0,0.0914182319489919,0.08630915026188477,0.09679770625198875,0.4812055065351167,False,0.02257792754844145,46.43638229370117
AA,American Airlines,DTW,Detroit,MI,Early morning (05-09),1470,1447,132.0,0.0912232204561161,0.07745023534858503,0.10716095859567465,0.48017900884194503,False,0.015646258503401362,60.15151596069336
OO,Skywest Airlines,SLC,Salt Lake City,UT,Late morning (09-12),11222,11196,1021.0,0.09119328331546982,0.08599994256855507,0.09666706943632901,0.480021426304832,False,0.0029406522901443593,60.590599060058594
US,US Airways,HNL,Honolulu,HI,Night (21-24),382,373,34.0,0.09115281501340483,0.06596256074409135,0.12467881218288915,0.4798084100456173,False,0.02356020942408377,81.67646789550781
DL,Delta Air Lines,PWM,Portland,ME,Early morning (05-09),380,375,34.0,0.09066666666666667,0.06560675375125827,0.12402817546454065,0.47724943185870733,False,0.013157894736842105,123.32353210449219
DL,Delta Air Lines,DEN,Denver,CO,Early morning (05-09),1765,1754,159.0,0.09064994298745724,0.07809281244292425,0.10499626680062078,0.4771614020822225,False,0.006232294617563739,72.88679504394531
EV,Atlantic Southeast Airlines,EYW,Key West,FL,Early morning (05-09),255,254,23.0,0.09055118110236221,0.061096304463484206,0.13220687081932508,0.47664154119747,False,0.00392156862745098,107.3043441772461
B6,JetBlue Airways,JFK,New York,NY,Early morning (05-09),9393,9247,836.0,0.09040769979452795,0.0847315675536249,0.09642401509087742,0.4758862870874011,False,0.015543489832854253,48.779903411865234
EV,Atlantic Southeast Airlines,GSO,Greensboro,NC,Early morning (05-09),561,531,48.0,0.0903954802259887,0.06885803987728109,0.11781704298837481,0.4758219659608248,False,0.053475935828877004,94.4375
AS,Alaska Airlines,ANC,Anchorage,AK,Overnight (00-05),1537,1529,138.0,0.09025506867233486,0.07690017806547413,0.10566376070027962,0.4750828703629459,False,0.00520494469746259,34.08695602416992
OO,Skywest Airlines,CDC,Cedar City,UT,Evening (17-21),277,277,25.0,0.09025270758122744,0.06187893701756321,0.12983625047602748,0.4750704420976196,False,0.0,58.720001220703125
US,US Airways,SNA,Santa Ana,CA,Afternoon (12-17),236,233,21.0,0.09012875536480687,0.0597048469942737,0.13384898814279683,0.4744179848380864,False,0.012711864406779662,45.0476188659668
EV,Atlantic Southeast Airlines,ROA,Roanoke,VA,Early morning (05-09),317,300,27.0,0.09,0.06258980739496589,0.12777780520317736,0.4737402448597462,False,0.05362776025236593,109.33333587646484
AS,Alaska Airlines,DEN,Denver,CO,Late morning (09-12),268,267,24.0,0.0898876404494382,0.06114752219539619,0.1302617738654748,0.4731488088486854,False,0.0037313432835820895,31.70833396911621
MQ,American Eagle Airlines,GRI,Grand Island,NE,Early morning (05-09),333,323,29.0,0.08978328173374613,0.0632394738651895,0.12597022281968778,0.472599487476183,False,0.03303303303303303,134.89654541015625
OO,Skywest Airlines,HIB,Hibbing,MN,Early morning (05-09),333,323,29.0,0.08978328173374613,0.0632394738651895,0.12597022281968778,0.472599487476183,False,0.03003003003003003,140.37930297851562
EV,Atlantic Southeast Airlines,BDL,Windsor Locks,CT,Early morning (05-09),464,446,40.0,0.08968609865470852,0.0665537575339899,0.1198265149886047,0.4720879370799663,False,0.03879310344827586,99.44999694824219
DL,Delta Air Lines,GRR,Grand Rapids,MI,Late morning (09-12),346,346,31.0,0.08959537572254335,0.06383642489939845,0.12436760801149607,0.4716103914788739,False,0.0,42.80644989013672
AA,American Airlines,FLL,Ft. Lauderdale,FL,Late morning (09-12),649,637,57.0,0.08948194662480377,0.06970623085754743,0.11417945945968541,0.47101332560623643,False,0.020030816640986132,50.22806930541992
OO,Skywest Airlines,PHX,Phoenix,AZ,Early morning (05-09),2822,2808,251.0,0.0893874643874644,0.0793880755935479,0.10050882898315373,0.4705159918478803,False,0.005669737774627924,67.96015930175781
AA,American Airlines,COS,Colorado Springs,CO,Early morning (05-09),513,504,45.0,0.08928571428571429,0.06739747141178495,0.11738770569855814,0.4699804016465737,False,0.01949317738791423,122.84444427490234
AA,American Airlines,AUS,Austin,TX,Early morning (05-09),2450,2397,214.0,0.08927826449728828,0.07851036998190472,0.10136055528030335,0.4699411875955393,False,0.022040816326530613,91.46729278564453
EV,Atlantic Southeast Airlines,HOB,Hobbs,NM,Early morning (05-09),284,269,24.0,0.08921933085501858,0.06068723260069418,0.12931898346019977,0.46963097383865793,False,0.0528169014084507,103.625
MQ,American Eagle Airlines,AZO,Kalamazoo,MI,Evening (17-21),230,213,19.0,0.0892018779342723,0.05784917020347325,0.13511011436185,0.46953910549479283,False,0.07391304347826087,58.6315803527832
F9,Frontier Airlines,LAS,Las Vegas,NV,Early morning (05-09),450,449,40.0,0.08908685968819599,0.06610436618103424,0.11904116815150056,0.4689336746941314,False,0.0022222222222222222,124.69999694824219
EV,Atlantic Southeast Airlines,GRR,Grand Rapids,MI,Early morning (05-09),306,292,26.0,0.08904109589041095,0.06148750999543546,0.12726755352504307,0.4686927841078159,False,0.0457516339869281,100.03845977783203
EV,Atlantic Southeast Airlines,DCA,Arlington,VA,Late morning (09-12),425,416,37.0,0.0889423076923077,0.06521544106857877,0.12019162673985184,0.4681727847171638,False,0.021176470588235293,66.16216278076172
EV,Atlantic Southeast Airlines,HRL,Harlingen,TX,Late morning (09-12),299,293,26.0,0.08873720136518772,0.06127511680355628,0.12684406864753955,0.4670931500323626,False,0.020066889632107024,72.76923370361328
F9,Frontier Airlines,PDX,Portland,OR,Late morning (09-12),293,293,26.0,0.08873720136518772,0.06127511680355628,0.12684406864753955,0.4670931500323626,False,0.0,93.76923370361328
DL,Delta Air Lines,DAL,Dallas,TX,Early morning (05-09),329,327,29.0,0.08868501529051988,0.06245685231960074,0.12446522761230625,0.46681845399023586,False,0.0060790273556231,73.55172729492188
MQ,American Eagle Airlines,DBQ,Dubuque,IA,Early morning (05-09),330,316,28.0,0.08860759493670886,0.0620150952808253,0.12508251803776743,0.46641093024166297,False,0.04242424242424243,127.32142639160156
OO,Skywest Airlines,AUS,Austin,TX,Early morning (05-09),1039,1016,90.0,0.08858267716535433,0.07262465608772223,0.10764020072925795,0.46627976856274234,False,0.023099133782483156,98.82221984863281
AA,American Airlines,ORF,Norfolk,VA,Early morning (05-09),552,542,48.0,0.08856088560885608,0.06744673067198935,0.11546640749849822,0.4661650625926162,False,0.018115942028985508,77.97916412353516
B6,JetBlue Airways,BDL,Windsor Locks,CT,Early morning (05-09),979,960,85.0,0.08854166666666667,0.07217204346325384,0.10819120294569964,0.4660638982995189,False,0.01940755873340143,56.599998474121094
UA,United Air Lines,MIA,Miami,FL,Early morning (05-09),926,915,81.0,0.08852459016393442,0.07179745984938729,0.10869240913347111,0.4659740113374553,False,0.014038876889848811,56.55555725097656
EV,Atlantic Southeast Airlines,ELM,Elmira,NY,Early morning (05-09),647,633,56.0,0.08846761453396525,0.06875523613632605,0.11314494123902132,0.4656741041275371,False,0.021638330757341576,109.94642639160156
DL,Delta Air Lines,LIT,Little Rock,AR,Late morning (09-12),329,328,29.0,0.08841463414634146,0.062264215074701146,0.12409457779514999,0.46539522699636315,False,0.00303951367781155,73.37931060791016
AA,American Airlines,BOS,Boston,MA,Late morning (09-12),3385,3304,292.0,0.08837772397094432,0.07917092977324112,0.09854060272577576,0.4652009399349136,False,0.025406203840472673,63.25685119628906
DL,Delta Air Lines,DTW,Detroit,MI,Late morning (09-12),4773,4764,421.0,0.0883711167086482,0.08063921493578118,0.09676634316833031,0.4651661607564912,False,0.002095118374188142,67.71733856201172
F9,Frontier Airlines,PHX,Phoenix,AZ,Early morning (05-09),320,317,28.0,0.08832807570977919,0.061817161100991835,0.12469730585092464,0.46493960238601106,False,0.009375,110.03571319580078
US,US Airways,CLE,Cleveland,OH,Afternoon (12-17),319,317,28.0,0.08832807570977919,0.061817161100991835,0.12469730585092464,0.46493960238601106,False,0.006269592476489028,40.32143020629883
EV,Atlantic Southeast Airlines,BTV,Burlington,VT,Early morning (05-09),565,555,49.0,0.08828828828828829,0.06742587451867181,0.11481109567109214,0.464730170132684,False,0.019469026548672566,78.81632995605469
EV,Atlantic Southeast Airlines,ELP,El Paso,TX,Late morning (09-12),446,442,39.0,0.08823529411764706,0.06521665338797711,0.11834988683617428,0.4644512204507316,False,0.008968609865470852,90.92308044433594
AS,Alaska Airlines,LAX,Los Angeles,CA,Late morning (09-12),1015,1010,89.0,0.08811881188118811,0.07216067900899455,0.1071983056686908,0.46383808352604416,False,0.005911330049261084,52.70786666870117
AA,American Airlines,SAT,San Antonio,TX,Early morning (05-09),1995,1952,172.0,0.08811475409836066,0.0763350243508387,0.10151250686027778,0.4638167242479301,False,0.022556390977443608,86.8720932006836
NK,Spirit Air Lines,OAK,Oakland,CA,Early morning (05-09),718,705,62.0,0.08794326241134752,0.06920776219777969,0.11114508391057512,0.46291402965018547,False,0.018105849582172703,65.80644989013672
AA,American Airlines,DEN,Denver,CO,Early morning (05-09),1866,1831,161.0,0.08793009284543965,0.07580610380576648,0.10177957988485838,0.46284470794598664,False,0.01929260450160772,85.27950286865234
US,US Airways,EWR,Newark,NJ,Late morning (09-12),299,296,26.0,0.08783783783783784,0.06064665319683446,0.12559034660572796,0.4623590978360887,False,0.010033444816053512,45.53845977783203
AS,Alaska Airlines,BET,Bethel,AK,Early morning (05-09),234,228,20.0,0.08771929824561403,0.057501179013474735,0.13160034547565921,0.46173513144224776,False,0.02564102564102564,55.29999923706055
AA,American Airlines,BWI,Baltimore,MD,Early morning (05-09),1564,1551,136.0,0.08768536428110896,0.07460840349135396,0.10279976464615921,0.46155651050165114,False,0.008312020460358057,80.05146789550781
US,US Airways,PIT,Pittsburgh,PA,Early morning (05-09),1016,1004,88.0,0.08764940239043825,0.07169171966567797,0.10675060698565297,0.4613672150028516,False,0.013779527559055118,61.147727966308594
US,US Airways,LAX,Los Angeles,CA,Overnight (00-05),275,274,24.0,0.08759124087591241,0.05956627414945086,0.1270206156467496,0.46106106555693066,False,0.0036363636363636364,39.08333206176758
MQ,American Eagle Airlines,MOB,Mobile,AL,Early morning (05-09),333,320,28.0,0.0875,0.061230869619419204,0.12355576681024266,0.4605807936136421,False,0.042042042042042045,94.78571319580078
DL,Delta Air Lines,IAH,Houston,TX,Early morning (05-09),973,972,85.0,0.0874485596707819,0.0712740053680937,0.10687130018149552,0.4603100230118705,False,0.0010277492291880781,76.97647094726562
DL,Delta Air Lines,RIC,Richmond,VA,Early morning (05-09),760,755,66.0,0.08741721854304636,0.06930139374826073,0.10971040528858701,0.46014505019489704,False,0.006578947368421052,91.2272720336914
UA,United Air Lines,FLL,Ft. Lauderdale,FL,Early morning (05-09),1496,1476,129.0,0.08739837398373984,0.07404032340803789,0.10289861384038117,0.46004585657111763,False,0.013368983957219251,76.92247772216797
DL,Delta Air Lines,DTW,Detroit,MI,Early morning (05-09),10166,10138,885.0,0.0872953245216019,0.0819558121179007,0.0929474914399068,0.459503426821941,False,0.0027542789691127286,59.3299446105957
HA,Hawaiian Airlines,HNL,Honolulu,HI,Afternoon (12-17),11235,11217,979.0,0.08727823838816083,0.0821952829586304,0.09264379506560622,0.45941348916594016,False,0.001869158878504673,44.68130874633789
B6,JetBlue Airways,EWR,Newark,NJ,Late morning (09-12),1139,1124,98.0,0.08718861209964412,0.07207013140175968,0.10511928952401571,0.45894171605629824,False,0.014047410008779631,60.78571319580078
AS,Alaska Airlines,DCA,Arlington,VA,Late morning (09-12),334,333,29.0,0.08708708708708708,0.061318587352324885,0.12227393803646318,0.45840731067509644,False,0.0029940119760479044,65.4137954711914
DL,Delta Air Lines,JAN,Jackson,MS,Late morning (09-12),379,379,33.0,0.0870712401055409,0.06266996795447369,0.11975952769072268,0.4583238956426745,False,0.0,85.66666412353516
EV,Atlantic Southeast Airlines,LEX,Lexington,KY,Early morning (05-09),626,609,53.0,0.08702791461412152,0.06714977782869297,0.11208348570955248,0.4580958397658557,False,0.027156549520766772,106.2264175415039
F9,Frontier Airlines,IAH,Houston,TX,Early morning (05-09),334,334,29.0,0.08682634730538923,0.06113289902835867,0.12191619853689087,0.4570348336970273,False,0.0,129.3103485107422
HA,Hawaiian Airlines,SAN,San Diego,CA,Late morning (09-12),334,334,29.0,0.08682634730538923,0.06113289902835867,0.12191619853689087,0.4570348336970273,False,0.0,56.44827651977539
MQ,American Eagle Airlines,ELP,El Paso,TX,Early morning (05-09),255,242,21.0,0.08677685950413223,0.0574565336404953,0.12901150106152423,0.45677434077386003,False,0.050980392156862744,211.04762268066406
EV,Atlantic Southeast Airlines,OMA,Omaha,NE,Early morning (05-09),642,623,54.0,0.08667736757624397,0.06703891353948954,0.1113819187728522,0.4562506371040894,False,0.03271028037383177,88.68518829345703
B6,JetBlue Airways,DTW,Detroit,MI,Early morning (05-09),496,485,42.0,0.0865979381443299,0.06470393821559607,0.11498944303509946,0.4558325380093778,False,0.02217741935483871,53.52381134033203
EV,Atlantic Southeast Airlines,MCI,Kansas City,MO,Early morning (05-09),1312,1271,110.0,0.08654602675059009,0.07230714122480002,0.10327671170249698,0.45555928782736327,False,0.03277439024390244,93.79090881347656
DL,Delta Air Lines,GEG,Spokane,WA,Early morning (05-09),650,648,56.0,0.08641975308641975,0.06714916458244498,0.11056517583399976,0.4548946109764367,False,0.003076923076923077,120.05357360839844
WN,Southwest Airlines,HRL,Harlingen,TX,Late morning (09-12),389,382,33.0,0.08638743455497382,0.062172418027359476,0.1188386497268692,0.45472449332087334,False,0.017994858611825194,57.24242401123047
EV,Atlantic Southeast Airlines,IAH,Houston,TX,Early morning (05-09),8053,7970,688.0,0.0863237139272271,0.08035549572412315,0.09269053017134987,0.45438908192319166,False,0.010927604619396498,53.98546600341797
DL,Delta Air Lines,BNA,Nashville,TN,Late morning (09-12),841,835,72.0,0.08622754491017964,0.0690323729116245,0.10721258203576961,0.45388286932670296,False,0.007134363852556481,58.91666793823242
DL,Delta Air Lines,VPS,Valparaiso,FL,Late morning (09-12),418,418,36.0,0.0861244019138756,0.06285700931116733,0.11692990596698447,0.45333994723420695,False,0.0,118.47222137451172
US,US Airways,MCO,Orlando,FL,Late morning (09-12),705,697,60.0,0.08608321377331421,0.06746220633806214,0.10924191624826839,0.45312314190315284,False,0.011347517730496455,53.5
AA,American Airlines,EWR,Newark,NJ,Early morning (05-09),2315,2277,196.0,0.08607817303469477,0.07524333767444352,0.09830733765522426,0.4530966085615101,False,0.016846652267818573,64.32653045654297
AA,American Airlines,SFO,San Francisco,CA,Early morning (05-09),3508,3462,298.0,0.08607741190063548,0.07718700797770493,0.0958854140279632,0.4530926021188921,False,0.013397947548460661,79.65436553955078
AA,American Airlines,DSM,Des Moines,IA,Early morning (05-09),389,384,33.0,0.0859375,0.06184508508413947,0.11823255485959017,0.45235613658482715,False,0.012853470437017995,51.93939208984375
UA,United Air Lines,SAN,San Diego,CA,Early morning (05-09),2609,2584,222.0,0.08591331269349846,0.07571333220144852,0.09734270028523848,0.4522288199125545,False,0.010348792640858567,80.9459457397461
EV,Atlantic Southeast Airlines,CID,Cedar Rapids,IA,Early morning (05-09),590,582,50.0,0.0859106529209622,0.06577154836084959,0.11148045969047352,0.4522148194537478,False,0.015254237288135594,152.72000122070312
AA,American Airlines,PIT,Pittsburgh,PA,Late morning (09-12),376,373,32.0,0.08579088471849866,0.06142374361489345,0.11860308994063759,0.4515843859252869,False,0.010638297872340425,76.84375
AS,Alaska Airlines,PDX,Portland,OR,Night (21-24),1017,1015,87.0,0.08571428571428572,0.07001576394324681,0.10453698301957844,0.4511811855807107,False,0.0019665683382497543,40.87356185913086
AA,American Airlines,SAN,San Diego,CA,Night (21-24),722,713,61.0,0.08555399719495091,0.06717900189077969,0.10837107779209584,0.45033746199851205,False,0.015235457063711912,71.14753723144531
HA,Hawaiian Airlines,KOA,Kailua/Kona,HI,Night (21-24),351,351,30.0,0.08547008547008547,0.060523674299810065,0.11939209656809269,0.4498957690975748,False,0.0,33.766666412353516
OO,Skywest Airlines,BOI,Boise,ID,Early morning (05-09),2198,2167,185.0,0.0853714813105676,0.0743273953510315,0.09788305058846036,0.44937673844563936,False,0.014103730664240218,92.19999694824219
MQ,American Eagle Airlines,BHM,Birmingham,AL,Early morning (05-09),346,340,29.0,0.08529411764705883,0.06004197045336084,0.11981293948191166,0.4489695131023739,False,0.023121387283236993,142.48275756835938
US,US Airways,MEM,Memphis,TN,Early morning (05-09),349,340,29.0,0.08529411764705883,0.06004197045336084,0.11981293948191166,0.4489695131023739,False,0.034383954154727794,48.68965530395508
AS,Alaska Airlines,SJC,San Jose,CA,Afternoon (12-17),893,892,76.0,0.08520179372197309,0.06861206813061277,0.10534904285150729,0.44848354022596804,False,0.0011198208286674132,59.01315689086914
US,US Airways,RDU,Raleigh,NC,Late morning (09-12),226,223,19.0,0.08520179372197309,0.05522222259911572,0.12923071724965982,0.44848354022596804,False,0.01327433628318584,43.842105865478516
WN,Southwest Airlines,SAN,San Diego,CA,Early morning (05-09),6250,6162,525.0,0.08519961051606621,0.07848471828368238,0.09243138179907033,0.4484720483092913,False,0.0144,53.959999084472656
AS,Alaska Airlines,YAK,Yakutat,AK,Evening (17-21),331,329,28.0,0.0851063829787234,0.05953689192011312,0.12025313432660602,0.4479813190163085,False,0.006042296072507553,40.17856979370117
WN,Southwest Airlines,CRP,Corpus Christi,TX,Late morning (09-12),286,282,24.0,0.0851063829787234,0.05785642381647349,0.1235083600358419,0.4479813190163085,False,0.013986013986013986,63.16666793823242
HA,Hawaiian Airlines,LAX,Los Angeles,CA,Early morning (05-09),412,412,35.0,0.08495145631067962,0.06171498542541481,0.11585647447662481,0.44716581904237107,False,0.0024271844660194173,45.0
EV,Atlantic Southeast Airlines,EWR,Newark,NJ,Early morning (05-09),6478,6228,529.0,0.08493898522800257,0.07826820340614668,0.09212149327677288,0.44710017400058116,False,0.03890089533806731,48.64839172363281
DL,Delta Air Lines,IND,Indianapolis,IN,Late morning (09-12),578,577,49.0,0.08492201039861352,0.06483088689169358,0.11050366214887103,0.44701082222467875,False,0.0017301038062283738,72.71428680419922
DL,Delta Air Lines,LEX,Lexington,KY,Afternoon (12-17),227,224,19.0,0.08482142857142858,0.05497259399512664,0.12867077929579127,0.446481381564245,False,0.013215859030837005,50.6315803527832
DL,Delta Air Lines,LAS,Las Vegas,NV,Night (21-24),1206,1203,102.0,0.08478802992518704,0.07033763356722043,0.10188181925906596,0.44630557842148444,False,0.0024875621890547263,42.35293960571289
DL,Delta Air Lines,BHM,Birmingham,AL,Late morning (09-12),711,709,60.0,0.0846262341325811,0.06631046218277642,0.10741901712931759,0.44545392088363533,False,0.0028129395218002813,44.18333435058594
EV,Atlantic Southeast Airlines,LIT,Little Rock,AR,Early morning (05-09),614,591,50.0,0.08460236886632826,0.0647606490300578,0.1098095222558778,0.4453282993605435,False,0.03745928338762215,81.5
DL,Delta Air Lines,RNO,Reno,NV,Evening (17-21),201,201,17.0,0.0845771144278607,0.05347446225470143,0.13126145076296686,0.4451953655398389,False,0.0,68.5882339477539
AS,Alaska Airlines,SLC,Salt Lake City,UT,Late morning (09-12),308,308,26.0,0.08441558441558442,0.058256664985680086,0.12081373485834332,0.444345107011306,False,0.0,61.11538314819336
EV,Atlantic Southeast Airlines,JAN,Jackson,MS,Early morning (05-09),1005,972,82.0,0.08436213991769548,0.06848356971174976,0.10351319697661443,0.4440637869055692,False,0.03283582089552239,103.04878234863281
EV,Atlantic Southeast Airlines,SCE,State College,PA,Early morning (05-09),451,439,37.0,0.08428246013667426,0.0617636067573749,0.11401391730540512,0.4436443700281096,False,0.026607538802660754,126.02702331542969
HA,Hawaiian Airlines,OAK,Oakland,CA,Early morning (05-09),464,463,39.0,0.08423326133909287,0.06222884380204867,0.11308029745699937,0.4433853983568539,False,0.004310344827586207,97.87179565429688
EV,Atlantic Southeast Airlines,PIA,Peoria,IL,Early morning (05-09),1013,998,84.0,0.0841683366733467,0.0684965868009828,0.1030291314363114,0.44304364916743133,False,0.014807502467917079,111.52381134033203
US,US Airways,SLC,Salt Lake City,UT,Late morning (09-12),203,202,17.0,0.08415841584158416,0.05320634173327795,0.13063210491696187,0.4429914280866714,False,0.0049261083743842365,69.35294342041016
OO,Skywest Airlines,ELP,El Paso,TX,Early morning (05-09),312,309,26.0,0.08414239482200647,0.05806597643341675,0.12043202383253256,0.4429070969562532,False,0.009615384615384616,102.80769348144531
EV,Atlantic Southeast Airlines,MLI,Moline,IL,Early morning (05-09),424,416,35.0,0.08413461538461539,0.06111538527960597,0.11476427981313378,0.4428661477054252,False,0.02122641509433962,97.31428527832031
VX,Virgin America,LAX,Los Angeles,CA,Early morning (05-09),2674,2657,223.0,0.08392924350771547,0.07397703139991992,0.09508286303348039,0.441785115224871,False,0.006731488406881077,64.70403289794922
DL,Delta Air Lines,ROA,Roanoke,VA,Early morning (05-09),324,322,27.0,0.08385093167701864,0.05826523786634234,0.11924923542374706,0.4413728989376518,False,0.006172839506172839,113.29629516601562
HA,Hawaiian Airlines,PDX,Portland,OR,Late morning (09-12),334,334,28.0,0.08383233532934131,0.05863569002006787,0.11849347346956753,0.44127501184540563,False,0.0,51.60714340209961
AS,Alaska Airlines,SAN,San Diego,CA,Evening (17-21),1567,1565,131.0,0.08370607028753993,0.07098310877367221,0.09846777779129394,0.44061038038073663,False,0.0019144862795149968,59.02289962768555
EV,Atlantic Southeast Airlines,CHA,Chattanooga,TN,Early morning (05-09),702,693,58.0,0.0836940836940837,0.06529984991432389,0.10667840167111534,0.4405472855838589,False,0.01282051282051282,99.20689392089844
AS,Alaska Airlines,SFO,San Francisco,CA,Late morning (09-12),828,825,69.0,0.08363636363636363,0.06662021370574818,0.10451212328119842,0.4402434598696631,False,0.0036231884057971015,78.10144805908203
EV,Atlantic Southeast Airlines,FAR,Fargo,ND,Early morning (05-09),340,335,28.0,0.08358208955223881,0.058458714467459774,0.11814769985710959,0.4399577730040761,False,0.014705882352941176,134.0
EV,Atlantic Southeast Airlines,MHT,Manchester,NH,Early morning (05-09),543,515,43.0,0.08349514563106795,0.0625768147297003,0.11058123581983158,0.43950011928735894,False,0.05156537753222836,116.6744155883789
HA,Hawaiian Airlines,ITO,Hilo,HI,Evening (17-21),1936,1931,161.0,0.08337648886587261,0.07185764923011084,0.09654972840741771,0.4388755361207155,False,0.0025826446280991736,40.726707458496094
WN,Southwest Airlines,ATL,Atlanta,GA,Early morning (05-09),6933,6814,568.0,0.08335779277957148,0.07702681879866186,0.09015829151542931,0.4387771240262464,False,0.01730852444829078,49.73591613769531
MQ,American Eagle Airlines,RST,Rochester,MN,Early morning (05-09),321,312,26.0,0.08333333333333333,0.05750132978841506,0.11930121933747588,0.43864837487013536,False,0.03115264797507788,115.5
HA,Hawaiian Airlines,KOA,Kailua/Kona,HI,Afternoon (12-17),2830,2822,235.0,0.08327427356484762,0.07363779481944133,0.0940437907301521,0.43833749721253784,False,0.0028268551236749115,42.87659454345703
EV,Atlantic Southeast Airlines,CRP,Corpus Christi,TX,Early morning (05-09),678,661,55.0,0.0832072617246596,0.06448303426974662,0.1067481281605225,0.43798476159499145,False,0.025073746312684365,71.16363525390625
DL,Delta Air Lines,SEA,Seattle,WA,Overnight (00-05),409,409,34.0,0.08312958435207823,0.06009611585062409,0.11392123123842894,0.43757588495602745,False,0.0,59.5
DL,Delta Air Lines,ILM,Wilmington,NC,Early morning (05-09),326,325,27.0,0.08307692307692308,0.05772140442467013,0.11817361615666747,0.4372986875628427,False,0.003067484662576687,111.0740737915039
AA,American Airlines,RIC,Richmond,VA,Early morning (05-09),587,580,48.0,0.08275862068965517,0.06298707646351896,0.10802095037115673,0.4356232136641345,False,0.013628620102214651,159.6041717529297
MQ,American Eagle Airlines,BMI,Bloomington,IL,Early morning (05-09),660,629,52.0,0.08267090620031796,0.06359928032428178,0.10680923896395714,0.4351615038457305,False,0.05,114.90384674072266
UA,United Air Lines,BIL,Billings,MT,Early morning (05-09),340,339,28.0,0.08259587020648967,0.05776137031132196,0.11678454243672264,0.434766530844736,False,0.0058823529411764705,66.67857360839844
DL,Delta Air Lines,GNV,Gainesville,FL,Early morning (05-09),219,218,18.0,0.08256880733944955,0.052864688294181776,0.12673012169637005,0.43462407785297824,False,0.0045662100456621,94.5
AA,American Airlines,SEA,Seattle,WA,Early morning (05-09),2280,2253,186.0,0.08255659121171771,0.07189037257733524,0.09464395575124573,0.4345597748380569,False,0.012280701754385965,73.65591430664062
US,US Airways,CLE,Cleveland,OH,Early morning (05-09),601,594,49.0,0.08249158249158249,0.06295855250860496,0.1073902489130425,0.4342175832047805,False,0.011647254575707155,55.836734771728516
UA,United Air Lines,CLE,Cleveland,OH,Early morning (05-09),2889,2862,236.0,0.08245981830887492,0.07293318675510732,0.09310585741258154,0.4340503835192954,False,0.009691934925579786,67.16949462890625
AS,Alaska Airlines,LAX,Los Angeles,CA,Evening (17-21),2443,2440,201.0,0.08237704918032787,0.07211307184464595,0.09395399240370798,0.4336147049945765,False,0.0012279983626688497,48.85572052001953
B6,JetBlue Airways,BUF,Buffalo,NY,Late morning (09-12),882,875,72.0,0.08228571428571428,0.06585170698214482,0.10237155418346228,0.43313393815748225,False,0.009070294784580499,52.05555725097656
OO,Skywest Airlines,MSP,Minneapolis,MN,Night (21-24),1916,1884,155.0,0.08227176220806794,0.07069742848549439,0.09554618008844525,0.43306049748325465,False,0.019311064718162838,66.43225860595703
US,US Airways,BOS,Boston,MA,Early morning (05-09),2574,2432,200.0,0.08223684210526316,0.07196569247373862,0.09382571202481337,0.43287668572710736,False,0.057498057498057496,48.689998626708984
DL,Delta Air Lines,CAK,Akron,OH,Late morning (09-12),292,292,24.0,0.0821917808219178,0.05585240244549103,0.11938191213366214,0.4326394930225993,False,0.0,60.41666793823242
DL,Delta Air Lines,AVL,Asheville,NC,Early morning (05-09),355,353,29.0,0.0821529745042493,0.057806920045404775,0.11549574421795467,0.4324352250844395,False,0.005633802816901409,124.0
DL,Delta Air Lines,ECP,Panama City,FL,Early morning (05-09),636,633,52.0,0.08214849921011058,0.06319382170479515,0.10614436223293758,0.4324116681184273,False,0.0047169811320754715,90.86538696289062
AS,Alaska Airlines,SMF,Sacramento,CA,Evening (17-21),487,487,40.0,0.08213552361396304,0.0608960820947652,0.10991584582658458,0.4323433674284702,False,0.0,54.599998474121094
DL,Delta Air Lines,BNA,Nashville,TN,Early morning (05-09),1288,1279,105.0,0.08209538702111024,0.06827280841977189,0.09842088158840996,0.4321320972137378,False,0.007763975155279503,97.57142639160156
HA,Hawaiian Airlines,SMF,Sacramento,CA,Early morning (05-09),268,268,22.0,0.08208955223880597,0.0548333542845439,0.12115736972532067,0.43210138420043187,False,0.0,71.04545593261719
OO,Skywest Airlines,DVL,Devils Lake,ND,Early morning (05-09),285,256,21.0,0.08203125,0.054277180955178764,0.12214414649970147,0.4317944940127895,False,0.10175438596491228,134.76190185546875
DL,Delta Air Lines,IND,Indianapolis,IN,Early morning (05-09),1688,1683,138.0,0.08199643493761141,0.06982084883882833,0.09607593720201868,0.4316112351663365,False,0.002962085308056872,91.70289611816406
AA,American Airlines,BNA,Nashville,TN,Early morning (05-09),1302,1271,104.0,0.08182533438237609,0.06798631866310181,0.0981846001396734,0.4307105994004162,False,0.026113671274961597,100.64423370361328
AA,American Airlines,SJU,San Juan,PR,Late morning (09-12),825,819,67.0,0.08180708180708181,0.06493133370065021,0.10258766388041521,0.43061452185053584,False,0.007272727272727273,104.01492309570312
DL,Delta Air Lines,HNL,Honolulu,HI,Evening (17-21),306,306,25.0,0.08169934640522876,0.05594869902565994,0.11782267318517295,0.43004742634327,False,0.0,43.279998779296875
AS,Alaska Airlines,ANC,Anchorage,AK,Late morning (09-12),2090,2072,169.0,0.08156370656370657,0.07053842249383568,0.09413772620652758,0.42933344799065376,False,0.010047846889952153,65.0473403930664
WN,Southwest Airlines,DSM,Des Moines,IA,Early morning (05-09),326,319,26.0,0.08150470219435736,0.05622558894998009,0.11674344601949099,0.4290228619419506,False,0.02147239263803681,79.30769348144531
UA,United Air Lines,JFK,New York,NY,Early morning (05-09),908,896,73.0,0.08147321428571429,0.06529671250757746,0.10122326167454526,0.42885711650249847,False,0.013215859030837005,60.83561706542969
HA,Hawaiian Airlines,ITO,Hilo,HI,Afternoon (12-17),1209,1206,98.0,0.0812603648424544,0.06713598849832685,0.09804398216890763,0.4277367237539629,False,0.0024813895781637717,36.8775520324707
DL,Delta Air Lines,SJC,San Jose,CA,Early morning (05-09),603,603,49.0,0.0812603648424544,0.062010448291012855,0.10581192908061099,0.4277367237539629,False,0.001658374792703151,77.12245178222656
US,US Airways,IND,Indianapolis,IN,Early morning (05-09),362,357,29.0,0.08123249299719888,0.05715231716334834,0.11422925303254927,0.42759001247845135,False,0.013812154696132596,60.655174255371094
AA,American Airlines,PHL,Philadelphia,PA,Early morning (05-09),4073,4044,328.0,0.08110781404549951,0.07308574109580526,0.08992498541088415,0.42693372984393,False,0.007856616744414437,51.219512939453125
AA,American Airlines,DAY,Dayton,OH,Early morning (05-09),318,309,25.0,0.08090614886731391,0.05539947894540359,0.1167055096494636,0.42587220861178193,False,0.02830188679245283,62.79999923706055
MQ,American Eagle Airlines,BUF,Buffalo,NY,Early morning (05-09),282,272,22.0,0.08088235294117647,0.054017703281805295,0.11942096586744558,0.4257469520798373,False,0.03546099290780142,94.2727279663086
DL,Delta Air Lines,RDU,Raleigh,NC,Early morning (05-09),1802,1793,145.0,0.08087005019520357,0.06912815105687377,0.09440412691353832,0.42568219312550787,False,0.004994450610432853,90.80000305175781
DL,Delta Air Lines,CHS,Charleston,SC,Late morning (09-12),880,878,71.0,0.08086560364464693,0.0646049082710726,0.10077808114562084,0.4256587874594025,False,0.0022727272727272726,63.408451080322266
WN,Southwest Airlines,HOU,Houston,TX,Early morning (05-09),9879,9685,783.0,0.08084667010841508,0.07558225275360839,0.08644347383067186,0.42555912548061875,False,0.01984006478388501,47.839080810546875
US,US Airways,EWR,Newark,NJ,Early morning (05-09),723,693,56.0,0.08080808080808081,0.06275174299019991,0.10348632316428917,0.42535599987407074,False,0.04149377593360996,70.67857360839844
DL,Delta Air Lines,MDT,Harrisburg,PA,Afternoon (12-17),297,297,24.0,0.08080808080808081,0.0549015785345305,0.11742033439240515,0.42535599987407074,False,0.0,34.125
EV,Atlantic Southeast Airlines,GRK,Killeen,TX,Early morning (05-09),945,919,74.0,0.08052230685527748,0.06462605375797469,0.09991095887777994,0.42385174851434193,False,0.027513227513227514,122.40540313720703
US,US Airways,CLT,Charlotte,NC,Early morning (05-09),5032,4950,398.0,0.08040404040404041,0.07315023330518852,0.08830862319115163,0.42322921987470036,False,0.016693163751987282,46.947235107421875
DL,Delta Air Lines,HSV,Huntsville,AL,Early morning (05-09),839,834,67.0,0.0803357314148681,0.06375427663837298,0.10076560396913085,0.4228696563496269,False,0.0059594755661501785,88.29850769042969
AA,American Airlines,IAH,Houston,TX,Early morning (05-09),2298,2273,182.0,0.08007039155301364,0.06960827151398447,0.09194956369071314,0.4214729655593382,False,0.010879025239338555,73.14835357666016
US,US Airways,DFW,Dallas-Fort Worth,TX,Early morning (05-09),1264,1237,99.0,0.08003233629749394,0.06617874525171978,0.09648633625425167,0.4212726510474704,False,0.021360759493670885,63.30303192138672
OO,Skywest Airlines,SMX,Santa Maria,CA,Early morning (05-09),331,326,26.0,0.07975460122699386,0.05500523957417443,0.11429299327456267,0.41981071459963876,False,0.015105740181268883,134.07691955566406
VX,Virgin America,DCA,Arlington,VA,Late morning (09-12),334,326,26.0,0.07975460122699386,0.05500523957417443,0.11429299327456267,0.41981071459963876,False,0.023952095808383235,58.03845977783203
MQ,American Eagle Airlines,EVV,Evansville,IN,Early morning (05-09),331,314,25.0,0.07961783439490445,0.05450769350000749,0.11488989322243538,0.4190908040160529,False,0.054380664652567974,108.36000061035156
OO,Skywest Airlines,ACV,Arcata/Eureka,CA,Early morning (05-09),440,415,33.0,0.07951807228915662,0.05717900908394652,0.10957042554718852,0.418565678189334,False,0.05909090909090909,104.63636016845703
DL,Delta Air Lines,MEM,Memphis,TN,Early morning (05-09),1642,1636,130.0,0.07946210268948656,0.06731977023163992,0.09357479421897531,0.4182710665020851,False,0.0036540803897685747,90.9000015258789
EV,Atlantic Southeast Airlines,TYR,Tyler,TX,Early morning (05-09),382,366,29.0,0.07923497267759563,0.05573233040393108,0.11147871345917137,0.41707550397488286,False,0.041884816753926704,75.31034851074219
OO,Skywest Airlines,IDA,Idaho Falls,ID,Evening (17-21),473,468,37.0,0.07905982905982906,0.05789963510290312,0.10707437312358643,0.4161535864152566,False,0.012684989429175475,65.62162017822266
UA,United Air Lines,LAS,Las Vegas,NV,Early morning (05-09),2839,2824,223.0,0.07896600566572239,0.06958153282247034,0.08949442107820077,0.41565972066306034,False,0.005988023952095809,74.98206329345703
HA,Hawaiian Airlines,SJC,San Jose,CA,Late morning (09-12),333,330,26.0,0.07878787878787878,0.05433139508280771,0.11293835200682997,0.41472209987721886,False,0.009009009009009009,115.26923370361328
WN,Southwest Airlines,PHX,Phoenix,AZ,Early morning (05-09),10252,10173,800.0,0.07863953602673744,0.07356637800383592,0.084030808140832,0.4139412561440381,False,0.007900897385875927,43.587501525878906
MQ,American Eagle Airlines,GCK,Garden City,KS,Early morning (05-09),331,318,25.0,0.07861635220125786,0.05381467849481851,0.1134775547031273,0.4138192215755994,False,0.03927492447129909,176.36000061035156
US,US Airways,DEN,Denver,CO,Overnight (00-05),244,242,19.0,0.07851239669421488,0.05083624545763631,0.11936114993842359,0.41327202260492096,False,0.00819672131147541,41.73684310913086
UA,United Air Lines,MSY,New Orleans,LA,Early morning (05-09),1620,1605,126.0,0.07850467289719626,0.0663296654248408,0.09269257765987308,0.41323136623280043,False,0.009259259259259259,84.38888549804688
EV,Atlantic Southeast Airlines,JAX,Jacksonville,FL,Early morning (05-09),457,446,35.0,0.07847533632286996,0.05696460466117645,0.10718562066258194,0.4130769449449706,False,0.024070021881838075,90.65714263916016
WN,Southwest Airlines,DTW,Detroit,MI,Early morning (05-09),2292,2256,177.0,0.07845744680851063,0.06806447594837557,0.09028361358143923,0.41298277846815934,False,0.015706806282722512,57.045196533203125
WN,Southwest Airlines,BOI,Boise,ID,Late morning (09-12),552,549,43.0,0.07832422586520947,0.05866636419303353,0.10384239057505915,0.4122815326648267,False,0.005434782608695652,63.906978607177734
WN,Southwest Airlines,ALB,Albany,NY,Late morning (09-12),335,332,26.0,0.0783132530120482,0.05400062767509836,0.11227299655727788,0.4122237739743441,False,0.008955223880597015,51.653846740722656
DL,Delta Air Lines,ELP,El Paso,TX,Early morning (05-09),333,332,26.0,0.0783132530120482,0.05400062767509836,0.11227299655727788,0.4122237739743441,False,0.003003003003003003,64.73076629638672
AS,Alaska Airlines,SNA,Santa Ana,CA,Afternoon (12-17),911,908,71.0,0.07819383259911894,0.06245434178750566,0.09748747266798749,0.41159517113365124,False,0.003293084522502744,57.36619567871094
EV,Atlantic Southeast Airlines,MKE,Milwaukee,WI,Early morning (05-09),641,627,49.0,0.07814992025518341,0.059616408166067406,0.10182126493602349,0.4113640261940026,False,0.0249609984399376,89.7959213256836
DL,Delta Air Lines,HSV,Huntsville,AL,Late morning (09-12),333,333,26.0,0.07807807807807808,0.053836749979488945,0.11194324869050906,0.41098586474318993,False,0.0,59.88461685180664
AA,American Airlines,PSP,Palm Springs,CA,Early morning (05-09),338,333,26.0,0.07807807807807808,0.053836749979488945,0.11194324869050906,0.41098586474318993,False,0.014792899408284023,89.53845977783203
AS,Alaska Airlines,FAI,Fairbanks,AK,Overnight (00-05),334,333,26.0,0.07807807807807808,0.053836749979488945,0.11194324869050906,0.41098586474318993,False,0.0029940119760479044,42.38461685180664
EV,Atlantic Southeast Airlines,MEM,Memphis,TN,Early morning (05-09),765,731,57.0,0.07797537619699042,0.06066956292259107,0.09969370448088744,0.4104452645843675,False,0.0457516339869281,100.24561309814453
DL,Delta Air Lines,BOI,Boise,ID,Afternoon (12-17),372,372,29.0,0.07795698924731183,0.05482424227666707,0.10971741569839477,0.41034847971722344,False,0.0,48.068965911865234
DL,Delta Air Lines,AGS,Augusta,GA,Early morning (05-09),539,539,42.0,0.07792207792207792,0.0581627532331882,0.10365535355892208,0.41016471416428246,False,0.0,68.5952377319336
WN,Southwest Airlines,EWR,Newark,NJ,Late morning (09-12),333,321,25.0,0.0778816199376947,0.05330637493224406,0.11244086926308065,0.4099517522150798,False,0.036036036036036036,64.63999938964844
HA,Hawaiian Airlines,SEA,Seattle,WA,Late morning (09-12),334,334,26.0,0.07784431137724551,0.053673864133485245,0.1116154312049219,0.4097553681421624,False,0.0,182.11538696289062
AA,American Airlines,ABQ,Albuquerque,NM,Early morning (05-09),527,514,40.0,0.07782101167315175,0.05766784173926294,0.10423803835997976,0.4096327236141342,False,0.024667931688804556,104.875
US,US Airways,LAS,Las Vegas,NV,Late morning (09-12),860,851,66.0,0.07755581668625147,0.06142361016409024,0.09748489405470306,0.40823679541380403,False,0.010465116279069767,53.56060791015625
EV,Atlantic Southeast Airlines,LBB,Lubbock,TX,Early morning (05-09),430,413,32.0,0.0774818401937046,0.05541606603559325,0.10733544437027796,0.40784739939499276,False,0.03953488372093023,72.34375
VX,Virgin America,JFK,New York,NY,Early morning (05-09),819,802,62.0,0.0773067331670823,0.06077169681145044,0.09787188773419725,0.4069256744431181,False,0.020757020757020756,54.98387145996094
MQ,American Eagle Airlines,ATL,Atlanta,GA,Early morning (05-09),222,207,16.0,0.07729468599033816,0.04813467549874949,0.12185834295681143,0.4068622607491111,False,0.06756756756756757,86.125
US,US Airways,PIT,Pittsburgh,PA,Late morning (09-12),222,220,17.0,0.07727272727272727,0.04880197718586927,0.120253283319774,0.4067466748795801,False,0.009009009009009009,38.17647171020508
NK,Spirit Air Lines,TPA,Tampa,FL,Early morning (05-09),536,531,41.0,0.07721280602636535,0.057424230272962326,0.10307487824813998,0.4064312625915379,False,0.013059701492537313,81.36585235595703
DL,Delta Air Lines,HNL,Honolulu,HI,Night (21-24),1052,1051,81.0,0.07706945765937202,0.06244129140276794,0.09477814324979031,0.40567670825287494,False,0.0019011406844106464,64.95061492919922
AS,Alaska Airlines,PSP,Palm Springs,CA,Late morning (09-12),287,286,22.0,0.07692307692307693,0.05134459985401843,0.11371659219018779,0.4049061921878173,False,0.003484320557491289,58.95454406738281
UA,United Air Lines,SNA,Santa Ana,CA,Night (21-24),255,247,19.0,0.07692307692307693,0.04979549100102089,0.11700937709103403,0.4049061921878173,False,0.03137254901960784,26.052631378173828
DL,Delta Air Lines,EVV,Evansville,IN,Early morning (05-09),351,351,27.0,0.07692307692307693,0.05340169223626828,0.10960512545365309,0.4049061921878173,False,0.0,109.40740966796875
AS,Alaska Airlines,ONT,Ontario,CA,Late morning (09-12),273,273,21.0,0.07692307692307693,0.05085988513471654,0.11472794559592514,0.4049061921878173,False,0.0,60.619049072265625
DL,Delta Air Lines,PDX,Portland,OR,Late morning (09-12),665,665,51.0,0.07669172932330827,0.05881000094207484,0.09943613685796632,0.4036884292037938,False,0.0,51.7843132019043
EV,Atlantic Southeast Airlines,BQK,Brunswick,GA,Early morning (05-09),332,326,25.0,0.07668711656441718,0.05248021438067608,0.1107545019195117,0.40366414865349887,False,0.018072289156626505,95.5999984741211
UA,United Air Lines,SAT,San Antonio,TX,Early morning (05-09),1109,1096,84.0,0.07664233576642336,0.06232958768192036,0.0939125475491893,0.40342843236231435,False,0.012623985572587917,79.20237731933594
UA,United Air Lines,SMF,Sacramento,CA,Early morning (05-09),1150,1136,87.0,0.07658450704225352,0.06250730806904059,0.09351577443645842,0.4031240346517793,False,0.013043478260869565,68.9885025024414
WN,Southwest Airlines,DCA,Arlington,VA,Late morning (09-12),2270,2221,170.0,0.07654209815398469,0.06620157477467513,0.08834497811250568,0.40290080357274927,False,0.02158590308370044,66.5
MQ,American Eagle Airlines,SYR,Syracuse,NY,Early morning (05-09),315,301,23.0,0.07641196013289037,0.05145388283255242,0.11204611191882011,0.4022157855952072,False,0.044444444444444446,92.78260803222656
AS,Alaska Airlines,SMF,Sacramento,CA,Late morning (09-12),669,668,51.0,0.07634730538922156,0.05854369832420135,0.09899581694249247,0.4018754572163516,False,0.0014947683109118087,48.94117736816406
B6,JetBlue Airways,CLE,Cleveland,OH,Late morning (09-12),249,249,19.0,0.07630522088353414,0.04939102679407255,0.11609439965473968,0.40165393361602764,False,0.0,45.157894134521484
EV,Atlantic Southeast Airlines,PIB,Hattiesburg-Laurel,MS,Early morning (05-09),333,328,25.0,0.07621951219512195,0.05215687773203817,0.11009402751914191,0.4012027818934165,False,0.015015015015015015,128.36000061035156
MQ,American Eagle Airlines,ALO,Waterloo,IA,Early morning (05-09),330,315,24.0,0.0761904761904762,0.051731236797336655,0.11086235199408831,0.40104994273840955,False,0.045454545454545456,92.25
MQ,American Eagle Airlines,LSE,La Crosse,WI,Early morning (05-09),324,315,24.0,0.0761904761904762,0.051731236797336655,0.11086235199408831,0.40104994273840955,False,0.027777777777777776,111.45833587646484
UA,United Air Lines,GEG,Spokane,WA,Early morning (05-09),333,329,25.0,0.07598784194528875,0.05199669920428329,0.10976673421269342,0.3999833205502754,False,0.012012012012012012,138.1199951171875
EV,Atlantic Southeast Airlines,PHF,Newport News,VA,Early morning (05-09),243,237,18.0,0.0759493670886076,0.048578406830105905,0.11684816399486787,0.39978079734999683,False,0.024691358024691357,144.61111450195312
AA,American Airlines,MFE,McAllen,TX,Early morning (05-09),343,330,25.0,0.07575757575757576,0.05183750170583301,0.10944138025495317,0.3987712498819413,False,0.037900874635568516,99.31999969482422
AA,American Airlines,MSP,Minneapolis,MN,Early morning (05-09),2008,1981,150.0,0.0757193336698637,0.06487304258491165,0.08820798917097257,0.39856995192642286,False,0.01444223107569721,100.27333068847656
B6,JetBlue Airways,LAX,Los Angeles,CA,Early morning (05-09),988,978,74.0,0.07566462167689161,0.060699462144643196,0.09395033065289157,0.3982819600047855,False,0.010121457489878543,67.8648681640625
WN,Southwest Airlines,SNA,Santa Ana,CA,Early morning (05-09),3119,3082,233.0,0.07560025957170668,0.06678624368326429,0.08547095577895049,0.3979431720106744,False,0.011862776530939404,50.01716613769531
DL,Delta Air Lines,OKC,Oklahoma City,OK,Early morning (05-09),399,398,30.0,0.07537688442211055,0.053306524681356715,0.10556602609486954,0.3967673742543938,False,0.002506265664160401,133.13333129882812
DL,Delta Air Lines,AUS,Austin,TX,Early morning (05-09),1437,1434,108.0,0.07531380753138076,0.0627607163504218,0.0901362369718357,0.396435351347068,False,0.0020876826722338203,78.79629516601562
MQ,American Eagle Airlines,ROC,Rochester,NY,Early morning (05-09),248,239,18.0,0.07531380753138076,0.04816731882457605,0.11589682833966598,0.396435351347068,False,0.036290322580645164,87.11111450195312
OO,Skywest Airlines,DIK,Dickinson,ND,Late morning (09-12),268,266,20.0,0.07518796992481203,0.04919664831840295,0.11327496465750589,0.39577296980764093,False,0.007462686567164179,72.05000305175781
AA,American Airlines,MCO,Orlando,FL,Early morning (05-09),3263,3236,243.0,0.07509270704573548,0.06650765349639125,0.08468541717718737,0.3952715269225324,False,0.008581060373889058,60.84773635864258
EV,Atlantic Southeast Airlines,VPS,Valparaiso,FL,Early morning (05-09),643,626,47.0,0.07507987220447285,0.05692862275084562,0.0984145619482914,0.3952039671353936,False,0.026438569206842923,144.8297882080078
HA,Hawaiian Airlines,SJC,San Jose,CA,Early morning (05-09),334,333,25.0,0.07507507507507508,0.051365706062589264,0.10847678370114537,0.39517871609922106,False,0.0029940119760479044,83.76000213623047
DL,Delta Air Lines,BOS,Boston,MA,Early morning (05-09),4566,4445,333.0,0.0749156355455568,0.06753811866903962,0.08302727795016117,0.3943394614130621,False,0.027376259307928166,94.06306457519531
AA,American Airlines,LIH,Lihue,HI,Afternoon (12-17),334,334,25.0,0.0748502994011976,0.051210343898308544,0.10815901736448442,0.39399554629054073,False,0.0,108.87999725341797
HA,Hawaiian Airlines,LAS,Las Vegas,NV,Overnight (00-05),334,334,25.0,0.0748502994011976,0.051210343898308544,0.10815901736448442,0.39399554629054073,False,0.0,86.31999969482422
OO,Skywest Airlines,LGB,Long Beach,CA,Late morning (09-12),294,294,22.0,0.07482993197278912,0.04993265127097582,0.11069501121807879,0.39388833661808076,False,0.0,46.5
B6,JetBlue Airways,FLL,Ft. Lauderdale,FL,Early morning (05-09),3230,3171,237.0,0.07473982970671712,0.06609242578935945,0.08441637439771127,0.3934140580670656,False,0.01826625386996904,46.83122253417969
OO,Skywest Airlines,YUM,Yuma,AZ,Late morning (09-12),652,644,48.0,0.07453416149068323,0.056675769719204766,0.0974384458544787,0.3923314657223571,False,0.012269938650306749,91.25
DL,Delta Air Lines,SDF,Louisville,KY,Early morning (05-09),905,900,67.0,0.07444444444444444,0.059044818194392765,0.09346155017811848,0.39185921488398756,False,0.0055248618784530384,106.14925384521484
OO,Skywest Airlines,DRO,Durango,CO,Early morning (05-09),447,430,32.0,0.07441860465116279,0.05320452416229472,0.1031695994809889,0.3917231998840279,False,0.03803131991051454,110.40625
US,US Airways,PDX,Portland,OR,Evening (17-21),217,215,16.0,0.07441860465116279,0.04632312794748628,0.11745560516358583,0.3917231998840279,False,0.009216589861751152,35.5625
AA,American Airlines,LAS,Las Vegas,NV,Early morning (05-09),2865,2836,211.0,0.07440056417489421,0.06530733068074507,0.08464525822421354,0.39162823877686276,False,0.011169284467713788,113.51184844970703
AA,American Airlines,CLT,Charlotte,NC,Early morning (05-09),4689,4665,347.0,0.07438370846730975,0.06719904723043725,0.08226877793630218,0.3915395140319922,False,0.005544892301130305,47.20172882080078
DL,Delta Air Lines,PHX,Phoenix,AZ,Overnight (00-05),230,229,17.0,0.07423580786026202,0.046862423370411334,0.11565836329314022,0.39076099770090666,False,0.004347826086956522,39.882354736328125
EV,Atlantic Southeast Airlines,AGS,Augusta,GA,Early morning (05-09),244,243,18.0,0.07407407407407407,0.04736567228184332,0.11403986065911959,0.38990966655123144,False,0.004098360655737705,86.22222137451172
EV,Atlantic Southeast Airlines,SYR,Syracuse,NY,Early morning (05-09),309,297,22.0,0.07407407407407407,0.04942299068760461,0.10960288871205287,0.38990966655123144,False,0.038834951456310676,113.59091186523438
OO,Skywest Airlines,BIL,Billings,MT,Afternoon (12-17),311,311,23.0,0.07395498392282958,0.04978229817742434,0.10852460916900002,0.3892828021355542,False,0.0,43.0
DL,Delta Air Lines,OAK,Oakland,CA,Late morning (09-12),298,298,22.0,0.0738255033557047,0.04925540847378104,0.10924361883060643,0.38860124485139513,False,0.0,29.31818199157715
EV,Atlantic Southeast Airlines,ATW,Appleton,WI,Early morning (05-09),377,366,27.0,0.07377049180327869,0.05119153468069972,0.10520406819361183,0.3883116761145461,False,0.029177718832891247,86.11111450195312
EV,Atlantic Southeast Airlines,TYR,Tyler,TX,Late morning (09-12),247,244,18.0,0.07377049180327869,0.04716941351552604,0.11358487470727435,0.3883116761145461,False,0.012145748987854251,84.77777862548828
MQ,American Eagle Airlines,LCH,Lake Charles,LA,Early morning (05-09),326,312,23.0,0.07371794871794872,0.049621095047488406,0.10818458982746157,0.38803510084665827,False,0.04294478527607362,127.26087188720703
EV,Atlantic Southeast Airlines,DCA,Arlington,VA,Early morning (05-09),729,692,51.0,0.07369942196531792,0.056497077477248824,0.09560880409120012,0.3879375800874608,False,0.05075445816186557,82.94117736816406
EV,Atlantic Southeast Airlines,GNV,Gainesville,FL,Early morning (05-09),355,353,26.0,0.07365439093484419,0.05075615738158484,0.1057323237820463,0.3877005466274284,False,0.005633802816901409,102.46154022216797
OO,Skywest Airlines,FCA,Kalispell,MT,Evening (17-21),260,258,19.0,0.07364341085271318,0.047649396647945395,0.11214797703140886,0.38764274988523595,False,0.007692307692307693,57.894737243652344
OO,Skywest Airlines,DAY,Dayton,OH,Early morning (05-09),405,394,29.0,0.07360406091370558,0.05173353468002922,0.10370923450247957,0.38743562044367286,False,0.027160493827160494,89.75862121582031
DL,Delta Air Lines,MSN,Madison,WI,Late morning (09-12),408,408,30.0,0.07352941176470588,0.05198757276815934,0.10302736501374517,0.387042683708943,False,0.0,76.5999984741211
B6,JetBlue Airways,MSY,New Orleans,LA,Early morning (05-09),205,204,15.0,0.07352941176470588,0.04506271425466509,0.11776128248131074,0.387042683708943,False,0.004878048780487805,68.13333129882812
EV,Atlantic Southeast Airlines,GTR,Columbus-Starkville-West Point,MS,Early morning (05-09),332,327,24.0,0.07339449541284404,0.049813587913763974,0.10688254703419905,0.38633251364709176,False,0.015060240963855422,146.7083282470703
AS,Alaska Airlines,LAS,Las Vegas,NV,Late morning (09-12),1174,1172,86.0,0.07337883959044368,0.05980309935840784,0.08974221354768427,0.38625010483445366,False,0.0034071550255536627,72.22093200683594
AS,Alaska Airlines,FAI,Fairbanks,AK,Night (21-24),234,232,17.0,0.07327586206896551,0.04624972405839941,0.11420373283809382,0.385708053765119,False,0.008547008547008548,43.117645263671875
OO,Skywest Airlines,ATL,Atlanta,GA,Early morning (05-09),371,355,26.0,0.07323943661971831,0.05046738156064838,0.1051489126482728,0.3855163181957246,False,0.04582210242587601,160.6923065185547
OO,Skywest Airlines,OMA,Omaha,NE,Early morning (05-09),440,437,32.0,0.07322654462242563,0.052344374375408086,0.1015467284606219,0.38544845755178947,False,0.006818181818181818,80.5625
DL,Delta Air Lines,CMH,Columbus,OH,Early morning (05-09),1221,1217,89.0,0.07313064913722268,0.05980777478310169,0.08913996749566731,0.3849436847668896,False,0.003276003276003276,92.2022476196289
WN,Southwest Airlines,CLE,Cleveland,OH,Late morning (09-12),514,506,37.0,0.07312252964426877,0.05351297643282326,0.09916503179561473,0.3849009455382215,False,0.01556420233463035,62.783782958984375
DL,Delta Air Lines,DSM,Des Moines,IA,Early morning (05-09),316,315,23.0,0.07301587301587302,0.04914369058239549,0.10717719100896525,0.38433952845764247,False,0.0031645569620253164,146.2608642578125
AS,Alaska Airlines,ORD,Chicago,IL,Early morning (05-09),453,452,33.0,0.07300884955752213,0.052455517230850957,0.1007591082004392,0.3843025585145434,False,0.004415011037527594,90.66666412353516
DL,Delta Air Lines,ROC,Rochester,NY,Early morning (05-09),565,562,41.0,0.07295373665480427,0.05422970490334488,0.09747635559132359,0.38401245629200464,False,0.005309734513274336,160.1707305908203
DL,Delta Air Lines,ATL,Atlanta,GA,Early morning (05-09),23775,23667,1723.0,0.07280179152406305,0.06956055998374414,0.07618168519270116,0.38321265047597586,False,0.004668769716088328,43.442832946777344
EV,Atlantic Southeast Airlines,AEX,Alexandria,LA,Early morning (05-09),618,605,44.0,0.07272727272727272,0.054619841537253314,0.09622661836299003,0.3828203998866636,False,0.022653721682847898,155.06817626953125
MQ,American Eagle Airlines,CWA,Mosinee,WI,Early morning (05-09),300,289,21.0,0.0726643598615917,0.04801477072838761,0.10852583006057134,0.38248924037119075,False,0.03666666666666667,116.57142639160156
AA,American Airlines,PIT,Pittsburgh,PA,Early morning (05-09),1255,1239,90.0,0.07263922518159806,0.059470123904876895,0.08845025468560476,0.38235693693280565,False,0.012749003984063745,84.23332977294922
OO,Skywest Airlines,SAN,San Diego,CA,Early morning (05-09),1294,1267,92.0,0.07261247040252565,0.059578579201805065,0.08823024292047987,0.3822161056484842,False,0.021638330757341576,100.71739196777344
DL,Delta Air Lines,RSW,Ft. Myers,FL,Late morning (09-12),730,730,53.0,0.07260273972602739,0.05593295665280397,0.0937473013211239,0.382164885503296,False,0.0,53.660377502441406
EV,Atlantic Southeast Airlines,LCH,Lake Charles,LA,Late morning (09-12),222,221,16.0,0.07239819004524888,0.04505151126096084,0.11435671212830524,0.3810881808826516,False,0.0045045045045045045,62.75
OO,Skywest Airlines,FLG,Flagstaff,AZ,Early morning (05-09),332,318,23.0,0.07232704402515723,0.04867538647552257,0.10618837259104931,0.38071368384955145,False,0.045180722891566265,102.52173614501953
VX,Virgin America,BOS,Boston,MA,Early morning (05-09),266,263,19.0,0.07224334600760456,0.04673388801633136,0.11006924912570343,0.38027311585699947,False,0.011278195488721804,68.0526351928711
EV,Atlantic Southeast Airlines,CLL,College Station,TX,Afternoon (12-17),287,277,20.0,0.07220216606498195,0.047222509538211666,0.1088854174925416,0.38005635367809565,False,0.03484320557491289,82.0999984741211
OO,Skywest Airlines,FSD,Sioux Falls,SD,Early morning (05-09),497,485,35.0,0.07216494845360824,0.05234324188693777,0.09871100554208627,0.3798604483411481,False,0.02414486921529175,110.65714263916016
DL,Delta Air Lines,CMH,Columbus,OH,Late morning (09-12),319,319,23.0,0.07210031347962383,0.04852126256803651,0.10586280689513056,0.3795202240255717,False,0.0,53.21739196777344
HA,Hawaiian Airlines,LAX,Los Angeles,CA,Evening (17-21),334,333,24.0,0.07207207207207207,0.04890711745322935,0.10499786340424194,0.37937156745525225,False,0.0029940119760479044,78.5
EV,Atlantic Southeast Airlines,BNA,Nashville,TN,Early morning (05-09),892,861,62.0,0.07200929152148665,0.05657708615853439,0.09124374022169525,0.37904110441739924,False,0.03699551569506727,88.2741928100586
OO,Skywest Airlines,IMT,Iron Mountain/Kingsford,MI,Early morning (05-09),286,278,20.0,0.07194244604316546,0.04705087155514958,0.1085031701477076,0.3786892444922032,False,0.027972027972027972,154.4499969482422
DL,Delta Air Lines,CVG,Covington,KY,Late morning (09-12),2132,2129,153.0,0.07186472522310944,0.06164802368610404,0.08362371144884455,0.3782801391552694,False,0.0014071294559099437,68.32025909423828
DL,Delta Air Lines,MDT,Harrisburg,PA,Early morning (05-09),363,362,26.0,0.0718232044198895,0.04948204241699407,0.10315669522246519,0.37806158276100066,False,0.0027548209366391185,118.57691955566406
DL,Delta Air Lines,VPS,Valparaiso,FL,Early morning (05-09),633,627,45.0,0.07177033492822966,0.054068287468078374,0.0946879137716623,0.3777832893618391,False,0.009478672985781991,106.71111297607422
DL,Delta Air Lines,BWI,Baltimore,MD,Early morning (05-09),1924,1915,137.0,0.07154046997389034,0.060834689095622126,0.0839618381424782,0.3765733306979126,False,0.005197505197505198,112.71533203125
WN,Southwest Airlines,STL,St Louis,MO,Early morning (05-09),6501,6416,459.0,0.07153990024937656,0.06548659110166201,0.07810598601114403,0.3765703317931275,False,0.013074911552068913,52.411766052246094
WN,Southwest Airlines,DEN,Denver,CO,Early morning (05-09),9246,9151,654.0,0.07146759916948968,0.0663673992810969,0.07692744483723278,0.3761897547788026,False,0.01027471338957387,42.36544418334961
OO,Skywest Airlines,GTF,Great Falls,MT,Evening (17-21),368,365,26.0,0.07123287671232877,0.04907143689276014,0.10232580246418874,0.3749542272862527,False,0.008152173913043478,97.0
DL,Delta Air Lines,BUF,Buffalo,NY,Late morning (09-12),338,337,24.0,0.0712166172106825,0.04832091541966709,0.10377788942105656,0.3748686408385727,False,0.0029585798816568047,62.04166793823242
OO,Skywest Airlines,FLG,Flagstaff,AZ,Late morning (09-12),331,323,23.0,0.07120743034055728,0.04791440683269624,0.10458025724923212,0.3748202831707659,False,0.02416918429003021,78.47826385498047
AA,American Airlines,STL,St Louis,MO,Early morning (05-09),2577,2545,181.0,0.07111984282907662,0.06176695679716958,0.08176554047531685,0.37435924173592694,False,0.013193636010865347,84.3370132446289
EV,Atlantic Southeast Airlines,FSM,Fort Smith,AR,Early morning (05-09),560,549,39.0,0.07103825136612021,0.05239842352551286,0.09563964018025745,0.3739297621843777,False,0.019642857142857142,135.64102172851562
US,US Airways,LAS,Las Vegas,NV,Overnight (00-05),283,282,20.0,0.07092198581560284,0.04637662000431808,0.10700063509081154,0.3733177658469238,False,0.0035335689045936395,30.850000381469727
F9,Frontier Airlines,IND,Indianapolis,IN,Early morning (05-09),215,212,15.0,0.07075471698113207,0.043343508450144584,0.11344554426258549,0.3724372994180395,False,0.013953488372093023,159.86666870117188
WN,Southwest Airlines,ORF,Norfolk,VA,Early morning (05-09),706,694,49.0,0.07060518731988473,0.053816331316861636,0.09212165804920652,0.37165020810322713,False,0.0169971671388102,60.51020431518555
DL,Delta Air Lines,CHA,Chattanooga,TN,Early morning (05-09),430,425,30.0,0.07058823529411765,0.04988912437524054,0.09898076138211134,0.37156097636058527,False,0.011627906976744186,81.5999984741211
DL,Delta Air Lines,FAR,Fargo,ND,Early morning (05-09),596,595,42.0,0.07058823529411765,0.0526438690857141,0.09404199909712423,0.37156097636058527,False,0.0016778523489932886,85.92857360839844
VX,Virgin America,IAD,Chantilly,VA,Late morning (09-12),627,624,44.0,0.07051282051282051,0.0529433922870778,0.09333809017601481,0.37116400950549916,False,0.006379585326953748,69.70454406738281
B6,JetBlue Airways,ORD,Chicago,IL,Early morning (05-09),463,454,32.0,0.07048458149779736,0.050366870804017555,0.09781014063399943,0.3710153655289251,False,0.019438444924406047,57.5625
AS,Alaska Airlines,SEA,Seattle,WA,Early morning (05-09),12687,12666,892.0,0.07042475919785252,0.0660978219376976,0.07501219793816254,0.3707004740731035,False,0.0018128793252936077,49.42937088012695
WN,Southwest Airlines,BUR,Burbank,CA,Late morning (09-12),2467,2414,170.0,0.07042253521126761,0.06088365292584738,0.08132649020346266,0.3706887674958891,False,0.021483583299554115,48.358821868896484
DL,Delta Air Lines,SEA,Seattle,WA,Early morning (05-09),3242,3238,228.0,0.07041383570105003,0.062101075926659616,0.07974471937684935,0.3706429751836598,False,0.0012338062924120913,59.66228103637695
OO,Skywest Airlines,RNO,Reno,NV,Early morning (05-09),398,384,27.0,0.0703125,0.04876944616307653,0.10036772736343534,0.37010956629667674,False,0.035175879396984924,88.29629516601562
AA,American Airlines,CMH,Columbus,OH,Early morning (05-09),805,784,55.0,0.07015306122448979,0.05429160674812822,0.09020647509979654,0.36927031557945067,False,0.02732919254658385,109.01818084716797
OO,Skywest Airlines,MFR,Medford,OR,Early morning (05-09),1087,1071,75.0,0.0700280112044818,0.056231083270972274,0.08689847181881959,0.36861207972280285,False,0.014719411223551058,108.36000061035156
DL,Delta Air Lines,SJU,San Juan,PR,Late morning (09-12),200,200,14.0,0.07,0.04215178292291873,0.11405578216683726,0.36846463489091374,False,0.0,60.85714340209961
WN,Southwest Airlines,BNA,Nashville,TN,Early morning (05-09),6278,6162,431.0,0.06994482310938008,0.0638407586866907,0.07658477543666403,0.3681741958501039,False,0.019114367633004142,47.35266876220703
OO,Skywest Airlines,PDX,Portland,OR,Early morning (05-09),1216,1202,84.0,0.06988352745424292,0.056798503426259354,0.08570910287957714,0.3678515489759538,False,0.012335526315789474,68.21428680419922
VX,Virgin America,DCA,Arlington,VA,Early morning (05-09),277,272,19.0,0.06985294117647059,0.04517167824813013,0.1065153769313642,0.36769054952349584,False,0.018050541516245487,77.89473724365234
OO,Skywest Airlines,YUM,Yuma,AZ,Early morning (05-09),523,516,36.0,0.06976744186046512,0.05081732019705129,0.09507635202925765,0.36724049989127616,False,0.01338432122370937,80.63888549804688
DL,Delta Air Lines,ORF,Norfolk,VA,Late morning (09-12),303,301,21.0,0.06976744186046512,0.04608145161979016,0.10429697442179997,0.36724049989127616,False,0.006600660066006601,75.71428680419922
AA,American Airlines,LGA,New York,NY,Early morning (05-09),4752,4620,322.0,0.0696969696969697,0.06270615100086588,0.0774028008282798,0.366869549891386,False,0.028409090909090908,58.30745315551758
MQ,American Eagle Airlines,SPS,Wichita Falls,TX,Early morning (05-09),257,244,17.0,0.06967213114754098,0.043951206006645246,0.10873341191060513,0.3667388052192935,False,0.05058365758754864,142.58824157714844
US,US Airways,MCI,Kansas City,MO,Early morning (05-09),361,359,25.0,0.06963788300835655,0.04761030812778915,0.1007784102551085,0.3665585305321466,False,0.00554016620498615,63.880001068115234
OO,Skywest Airlines,BIS,Bismarck,ND,Early morning (05-09),483,474,33.0,0.06962025316455696,0.04999965338170656,0.09616091530883858,0.36646573090416373,False,0.020703933747412008,216.18182373046875
AS,Alaska Airlines,BLI,Bellingham,WA,Early morning (05-09),217,216,15.0,0.06944444444444445,0.042532186232427285,0.11140410244087205,0.36554031239177953,False,0.009216589861751152,85.33333587646484
OO,Skywest Airlines,CLD,San Diego,CA,Afternoon (12-17),245,245,17.0,0.06938775510204082,0.04376993474111391,0.10830110161293624,0.3652419121367658,False,0.0,53.29411697387695
AA,American Airlines,LAX,Los Angeles,CA,Early morning (05-09),7749,7687,533.0,0.06933784311174711,0.0638714753774878,0.0752344450981075,0.3649791863756194,False,0.008259130210349722,64.45403289794922
OO,Skywest Airlines,MSO,Missoula,MT,Early morning (05-09),263,260,18.0,0.06923076923076923,0.04423674692812547,0.10676900804000693,0.3644155729690356,False,0.011406844106463879,73.55555725097656
US,US Airways,BDL,Windsor Locks,CT,Early morning (05-09),360,347,24.0,0.069164265129683,0.04691511119060024,0.10084843794382398,0.3640655099786715,False,0.03888888888888889,60.04166793823242
US,US Airways,IAH,Houston,TX,Late morning (09-12),204,203,14.0,0.06896551724137931,0.041522072600001576,0.11241988104955442,0.36301934472011205,False,0.004901960784313725,91.64286041259766
UA,United Air Lines,HNL,Honolulu,HI,Early morning (05-09),681,667,46.0,0.06896551724137931,0.05210021513534596,0.09076749014709326,0.36301934472011205,False,0.020558002936857563,83.3043441772461
HA,Hawaiian Airlines,SEA,Seattle,WA,Early morning (05-09),334,334,23.0,0.0688622754491018,0.04632123496468009,0.10120825814688465,0.3624759025872975,False,0.0,116.17391204833984
DL,Delta Air Lines,CLE,Cleveland,OH,Late morning (09-12),378,378,26.0,0.06878306878306878,0.04736817028715909,0.09887466967579936,0.36205897608328635,False,0.0,105.73076629638672
UA,United Air Lines,PBI,West Palm Beach,FL,Early morning (05-09),686,669,46.0,0.0687593423019432,0.0519432615214563,0.09049977410535391,0.36193408509464087,False,0.02478134110787172,73.56521606445312
MQ,American Eagle Airlines,FAR,Fargo,ND,Early morning (05-09),527,510,35.0,0.06862745098039216,0.04975577945284296,0.09394920667517784,0.3612398381283468,False,0.03225806451612903,113.0
DL,Delta Air Lines,SMF,Sacramento,CA,Early morning (05-09),541,541,37.0,0.06839186691312385,0.05002240610762157,0.09284774183996541,0.3599997753093163,False,0.0,92.70270538330078
AA,American Airlines,OKC,Oklahoma City,OK,Early morning (05-09),768,746,51.0,0.06836461126005362,0.05237728363681871,0.08877466098721926,0.359856307534213,False,0.028645833333333332,109.49019622802734
DL,Delta Air Lines,JAN,Jackson,MS,Early morning (05-09),618,615,42.0,0.06829268292682927,0.05091837329960301,0.09102683529658705,0.35947769257650125,False,0.0048543689320388345,86.26190185546875
EV,Atlantic Southeast Airlines,LCH,Lake Charles,LA,Early morning (05-09),300,293,20.0,0.06825938566552901,0.04461830811700587,0.10307527660966317,0.3593024231018174,False,0.023333333333333334,108.19999694824219
MQ,American Eagle Airlines,LRD,Laredo,TX,Early morning (05-09),321,308,21.0,0.06818181818181818,0.04502394262088401,0.10197889471704653,0.3588941248937471,False,0.040498442367601244,133.3333282470703
DL,Delta Air Lines,MSN,Madison,WI,Evening (17-21),280,279,19.0,0.06810035842293907,0.044027015485647206,0.10390596184159177,0.3584653386035515,False,0.0035714285714285713,61.157894134521484
EV,Atlantic Southeast Airlines,LAW,Lawton,OK,Early morning (05-09),256,235,16.0,0.06808510638297872,0.04233960725814577,0.10772470314674183,0.3583850552130468,False,0.08203125,147.4375
HA,Hawaiian Airlines,LAX,Los Angeles,CA,Late morning (09-12),706,705,48.0,0.06808510638297872,0.051735064937238104,0.08911671351368801,0.3583850552130468,False,0.0028328611898017,83.52083587646484
AS,Alaska Airlines,DFW,Dallas-Fort Worth,TX,Early morning (05-09),235,235,16.0,0.06808510638297872,0.04233960725814577,0.10772470314674183,0.3583850552130468,False,0.00425531914893617,76.0625
US,US Airways,SFO,San Francisco,CA,Night (21-24),356,354,24.0,0.06779661016949153,0.04597875448513031,0.09889428431192404,0.35686647447061864,False,0.0056179775280898875,53.08333206176758
AS,Alaska Airlines,MSP,Minneapolis,MN,Early morning (05-09),253,251,17.0,0.06772908366533864,0.0427129546145599,0.10577771566847083,0.3565110297749307,False,0.007905138339920948,47.70588302612305
US,US Airways,PVD,Providence,RI,Early morning (05-09),344,325,22.0,0.06769230769230769,0.04512430716213825,0.10036093558087233,0.3563174491252792,False,0.055232558139534885,61.3636360168457
EV,Atlantic Southeast Airlines,GSP,Greer,SC,Early morning (05-09),758,739,50.0,0.06765899864682003,0.051695306003737736,0.08809438805755343,0.35614211762121956,False,0.025065963060686015,105.62000274658203
DL,Delta Air Lines,BHM,Birmingham,AL,Early morning (05-09),935,932,63.0,0.06759656652360516,0.053188998771794394,0.08555413895578687,0.3558134886285648,False,0.0032085561497326204,120.73015594482422
OO,Skywest Airlines,ESC,Escanaba,MI,Early morning (05-09),326,312,21.0,0.0673076923076923,0.04444116525852003,0.10069994344913595,0.3542929181643401,False,0.04294478527607362,149.5238037109375
DL,Delta Air Lines,FAY,Fayetteville,NC,Early morning (05-09),329,327,22.0,0.0672782874617737,0.04484570014193929,0.09976005681244612,0.35413813750983403,False,0.0060790273556231,151.81817626953125
EV,Atlantic Southeast Airlines,LAN,Lansing,MI,Early morning (05-09),368,357,24.0,0.06722689075630252,0.045588805314804644,0.09807977391774506,0.3538675965338907,False,0.029891304347826088,74.0
AA,American Airlines,JAX,Jacksonville,FL,Early morning (05-09),754,744,50.0,0.06720430107526881,0.0513453572173337,0.08750971583556948,0.3537486894113995,False,0.014588859416445624,65.54000091552734
OO,Skywest Airlines,DLH,Duluth,MN,Early morning (05-09),421,402,27.0,0.06716417910447761,0.04656623514525092,0.09595636480507454,0.3535374961639897,False,0.04513064133016627,129.9629669189453
AA,American Airlines,RDU,Raleigh,NC,Early morning (05-09),1790,1758,118.0,0.0671217292377702,0.05634286018495218,0.07978833344789203,0.3533140493834538,False,0.017877094972067038,72.62712097167969
DL,Delta Air Lines,ABQ,Albuquerque,NM,Early morning (05-09),717,717,48.0,0.06694560669456066,0.050862823149637415,0.08764416645806555,0.3523869789751715,False,0.0,107.97916412353516
EV,Atlantic Southeast Airlines,ABY,Albany,GA,Early morning (05-09),319,314,21.0,0.06687898089171974,0.044155398578840876,0.1000724180442821,0.3520362753734845,False,0.01567398119122257,101.76190185546875
EV,Atlantic Southeast Airlines,ILM,Wilmington,NC,Early morning (05-09),335,329,22.0,0.0668693009118541,0.04457051290936698,0.09916632767786729,0.3519853220842424,False,0.01791044776119403,131.68182373046875
AA,American Airlines,SJC,San Jose,CA,Early morning (05-09),1129,1108,74.0,0.06678700361010831,0.053532927973260924,0.08303472698766157,0.3515521271522385,False,0.018600531443755536,87.43243408203125
AS,Alaska Airlines,SAN,San Diego,CA,Late morning (09-12),1109,1108,74.0,0.06678700361010831,0.053532927973260924,0.08303472698766157,0.3515521271522385,False,0.0009017132551848512,63.60810852050781
DL,Delta Air Lines,JAX,Jacksonville,FL,Early morning (05-09),1380,1379,92.0,0.06671501087744743,0.054711821990168746,0.08112557254583597,0.3511731732100286,False,0.0007246376811594203,77.0434799194336
DL,Delta Air Lines,ICT,Wichita,KS,Early morning (05-09),331,330,22.0,0.06666666666666667,0.04443418209399108,0.0988721044802405,0.3509186998961083,False,0.0030211480362537764,79.59091186523438
OO,Skywest Airlines,LAS,Las Vegas,NV,Early morning (05-09),595,586,39.0,0.06655290102389079,0.04906393579903148,0.08968789181027925,0.350319862524272,False,0.015126050420168067,92.02564239501953
EV,Atlantic Southeast Airlines,CRW,Charleston,WV,Early morning (05-09),344,331,22.0,0.06646525679758308,0.04429868287372579,0.09857962137520865,0.34985852255503247,False,0.0377906976744186,143.31817626953125
DL,Delta Air Lines,DCA,Arlington,VA,Early morning (05-09),2492,2470,164.0,0.06639676113360324,0.057235761269753285,0.07690443590374398,0.34949797641474756,False,0.00882825040128411,79.93292999267578
MQ,American Eagle Airlines,FSD,Sioux Falls,SD,Early morning (05-09),229,226,15.0,0.06637168141592921,0.04063084500175427,0.10660794901986759,0.3493659622859486,False,0.013100436681222707,147.46665954589844
AA,American Airlines,MSY,New Orleans,LA,Early morning (05-09),1144,1130,75.0,0.06637168141592921,0.05327691197892922,0.08240482698707804,0.3493659622859486,False,0.013111888111888112,108.86666870117188
WN,Southwest Airlines,BOS,Boston,MA,Early morning (05-09),3262,3180,211.0,0.06635220125786163,0.0582139310378814,0.07553694400565093,0.3492634230098059,False,0.02575107296137339,72.1848373413086
US,US Airways,PDX,Portland,OR,Early morning (05-09),334,332,22.0,0.06626506024096386,0.04416400766161428,0.09828886297740129,0.34880473182444505,False,0.008982035928143712,56.272727966308594
DL,Delta Air Lines,HOU,Houston,TX,Early morning (05-09),485,483,32.0,0.06625258799171843,0.04731749386123234,0.09203296427545933,0.34873908064209524,False,0.006185567010309278,101.21875
WN,Southwest Airlines,LGA,New York,NY,Early morning (05-09),2140,2041,135.0,0.06614404703576678,0.05615595368030381,0.0777622921143827,0.34816774487487473,False,0.04719626168224299,64.39259338378906
EV,Atlantic Southeast Airlines,MAF,Midland,TX,Early morning (05-09),394,379,25.0,0.06596306068601583,0.045075360685492186,0.09556139352303687,0.34721507245657157,False,0.03807106598984772,108.5199966430664
DL,Delta Air Lines,OMA,Omaha,NE,Early morning (05-09),1031,1031,68.0,0.06595538312318137,0.052358416113120275,0.08277492216783017,0.347174659451048,False,0.0,120.6617660522461
HA,Hawaiian Airlines,OAK,Oakland,CA,Late morning (09-12),305,304,20.0,0.06578947368421052,0.0429884744366181,0.09942762527180338,0.3463013485816858,False,0.003278688524590164,153.0
WN,Southwest Airlines,SEA,Seattle,WA,Early morning (05-09),3026,3010,198.0,0.06578073089700996,0.05746638323615273,0.0752020357013256,0.3462553284689175,False,0.005287508261731659,55.9040412902832
AA,American Airlines,SAN,San Diego,CA,Early morning (05-09),2187,2159,142.0,0.06577119036591014,0.056067109785063005,0.07701780960986633,0.34620510920736947,False,0.012802926383173296,98.83098602294922
EV,Atlantic Southeast Airlines,CVG,Covington,KY,Early morning (05-09),522,502,33.0,0.06573705179282868,0.047187931861658705,0.09088216755286155,0.34602541125213865,False,0.038314176245210725,88.63636016845703
DL,Delta Air Lines,ALB,Albany,NY,Early morning (05-09),659,657,43.0,0.0654490106544901,0.04895021268613502,0.08700006647304621,0.3445092259254031,False,0.0030349013657056147,108.55813598632812
WN,Southwest Airlines,LBB,Lubbock,TX,Early morning (05-09),706,688,45.0,0.06540697674418605,0.0492391137801806,0.086401183073897,0.34428796864807143,False,0.025495750708215296,97.80000305175781
EV,Atlantic Southeast Airlines,ICT,Wichita,KS,Early morning (05-09),299,291,19.0,0.06529209621993128,0.04219410468755308,0.09971802711474348,0.3436832627848484,False,0.026755852842809364,88.21052551269531
MQ,American Eagle Airlines,GJT,Grand Junction,CO,Early morning (05-09),334,322,21.0,0.06521739130434782,0.04304816662210066,0.0976385965167987,0.34329003250706247,False,0.03592814371257485,151.38095092773438
AA,American Airlines,PVD,Providence,RI,Early morning (05-09),400,399,26.0,0.06516290726817042,0.044853286985287635,0.09376596187083845,0.34300324049995545,False,0.0025,75.69230651855469
AS,Alaska Airlines,BLI,Bellingham,WA,Late morning (09-12),307,307,20.0,0.06514657980456026,0.042564438730783694,0.09847717217329091,0.3429172963154153,False,0.0,107.25
OO,Skywest Airlines,MCI,Kansas City,MO,Early morning (05-09),434,430,28.0,0.06511627906976744,0.04543249995182695,0.09250171382573609,0.3427577998985244,False,0.009216589861751152,87.42857360839844
OO,Skywest Airlines,SJC,San Jose,CA,Early morning (05-09),993,984,64.0,0.06504065040650407,0.05126135928611629,0.08220295321094805,0.34235970721571546,False,0.010070493454179255,84.9375
OO,Skywest Airlines,HLN,Helena,MT,Afternoon (12-17),324,323,21.0,0.06501547987616099,0.04291365542955645,0.09734266445138892,0.34222721506896014,False,0.0030864197530864196,47.42856979370117
OO,Skywest Airlines,RKS,Rock Springs,WY,Early morning (05-09),365,354,23.0,0.06497175141242938,0.043680557341763904,0.09560341634938882,0.34199703803434284,False,0.030136986301369864,165.3913116455078
UA,United Air Lines,SJC,San Jose,CA,Early morning (05-09),497,493,32.0,0.06490872210953347,0.046349859336433694,0.09019587274397182,0.34166526561892896,False,0.008048289738430584,79.875
WN,Southwest Airlines,LAS,Las Vegas,NV,Early morning (05-09),12349,12202,792.0,0.06490739223078183,0.06067153046438889,0.06941713134488772,0.34165826542909083,False,0.011984776095230383,43.8017692565918
HA,Hawaiian Airlines,JFK,New York,NY,Late morning (09-12),293,293,19.0,0.06484641638225255,0.041903357011936274,0.09905262759399495,0.3413373019467265,False,0.0,319.6842041015625
B6,JetBlue Airways,PIT,Pittsburgh,PA,Early morning (05-09),596,586,38.0,0.06484641638225255,0.04760604456197705,0.08775504221114984,0.3413373019467265,False,0.016778523489932886,69.0526351928711
DL,Delta Air Lines,SFO,San Francisco,CA,Early morning (05-09),2590,2578,167.0,0.0647788983708301,0.05591006876525893,0.07494288518822913,0.34098190195490746,False,0.004633204633204633,79.0898208618164
WN,Southwest Airlines,ISP,Islip,NY,Early morning (05-09),1604,1544,100.0,0.06476683937823834,0.053538465451478987,0.07815563037848193,0.34091842606487205,False,0.038029925187032416,68.56999969482422
MQ,American Eagle Airlines,TVC,Traverse City,MI,Early morning (05-09),318,309,20.0,0.06472491909385113,0.04228636599881547,0.09785356424064118,0.34069776688942555,False,0.02830188679245283,108.69999694824219
DL,Delta Air Lines,BDL,Windsor Locks,CT,Late morning (09-12),748,743,48.0,0.06460296096904442,0.049070319781117575,0.08461478827927969,0.34005580609044145,False,0.008021390374331552,64.29166412353516
MQ,American Eagle Airlines,SAF,Santa Fe,NM,Early morning (05-09),226,217,14.0,0.06451612903225806,0.038816019909997425,0.10536696010826002,0.33959874183494354,False,0.04424778761061947,179.2142791748047
OO,Skywest Airlines,CIU,Sault Ste. Marie,MI,Early morning (05-09),324,310,20.0,0.06451612903225806,0.04214868788366702,0.09754471158918807,0.33959874183494354,False,0.043209876543209874,168.4499969482422
B6,JetBlue Airways,RDU,Raleigh,NC,Early morning (05-09),426,419,27.0,0.06443914081145585,0.04466075292111904,0.09213184269861185,0.33919349273967514,False,0.01643192488262911,51.62963104248047
DL,Delta Air Lines,PHL,Philadelphia,PA,Early morning (05-09),2014,1988,128.0,0.06438631790744467,0.0544148959635895,0.07603804768413834,0.33891544456767003,False,0.012909632571996028,98.3125
OO,Skywest Airlines,GEG,Spokane,WA,Early morning (05-09),487,482,31.0,0.06431535269709543,0.04567622708096516,0.08984448584275317,0.3385418992773659,False,0.012320328542094456,135.96774291992188
DL,Delta Air Lines,XNA,Fayetteville/Springdale/Rogers,AR,Early morning (05-09),329,327,21.0,0.06422018348623854,0.04238391416679789,0.09617665379079875,0.3380409494412053,False,0.0060790273556231,95.19047546386719
EV,Atlantic Southeast Airlines,ERI,Erie,PA,Early morning (05-09),362,343,22.0,0.0641399416909621,0.04273488440395455,0.095200126851904,0.3376185742440692,False,0.052486187845303865,107.90908813476562
US,US Airways,BWI,Baltimore,MD,Early morning (05-09),719,702,45.0,0.0641025641025641,0.04825006003283566,0.08469988227716702,0.33742182682318106,False,0.02642559109874826,77.11111450195312
EV,Atlantic Southeast Airlines,MOB,Mobile,AL,Early morning (05-09),761,749,48.0,0.06408544726301736,0.048674464621360984,0.08394519932919647,0.33733172753698,False,0.017082785808147174,94.5
DL,Delta Air Lines,MSP,Minneapolis,MN,Early morning (05-09),6897,6890,441.0,0.06400580551523948,0.0584657357373595,0.07003179167899426,0.3369125108581649,False,0.0010149340292880964,52.56916046142578
AA,American Airlines,DCA,Arlington,VA,Early morning (05-09),4701,4611,295.0,0.06397744523964433,0.05727060560244487,0.0714102141249321,0.33676322859255675,False,0.019783024888321635,73.81356048583984
AA,American Airlines,BDL,Windsor Locks,CT,Early morning (05-09),970,955,61.0,0.06387434554973823,0.05004543304561656,0.08119793395055883,0.33622053445543365,False,0.015463917525773196,64.98360443115234
OO,Skywest Airlines,ABR,Aberdeen,SD,Early morning (05-09),334,329,21.0,0.06382978723404255,0.04212391864182578,0.09560405766882767,0.33598598926223133,False,0.014970059880239521,241.90475463867188
EV,Atlantic Southeast Airlines,CHS,Charleston,SC,Early morning (05-09),679,659,42.0,0.0637329286798179,0.047493703305584535,0.08502905929712479,0.3354761470933964,False,0.029455081001472753,106.07142639160156
US,US Airways,IAH,Houston,TX,Early morning (05-09),892,879,56.0,0.06370875995449374,0.049384870679534884,0.08182960765950122,0.3353489282283629,False,0.014573991031390135,65.01786041259766
OO,Skywest Airlines,PIH,Pocatello,ID,Afternoon (12-17),316,314,20.0,0.06369426751592357,0.041606826648602296,0.09632854744969069,0.33527264321284234,False,0.006329113924050633,92.44999694824219
WN,Southwest Airlines,SJC,San Jose,CA,Early morning (05-09),4309,4256,271.0,0.06367481203007519,0.05672517222818135,0.07141142327339789,0.33517023380584593,False,0.012531909955906242,47.59409713745117
EV,Atlantic Southeast Airlines,AVP,Wilkes-Barre/Scranton,PA,Early morning (05-09),599,582,37.0,0.06357388316151202,0.046471562623313756,0.08639984835193962,0.3346389663957734,False,0.028380634390651086,140.7567596435547
DL,Delta Air Lines,SLC,Salt Lake City,UT,Early morning (05-09),4250,4248,270.0,0.0635593220338983,0.05660979437809074,0.07129751054126468,0.33456231981620493,False,0.00047058823529411766,61.61111068725586
B6,JetBlue Airways,PHL,Philadelphia,PA,Early morning (05-09),324,315,20.0,0.06349206349206349,0.04147353159874066,0.09602922839242735,0.3342082856153412,False,0.027777777777777776,57.25
WN,Southwest Airlines,BUF,Buffalo,NY,Early morning (05-09),2316,2286,145.0,0.06342957130358705,0.054151968710940156,0.07417201666865988,0.33387934045233403,False,0.013385146804835924,62.28965377807617
DL,Delta Air Lines,MCI,Kansas City,MO,Early morning (05-09),1822,1815,115.0,0.06336088154269973,0.05304938721520409,0.07551683867274572,0.3335177726285327,False,0.0038419319429198683,99.31304168701172
OO,Skywest Airlines,MSY,New Orleans,LA,Early morning (05-09),222,221,14.0,0.06334841628959276,0.03810647185960824,0.10351144937916609,0.3334521582723201,False,0.0045045045045045045,68.21428680419922
F9,Frontier Airlines,DCA,Arlington,VA,Early morning (05-09),333,332,21.0,0.06325301204819277,0.041739852504781724,0.09475782973589365,0.33294997128697024,False,0.003003003003003003,68.0952377319336
DL,Delta Air Lines,DAB,Daytona Beach,FL,Early morning (05-09),525,523,33.0,0.06309751434034416,0.04527829556570161,0.08728830509757173,0.33213146548484435,False,0.0038095238095238095,98.09091186523438
B6,JetBlue Airways,IAD,Chantilly,VA,Early morning (05-09),556,539,34.0,0.06307977736549165,0.045488304916556296,0.08685527376274908,0.3320381019425144,False,0.030575539568345324,58.32352828979492
WN,Southwest Airlines,EWR,Newark,NJ,Early morning (05-09),1474,1411,89.0,0.06307583274273565,0.05153939153334087,0.07698496059201367,0.3320173383141776,False,0.042740841248303935,78.78651428222656
EV,Atlantic Southeast Airlines,BMI,Bloomington,IL,Early morning (05-09),450,444,28.0,0.06306306306306306,0.04398809521094081,0.08963414979711558,0.3319501215233457,False,0.017777777777777778,156.0357208251953
AA,American Airlines,SNA,Santa Ana,CA,Early morning (05-09),1665,1636,103.0,0.06295843520782396,0.05218172563226422,0.0757828289930118,0.33139938345934433,False,0.018618618618618618,75.26213836669922
WN,Southwest Airlines,LIT,Little Rock,AR,Early morning (05-09),598,588,37.0,0.06292517006802721,0.04599378172350556,0.08553059912434292,0.3312242830652043,False,0.016722408026755852,76.37837982177734
AA,American Airlines,TPA,Tampa,FL,Early morning (05-09),2634,2615,164.0,0.0627151051625239,0.054048546912921665,0.07266457693542414,0.330118547512209,False,0.008731966590736523,73.99390411376953
MQ,American Eagle Airlines,AZO,Kalamazoo,MI,Early morning (05-09),321,303,19.0,0.0627062706270627,0.040507728929019576,0.09585448532093868,0.33007204445673555,False,0.06230529595015576,90.21052551269531
WN,Southwest Airlines,IND,Indianapolis,IN,Early morning (05-09),3214,3176,199.0,0.0626574307304786,0.054745808069319495,0.07162576968474224,0.3298149619615502,False,0.011823273179838207,58.30653381347656
WN,Southwest Airlines,PHL,Philadelphia,PA,Early morning (05-09),3070,2991,187.0,0.06252089602139753,0.05439305994787326,0.07177107507683055,0.3290962732225289,False,0.025732899022801303,70.09626007080078
EV,Atlantic Southeast Airlines,PWM,Portland,ME,Early morning (05-09),296,288,18.0,0.0625,0.03989606770460721,0.09662182419291529,0.32898628115260153,False,0.02702702702702703,55.72222137451172
DL,Delta Air Lines,TYS,Knoxville,TN,Early morning (05-09),259,256,16.0,0.0625,0.03883330463849077,0.09910303811801935,0.32898628115260153,False,0.011583011583011582,106.625
AA,American Airlines,ATL,Atlanta,GA,Early morning (05-09),2743,2705,169.0,0.06247689463955638,0.05396215570398029,0.07223259854078616,0.32886465960688893,False,0.014582573824279986,76.34319305419922
EV,Atlantic Southeast Airlines,MLU,Monroe,LA,Early morning (05-09),859,835,52.0,0.06227544910179641,0.047804113404934706,0.08075603430352421,0.32780429451372994,False,0.027939464493597205,125.09615325927734
US,US Airways,SAN,San Diego,CA,Early morning (05-09),278,273,17.0,0.06227106227106227,0.03923864533917143,0.09745179424794267,0.32778120319966164,False,0.017985611510791366,63.05882263183594
US,US Airways,SEA,Seattle,WA,Early morning (05-09),524,519,32.0,0.06165703275529865,0.04400989563613068,0.08574565556714005,0.3245490866091175,False,0.009541984732824428,98.0625
WN,Southwest Airlines,BOI,Boise,ID,Early morning (05-09),651,649,40.0,0.061633281972265024,0.04558548153866687,0.08284015800391129,0.32442406770056237,False,0.004608294930875576,102.32499694824219
DL,Delta Air Lines,LEX,Lexington,KY,Early morning (05-09),589,585,36.0,0.06153846153846154,0.04477876409743006,0.0840192012637129,0.3239249537502539,False,0.006791171477079796,85.75
DL,Delta Air Lines,MSY,New Orleans,LA,Early morning (05-09),1583,1577,97.0,0.061509194673430564,0.05068297332361585,0.07446656727551818,0.3237708993968533,False,0.003790271636133923,87.1134033203125
US,US Airways,LAX,Los Angeles,CA,Early morning (05-09),1081,1074,66.0,0.061452513966480445,0.04859301569334005,0.07743811912275908,0.32347254459697133,False,0.0064754856614246065,75.48484802246094
US,US Airways,MSY,New Orleans,LA,Early morning (05-09),262,261,16.0,0.06130268199233716,0.03808242403857498,0.09724978963178496,0.3226838619734329,False,0.003816793893129771,67.75
B6,JetBlue Airways,ROC,Rochester,NY,Early morning (05-09),416,408,25.0,0.061274509803921566,0.041844860248223856,0.08888889758488479,0.3225355697574525,False,0.019230769230769232,53.47999954223633
B6,JetBlue Airways,TPA,Tampa,FL,Early morning (05-09),1010,996,61.0,0.06124497991967871,0.04797262837152513,0.07788890809585133,0.3223801309286537,False,0.013861386138613862,57.98360824584961
NK,Spirit Air Lines,SAN,San Diego,CA,Early morning (05-09),334,327,20.0,0.06116207951070336,0.03993815083525717,0.09257722812555066,0.3219437613725764,False,0.023952095808383235,108.30000305175781
DL,Delta Air Lines,CAK,Akron,OH,Early morning (05-09),460,458,28.0,0.0611353711790393,0.042632713572299225,0.08693898373690809,0.32180317457721724,False,0.004347826086956522,153.0
WN,Southwest Airlines,RIC,Richmond,VA,Early morning (05-09),596,589,36.0,0.06112054329371817,0.04447241560400604,0.0834565286536169,0.3217251238436307,False,0.01174496644295302,75.47222137451172
AA,American Airlines,BOS,Boston,MA,Early morning (05-09),5575,5484,335.0,0.061086797957695116,0.05505021433911496,0.06773787779532275,0.32154749580195924,False,0.01757847533632287,61.274627685546875
EV,Atlantic Southeast Airlines,OAJ,Jacksonville,NC,Early morning (05-09),333,328,20.0,0.06097560975609756,0.03981531881135774,0.09230072691648347,0.3209622255147332,False,0.015015015015015015,163.5
DL,Delta Air Lines,PNS,Pensacola,FL,Early morning (05-09),645,640,39.0,0.0609375,0.04489441340318688,0.08222008183912118,0.3207616241237865,False,0.007751937984496124,101.0
MQ,American Eagle Airlines,MGM,Montgomery,AL,Early morning (05-09),326,312,19.0,0.060897435897435896,0.03932884606593852,0.0931476864744235,0.320550735482022,False,0.04294478527607362,69.78947448730469
OO,Skywest Airlines,RDM,Redmond,OR,Early morning (05-09),1113,1101,67.0,0.06085376930063579,0.04820158368928928,0.07655983007355238,0.3203208841013523,False,0.012578616352201259,122.3880615234375
OO,Skywest Airlines,OAK,Oakland,CA,Early morning (05-09),380,379,23.0,0.06068601583113457,0.040774989664935646,0.0894135791844266,0.31943786666004587,False,0.002631578947368421,86.82608795166016
VX,Virgin America,SFO,San Francisco,CA,Early morning (05-09),3029,3020,183.0,0.06059602649006623,0.052631928181709135,0.06967659485732838,0.3189641825214627,False,0.0029712776493892373,58.22950744628906
B6,JetBlue Airways,MCO,Orlando,FL,Early morning (05-09),3214,3171,192.0,0.06054872280037843,0.05276713726774297,0.06939379195782847,0.31871518628217976,False,0.013690105787181083,51.69791793823242
US,US Airways,BNA,Nashville,TN,Early morning (05-09),358,347,21.0,0.06051873198847262,0.03992000666861856,0.09074180766582754,0.3185573212313375,False,0.0335195530726257,59.904762268066406
WN,Southwest Airlines,ICT,Wichita,KS,Early morning (05-09),477,463,28.0,0.06047516198704104,0.042168672897583914,0.08601527643340975,0.3183279783074849,False,0.033542976939203356,117.10713958740234
VX,Virgin America,EWR,Newark,NJ,Afternoon (12-17),334,331,20.0,0.06042296072507553,0.03945131520368099,0.0914810420661445,0.3180532023227568,False,0.008982035928143712,51.599998474121094
DL,Delta Air Lines,FSD,Sioux Falls,SD,Early morning (05-09),414,414,25.0,0.06038647342995169,0.041233455969101274,0.08762302935931024,0.317861141210243,False,0.0,96.36000061035156
US,US Airways,DCA,Arlington,VA,Early morning (05-09),2070,1988,120.0,0.060362173038229376,0.050716745559392935,0.07170343082411068,0.3177332292821906,False,0.04154589371980676,56.775001525878906
OO,Skywest Airlines,HIB,Hibbing,MN,Afternoon (12-17),235,232,14.0,0.0603448275862069,0.0362825874258467,0.09873006513417668,0.31764192663009805,False,0.01702127659574468,59.21428680419922
DL,Delta Air Lines,TRI,Bristol,TN,Early morning (05-09),368,365,22.0,0.06027397260273973,0.04013727887646315,0.08957043305190934,0.31726896154990614,False,0.008152173913043478,64.63636016845703
DL,Delta Air Lines,SAV,Savannah,GA,Early morning (05-09),1136,1129,68.0,0.06023029229406555,0.047787108771354614,0.07565609811652803,0.3170390379929411,False,0.006161971830985915,76.05882263183594
OO,Skywest Airlines,SAT,San Antonio,TX,Early morning (05-09),760,748,45.0,0.06016042780748663,0.04526277678294981,0.07955287587580172,0.31667128667095334,False,0.017105263157894738,100.77777862548828
UA,United Air Lines,TPA,Tampa,FL,Early morning (05-09),1561,1547,93.0,0.060116354234001294,0.04932534783661952,0.07308663801673908,0.3164392930543446,False,0.009609224855861628,75.67742156982422
AS,Alaska Airlines,SLC,Salt Lake City,UT,Early morning (05-09),1068,1066,64.0,0.0600375234521576,0.04729476942383654,0.07593992251560572,0.31602434512219885,False,0.0028089887640449437,88.96875
MQ,American Eagle Airlines,GRB,Green Bay,WI,Early morning (05-09),332,318,19.0,0.059748427672955975,0.03858032416299855,0.09142648664082545,0.3145026083974556,False,0.04216867469879518,88.36842346191406
DL,Delta Air Lines,MIA,Miami,FL,Early morning (05-09),1756,1741,104.0,0.05973578403216542,0.04954254555122267,0.07186767300385993,0.31443605504763295,False,0.008542141230068337,75.18269348144531
WN,Southwest Airlines,IAD,Chantilly,VA,Early morning (05-09),750,738,44.0,0.05962059620596206,0.044709916105878045,0.07909225406090689,0.3138297316144058,False,0.016,81.0
US,US Airways,LAS,Las Vegas,NV,Night (21-24),393,386,23.0,0.05958549222797927,0.04002944200505737,0.08782145948929318,0.3136449519796823,False,0.017811704834605598,42.34782791137695
OO,Skywest Airlines,RAP,Rapid City,SD,Early morning (05-09),429,421,25.0,0.05938242280285035,0.04054235670622458,0.08619099520658244,0.3125760390998589,False,0.018648018648018648,114.31999969482422
OO,Skywest Airlines,IDA,Idaho Falls,ID,Early morning (05-09),768,758,45.0,0.059366754617414245,0.04466166938004289,0.0785156420190721,0.31249356521091437,False,0.013020833333333334,87.06666564941406
AS,Alaska Airlines,PHX,Phoenix,AZ,Late morning (09-12),236,236,14.0,0.059322033898305086,0.035661909350314006,0.09709904621369157,0.31225816516179133,False,0.0,64.92857360839844
WN,Southwest Airlines,CLT,Charlotte,NC,Early morning (05-09),658,641,38.0,0.059282371294851796,0.043492504881366856,0.08032332834031115,0.31204938992321646,False,0.025835866261398176,67.39473724365234
VX,Virgin America,LAS,Las Vegas,NV,Early morning (05-09),388,388,23.0,0.059278350515463915,0.03982141061393543,0.08737692667337654,0.312028225423086,False,0.0,66.34782409667969
AS,Alaska Airlines,PDX,Portland,OR,Early morning (05-09),3125,3121,185.0,0.059275873117590513,0.05152032497092804,0.0681150511070146,0.3120151849444731,False,0.00128,52.599998474121094
HA,Hawaiian Airlines,OGG,Kahului,HI,Late morning (09-12),2729,2718,161.0,0.05923473142016188,0.050966466437158,0.06874718626033915,0.31179862407987546,False,0.004030780505679736,48.80124282836914
UA,United Air Lines,PDX,Portland,OR,Early morning (05-09),1940,1925,114.0,0.05922077922077922,0.049528256460698666,0.0706690681926062,0.31172518276485467,False,0.007731958762886598,94.78070068359375
HA,Hawaiian Airlines,HNL,Honolulu,HI,Night (21-24),1334,1334,79.0,0.05922038980509745,0.04777458104258758,0.07319758785991927,0.3117231329661832,False,0.0,43.39240646362305
EV,Atlantic Southeast Airlines,EVV,Evansville,IN,Early morning (05-09),401,389,23.0,0.05912596401028278,0.03971820376292673,0.08715634312823756,0.31122609630888787,False,0.032418952618453865,104.43478393554688
US,US Airways,DEN,Denver,CO,Early morning (05-09),752,746,44.0,0.058981233243967826,0.044227259907731326,0.07825407481682917,0.3104642653236347,False,0.010638297872340425,63.818180084228516
WN,Southwest Airlines,BDL,Windsor Locks,CT,Early morning (05-09),2567,2493,147.0,0.05896510228640193,0.050379021942509275,0.06890832091496314,0.31037935550377815,False,0.0292169848071679,67.62584686279297
DL,Delta Air Lines,SAN,San Diego,CA,Night (21-24),613,613,36.0,0.05872756933115824,0.0427188883422986,0.08023261168623386,0.3091290341662292,False,0.0,44.5
US,US Airways,SFO,San Francisco,CA,Early morning (05-09),636,631,37.0,0.058637083993660855,0.042837480325036814,0.0797783028876575,0.30865273921131553,False,0.007861635220125786,47.702701568603516
NK,Spirit Air Lines,ACY,Atlantic City,NJ,Early morning (05-09),1280,1263,74.0,0.05859065716547902,0.04692714101165904,0.07293125328167643,0.3084083585785275,False,0.01328125,80.17567443847656
B6,JetBlue Airways,STT,Charlotte Amalie,VI,Early morning (05-09),208,205,12.0,0.05853658536585366,0.03379868421266013,0.09951575122549011,0.30812373649414393,False,0.014423076923076924,85.08333587646484
DL,Delta Air Lines,SYR,Syracuse,NY,Early morning (05-09),514,513,30.0,0.05847953216374269,0.041266903818237805,0.08225566092887232,0.3078234209614985,False,0.0019455252918287938,82.23332977294922
WN,Southwest Airlines,ONT,Ontario,CA,Early morning (05-09),2875,2856,167.0,0.0584733893557423,0.05044641521766489,0.06768656109822616,0.3077910865685404,False,0.007304347826086957,51.07185745239258
WN,Southwest Airlines,AUS,Austin,TX,Early morning (05-09),4294,4225,247.0,0.05846153846153846,0.05177997359935486,0.06594531552001058,0.3077287060627411,False,0.016301816488122962,61.902835845947266
EV,Atlantic Southeast Airlines,DHN,Dothan,AL,Early morning (05-09),330,325,19.0,0.05846153846153846,0.03774228185113322,0.08949709418888117,0.3077287060627411,False,0.015151515151515152,116.89473724365234
DL,Delta Air Lines,CLT,Charlotte,NC,Early morning (05-09),1816,1815,106.0,0.05840220385674931,0.048517423127976814,0.07015239396879512,0.3074163817271693,False,0.0005506607929515419,82.32075500488281
WN,Southwest Airlines,AMA,Amarillo,TX,Early morning (05-09),373,361,21.0,0.05817174515235457,0.03835907526272048,0.08728887716375722,0.3062032976932801,False,0.032171581769437,106.14286041259766
AS,Alaska Airlines,OGG,Kahului,HI,Late morning (09-12),431,431,25.0,0.058004640371229696,0.039594323655931435,0.08422455659839566,0.30532369480519866,False,0.0,43.15999984741211
AA,American Airlines,TUS,Tucson,AZ,Early morning (05-09),1143,1121,65.0,0.05798394290811775,0.045752162636806856,0.07323490185298441,0.30521474790250275,False,0.021872265966754154,98.70769500732422
EV,Atlantic Southeast Airlines,LRD,Laredo,TX,Early morning (05-09),316,311,18.0,0.05787781350482315,0.036920305792658786,0.08962459805740422,0.3046561060191294,False,0.015822784810126583,84.27777862548828
AA,American Airlines,PBI,West Palm Beach,FL,Early morning (05-09),926,916,53.0,0.05786026200873363,0.0445056850983576,0.0749079182872688,0.3045637187962949,False,0.01079913606911447,49.75471878051758
WN,Southwest Airlines,MEM,Memphis,TN,Early morning (05-09),831,814,47.0,0.05773955773955774,0.04369640506450115,0.07593751915749979,0.30392835801812823,False,0.02045728038507822,82.89361572265625
US,US Airways,TPA,Tampa,FL,Early morning (05-09),1369,1351,78.0,0.05773501110288675,0.04650599161605239,0.07147208050691756,0.303904425520686,False,0.013148283418553688,78.0
US,US Airways,MIA,Miami,FL,Early morning (05-09),213,208,12.0,0.057692307692307696,0.033306659423514705,0.09811984037633575,0.30367964414086296,False,0.023474178403755867,73.75
DL,Delta Air Lines,IAD,Chantilly,VA,Early morning (05-09),750,746,43.0,0.057640750670241284,0.043071956763117744,0.07674214797580312,0.3034082592935521,False,0.005333333333333333,99.55813598632812
B6,JetBlue Airways,BUF,Buffalo,NY,Early morning (05-09),1311,1288,74.0,0.05745341614906832,0.04601140235869128,0.07152746618370587,0.30242217149431694,False,0.017543859649122806,59.945945739746094
OO,Skywest Airlines,HLN,Helena,MT,Evening (17-21),210,209,12.0,0.05741626794258373,0.03314581959582555,0.09766319518324021,0.30222663148947126,False,0.004761904761904762,69.75
WN,Southwest Airlines,PVD,Providence,RI,Early morning (05-09),2298,2247,129.0,0.05740987983978638,0.048525292892543787,0.0678052387628157,0.30219300591854453,False,0.022193211488250653,55.68217086791992
DL,Delta Air Lines,GSO,Greensboro,NC,Early morning (05-09),892,889,51.0,0.05736782902137233,0.04390022950995782,0.07464442611540731,0.30197165964063316,False,0.0033632286995515697,92.7450942993164
DL,Delta Air Lines,BDL,Windsor Locks,CT,Early morning (05-09),1249,1240,71.0,0.05725806451612903,0.04564142252393384,0.07160952003981383,0.30139388337851236,False,0.007205764611689352,58.9295768737793
DL,Delta Air Lines,JAC,Jackson,WY,Early morning (05-09),367,367,21.0,0.05722070844686648,0.0377268612286958,0.08588818088092728,0.30119724922962976,False,0.0,114.80952453613281
DL,Delta Air Lines,ANC,Anchorage,AK,Early morning (05-09),474,474,27.0,0.056962025316455694,0.03943955765966772,0.08160808658059933,0.2998355980124976,False,0.0,142.25926208496094
AS,Alaska Airlines,BUR,Burbank,CA,Late morning (09-12),334,334,19.0,0.05688622754491018,0.03671684882875416,0.08713290798035403,0.299436615180811,False,0.0,43.421051025390625
B6,JetBlue Airways,DCA,Arlington,VA,Early morning (05-09),2385,2325,132.0,0.0567741935483871,0.048078197785214744,0.06693245815634864,0.29884689281475035,False,0.025576519916142557,69.65908813476562
OO,Skywest Airlines,SGU,St George,UT,Early morning (05-09),600,599,34.0,0.05676126878130217,0.04090005128739852,0.07827155199943503,0.2987788596778218,False,0.0016666666666666668,108.73529052734375
AA,American Airlines,FLL,Ft. Lauderdale,FL,Early morning (05-09),1859,1836,104.0,0.05664488017429194,0.04696720555551343,0.06817401094921176,0.2981662155980005,False,0.01237224314147391,73.61538696289062
WN,Southwest Airlines,ABQ,Albuquerque,NM,Early morning (05-09),2815,2771,156.0,0.05629736557199567,0.04831340117832133,0.06550988877091397,0.29633697501150974,False,0.015630550621669625,64.54486846923828
WN,Southwest Airlines,TUS,Tucson,AZ,Early morning (05-09),1471,1457,82.0,0.05628002745367193,0.045571169513955914,0.06932260130965698,0.29624571096239755,False,0.009517335146159076,47.4878044128418
AS,Alaska Airlines,OAK,Oakland,CA,Late morning (09-12),712,711,40.0,0.05625879043600562,0.041584302926126325,0.07570265966810433,0.2961339239629606,False,0.0014044943820224719,64.19999694824219
WN,Southwest Airlines,OMA,Omaha,NE,Early morning (05-09),1562,1547,87.0,0.05623787976729153,0.04581839226526391,0.0688558594442595,0.296023854792774,False,0.009603072983354673,74.52873229980469
DL,Delta Air Lines,LAS,Las Vegas,NV,Early morning (05-09),2624,2619,147.0,0.056128293241695305,0.047945646832296046,0.06561119167445939,0.2954470153764486,False,0.0019054878048780487,104.95237731933594
WN,Southwest Airlines,TUL,Tulsa,OK,Early morning (05-09),1294,1283,72.0,0.05611847233047545,0.04479904408115056,0.07008813395226085,0.2953953202554926,False,0.00927357032457496,75.55555725097656
WN,Southwest Airlines,CRP,Corpus Christi,TX,Early morning (05-09),304,303,17.0,0.056105610561056105,0.035320971170774554,0.08800520103012649,0.29532761872444757,False,0.003289473684210526,84.52941131591797
EV,Atlantic Southeast Airlines,MGM,Montgomery,AL,Early morning (05-09),627,624,35.0,0.05608974358974359,0.040603545505374775,0.07700828524938885,0.29524409847028343,False,0.004784688995215311,72.11428833007812
DL,Delta Air Lines,PVD,Providence,RI,Early morning (05-09),523,518,29.0,0.055984555984555984,0.0392595306090172,0.07924692805583436,0.2946904140054191,False,0.009560229445506692,105.03448486328125
US,US Airways,OGG,Kahului,HI,Night (21-24),277,268,15.0,0.055970149253731345,0.03420828630138504,0.09028185795909607,0.2946145801366581,False,0.032490974729241874,51.599998474121094
DL,Delta Air Lines,ABE,Allentown,PA,Early morning (05-09),307,304,17.0,0.05592105263157895,0.03520381181100071,0.08772174470897579,0.29435614629443296,False,0.009771986970684038,75.94117736816406
OO,Skywest Airlines,SPI,Springfield,IL,Early morning (05-09),334,322,18.0,0.055900621118012424,0.03564864902894862,0.08662425903435575,0.29424859929176783,False,0.03592814371257485,222.38888549804688
AS,Alaska Airlines,TUS,Tucson,AZ,Afternoon (12-17),341,341,19.0,0.05571847507331378,0.03595701976285344,0.08537868915393618,0.29328982249381486,False,0.002932551319648094,56.68421173095703
MQ,American Eagle Airlines,MHK,Manhattan,KS,Early morning (05-09),659,629,35.0,0.05564387917329094,0.04027859802113959,0.07640399680195674,0.2928971660500109,False,0.04552352048558422,96.34285736083984
DL,Delta Air Lines,ORF,Norfolk,VA,Early morning (05-09),942,935,52.0,0.05561497326203209,0.04266111302452375,0.0722055481886138,0.2927450116780369,False,0.0074309978768577496,117.11538696289062
US,US Airways,MSP,Minneapolis,MN,Early morning (05-09),745,738,41.0,0.05555555555555555,0.041213579432130644,0.07450061076696307,0.2924322499134236,False,0.009395973154362415,52.26829147338867
EV,Atlantic Southeast Airlines,VLD,Valdosta,GA,Early morning (05-09),329,325,18.0,0.055384615384615386,0.035316897063617465,0.08584052340873152,0.29153245837522845,False,0.0121580547112462,111.33333587646484
EV,Atlantic Southeast Airlines,PNS,Pensacola,FL,Early morning (05-09),333,325,18.0,0.055384615384615386,0.035316897063617465,0.08584052340873152,0.29153245837522845,False,0.024024024024024024,156.38888549804688
HA,Hawaiian Airlines,OGG,Kahului,HI,Night (21-24),940,939,52.0,0.055378061767838126,0.04247831396097763,0.07190102611056781,0.29149796157504204,False,0.0010638297872340426,33.11538314819336
DL,Delta Air Lines,BIS,Bismarck,ND,Early morning (05-09),253,253,14.0,0.05533596837944664,0.033244906077115464,0.09072878042849733,0.2912763912181136,False,0.0,40.57143020629883
OO,Skywest Airlines,LWS,Lewiston,ID,Afternoon (12-17),254,254,14.0,0.05511811023622047,0.033112892991935726,0.09037998015188589,0.290129633772373,False,0.0,64.92857360839844
EV,Atlantic Southeast Airlines,CLL,College Station,TX,Early morning (05-09),240,236,13.0,0.05508474576271186,0.032470712012497974,0.09195140658577688,0.2899540105073776,False,0.016666666666666666,124.69230651855469
DL,Delta Air Lines,GSP,Greer,SC,Early morning (05-09),823,818,45.0,0.0550122249388753,0.041365590974496505,0.07281894288214935,0.28957227680913583,False,0.006075334143377886,80.53333282470703
DL,Delta Air Lines,SAT,San Antonio,TX,Early morning (05-09),1300,1295,71.0,0.054826254826254826,0.0436929168650243,0.06859298466446166,0.2885933709570312,False,0.0038461538461538464,79.23943328857422
WN,Southwest Airlines,GSP,Greer,SC,Early morning (05-09),449,439,24.0,0.05466970387243736,0.03700964193840353,0.08005614411241012,0.28776932109931436,False,0.022271714922048998,68.375
OO,Skywest Airlines,BFL,Bakersfield,CA,Early morning (05-09),1022,1008,55.0,0.054563492063492064,0.04215803135334348,0.07035127840423122,0.2872102454506839,False,0.0136986301369863,98.43636322021484
EV,Atlantic Southeast Airlines,MFE,McAllen,TX,Early morning (05-09),287,275,15.0,0.05454545454545454,0.03333021820435303,0.08803474312136021,0.2871152999149977,False,0.04529616724738676,110.73332977294922
DL,Delta Air Lines,BZN,Bozeman,MT,Early morning (05-09),606,606,33.0,0.054455445544554455,0.03903488912920143,0.07548927583429074,0.28664151229137563,False,0.0,101.63636016845703
DL,Delta Air Lines,MKE,Milwaukee,WI,Early morning (05-09),957,955,52.0,0.05445026178010471,0.041762520526682806,0.07070819413567643,0.2866142260931565,False,0.0020898641588296763,71.46154022216797
EV,Atlantic Southeast Airlines,ECP,Panama City,FL,Early morning (05-09),282,276,15.0,0.05434782608695652,0.03320844662248317,0.08772282306722701,0.2860750270892187,False,0.02127659574468085,97.86666870117188
DL,Delta Air Lines,PHX,Phoenix,AZ,Early morning (05-09),1994,1989,108.0,0.05429864253393665,0.045171523197587014,0.06514411854734646,0.28581613566198866,False,0.0025075225677031092,114.33333587646484
VX,Virgin America,IAD,Chantilly,VA,Early morning (05-09),203,203,11.0,0.054187192118226604,0.030523050177652687,0.09441119902560235,0.2852294851372309,False,0.0,47.09090805053711
DL,Delta Air Lines,ATW,Appleton,WI,Early morning (05-09),427,426,23.0,0.0539906103286385,0.03624276090547163,0.07971065076989901,0.2841947217468483,False,0.00234192037470726,135.3478240966797
EV,Atlantic Southeast Airlines,CWA,Mosinee,WI,Early morning (05-09),325,316,17.0,0.05379746835443038,0.03385620917115413,0.0844573560436272,0.2831780647895811,False,0.027692307692307693,82.11764526367188
WN,Southwest Airlines,MCI,Kansas City,MO,Early morning (05-09),5170,5113,275.0,0.05378447095638569,0.04792912493392564,0.06030983247292473,0.28310964933922295,False,0.011025145067698259,47.00727462768555
DL,Delta Air Lines,PIT,Pittsburgh,PA,Early morning (05-09),1156,1154,62.0,0.053726169844020795,0.042135010642005664,0.06827871088950604,0.28280276508091917,False,0.0017301038062283738,92.46774291992188
EV,Atlantic Southeast Airlines,LNK,Lincoln,NE,Early morning (05-09),732,711,38.0,0.053445850914205346,0.03918344428956709,0.07250787305961907,0.28132722776481256,False,0.028688524590163935,158.86842346191406
WN,Southwest Airlines,PDX,Portland,OR,Early morning (05-09),3051,3037,162.0,0.05334211392821864,0.04589935326460026,0.061913431196122706,0.28078117904100863,False,0.004588659455916093,57.561729431152344
MQ,American Eagle Airlines,PNS,Pensacola,FL,Early morning (05-09),224,207,11.0,0.05314009661835749,0.02992810250717169,0.09263594557442131,0.27971780426501386,False,0.07589285714285714,44.181819915771484
OO,Skywest Airlines,HLN,Helena,MT,Early morning (05-09),898,891,47.0,0.052749719416386086,0.03989825034411524,0.06944132439179335,0.2776629443622406,False,0.0077951002227171495,111.53191375732422
AS,Alaska Airlines,EWR,Newark,NJ,Early morning (05-09),325,323,17.0,0.05263157894736842,0.03311671731386122,0.08266291416511819,0.2770410788653487,False,0.006153846153846154,101.29412078857422
OO,Skywest Airlines,EUG,Eugene,OR,Early morning (05-09),1495,1467,77.0,0.05248807089297887,0.04219998497751623,0.06511381414266094,0.27628568396728365,False,0.01939799331103679,88.532470703125
OO,Skywest Airlines,GRB,Green Bay,WI,Early morning (05-09),252,248,13.0,0.05241935483870968,0.030886489292691905,0.08760703997332293,0.2759239777408916,False,0.01984126984126984,117.84615325927734
DL,Delta Air Lines,EWR,Newark,NJ,Early morning (05-09),1561,1546,81.0,0.052393272962483826,0.04235402534114873,0.06465149057738127,0.2757866884694512,False,0.009609224855861628,89.9259262084961
US,US Airways,LAS,Las Vegas,NV,Early morning (05-09),442,439,23.0,0.05239179954441914,0.03516175699647684,0.07738774151495478,0.2757789327201763,False,0.00904977375565611,110.0434799194336
DL,Delta Air Lines,ANC,Anchorage,AK,Overnight (00-05),420,420,22.0,0.05238095238095238,0.03484269800278783,0.07803343308014504,0.27572183563265656,False,0.0,37.04545593261719
DL,Delta Air Lines,MCO,Orlando,FL,Early morning (05-09),4160,4144,217.0,0.052364864864864864,0.04598747429247649,0.059571426510292846,0.2756371544792067,False,0.0038461538461538464,73.52995300292969
OO,Skywest Airlines,SGU,St George,UT,Late morning (09-12),326,326,17.0,0.05214723926380368,0.032809590524118415,0.0819169933876744,0.2744916210843792,False,0.0,82.82353210449219
AA,American Airlines,SJU,San Juan,PR,Early morning (05-09),892,883,46.0,0.052095130237825596,0.03928161122027453,0.06878909723544066,0.274217330609643,False,0.010089686098654708,157.97825622558594
EV,Atlantic Southeast Airlines,DAY,Dayton,OH,Early morning (05-09),221,212,11.0,0.05188679245283019,0.02921626084545352,0.09050857440409987,0.27312068623989566,False,0.04072398190045249,75.09091186523438
EV,Atlantic Southeast Airlines,ABE,Allentown,PA,Early morning (05-09),558,541,28.0,0.051756007393715345,0.036047861469654864,0.07378516155942369,0.27243226239623936,False,0.03046594982078853,162.10714721679688
B6,JetBlue Airways,AUS,Austin,TX,Early morning (05-09),376,368,19.0,0.051630434782608696,0.0332990872493531,0.0792262461184035,0.2717712757347578,False,0.023936170212765957,60.842105865478516
DL,Delta Air Lines,LAS,Las Vegas,NV,Overnight (00-05),447,446,23.0,0.0515695067264574,0.03460596821493446,0.07619214383161703,0.27145056382098065,False,0.0022371364653243847,63.4782600402832
US,US Airways,LGA,New York,NY,Early morning (05-09),1370,1285,66.0,0.051361867704280154,0.04057403195459845,0.06482417989703639,0.27035759758532857,False,0.06350364963503649,51.92424392700195
VX,Virgin America,PDX,Portland,OR,Early morning (05-09),331,331,17.0,0.0513595166163142,0.03231018023238098,0.08070325656878113,0.2703452219743433,False,0.0,44.117645263671875
HA,Hawaiian Airlines,LIH,Lihue,HI,Night (21-24),527,527,27.0,0.051233396584440226,0.035446385067545834,0.07351568572720726,0.2696813538101022,False,0.0,30.185184478759766
DL,Delta Air Lines,SNA,Santa Ana,CA,Early morning (05-09),1235,1231,63.0,0.05117790414297319,0.040204223850965545,0.06494416117266825,0.2693892537788971,False,0.0032388663967611335,73.52381134033203
AS,Alaska Airlines,DEN,Denver,CO,Early morning (05-09),568,567,29.0,0.05114638447971781,0.0358443705865671,0.07248971018119756,0.269223341190136,False,0.0017605633802816902,123.24137878417969
AA,American Airlines,OMA,Omaha,NE,Early morning (05-09),621,607,31.0,0.051070840197693576,0.03620931898841486,0.07157901762782085,0.2688256926716481,False,0.02254428341384863,108.06451416015625
AA,American Airlines,RSW,Ft. Myers,FL,Early morning (05-09),849,842,43.0,0.0510688836104513,0.03813269454089961,0.0680829373220875,0.2688153936258787,False,0.008244994110718492,77.5813980102539
US,US Airways,ATL,Atlanta,GA,Early morning (05-09),1061,1039,53.0,0.05101058710298364,0.039208638395765605,0.06612049308498852,0.26850853360674315,False,0.020735155513666354,52.49056625366211
WN,Southwest Airlines,BHM,Birmingham,AL,Early morning (05-09),1109,1099,56.0,0.050955414012738856,0.039446781371720266,0.06559241918074349,0.2682181145702739,False,0.009017132551848512,63.85714340209961
WN,Southwest Airlines,ALB,Albany,NY,Early morning (05-09),1717,1688,86.0,0.0509478672985782,0.04143987644536161,0.062495149150415194,0.2681783903234477,False,0.0168899242865463,69.98837280273438
DL,Delta Air Lines,MOB,Mobile,AL,Early morning (05-09),373,373,19.0,0.05093833780160858,0.03284942093981221,0.07818290670129749,0.26812822914313905,False,0.0,158.3157958984375
AS,Alaska Airlines,ANC,Anchorage,AK,Early morning (05-09),2528,2514,128.0,0.05091487669053302,0.04298626118408313,0.06021387658471059,0.26800473500418776,False,0.00949367088607595,51.078125
WN,Southwest Airlines,MAF,Midland,TX,Early morning (05-09),624,609,31.0,0.05090311986863711,0.036089641925370036,0.07134692896015732,0.26794284967436843,False,0.02403846153846154,51.129032135009766
B6,JetBlue Airways,PWM,Portland,ME,Early morning (05-09),403,393,20.0,0.05089058524173028,0.03318201384214102,0.07729430718871863,0.26787687014970096,False,0.02481389578163772,73.1500015258789
WN,Southwest Airlines,ROC,Rochester,NY,Early morning (05-09),681,670,34.0,0.050746268656716415,0.036538904218984994,0.07007606285933135,0.2671172193239033,False,0.016152716593245228,63.588233947753906
DL,Delta Air Lines,PBI,West Palm Beach,FL,Early morning (05-09),1292,1285,65.0,0.05058365758754864,0.03988409091548134,0.06396233986391002,0.26626127034918723,False,0.005417956656346749,86.47692108154297
AS,Alaska Airlines,SNA,Santa Ana,CA,Late morning (09-12),857,852,43.0,0.05046948356807512,0.03768257056544253,0.06729199482142345,0.26566028337205383,False,0.005834305717619603,76.27906799316406
WN,Southwest Airlines,CMH,Columbus,OH,Early morning (05-09),2824,2795,141.0,0.05044722719141324,0.04293223939081703,0.0591962983585147,0.2655431306906151,False,0.010269121813031162,65.10638427734375
WN,Southwest Airlines,DAY,Dayton,OH,Early morning (05-09),648,636,32.0,0.050314465408805034,0.035862768436080064,0.07016597367759307,0.26484430180838364,False,0.018518518518518517,64.09375
WN,Southwest Airlines,BUR,Burbank,CA,Early morning (05-09),2652,2625,132.0,0.05028571428571429,0.04256311996669987,0.059322668815705276,0.2646929622073503,False,0.010558069381598794,52.3863639831543
B6,JetBlue Airways,OAK,Oakland,CA,Late morning (09-12),282,279,14.0,0.05017921146953405,0.03012256314947314,0.08245493605856413,0.26413235476051167,False,0.010638297872340425,64.85713958740234
B6,JetBlue Airways,BWI,Baltimore,MD,Early morning (05-09),594,578,29.0,0.050173010380622836,0.035157807989670636,0.07112816399995678,0.2640997135896317,False,0.026936026936026935,65.75862121582031
DL,Delta Air Lines,BUF,Buffalo,NY,Early morning (05-09),937,937,47.0,0.05016008537886873,0.03792874305613612,0.06606495790266503,0.2640316792174561,False,0.0,105.0
EV,Atlantic Southeast Airlines,TUL,Tulsa,OK,Early morning (05-09),606,599,30.0,0.05008347245409015,0.035304257035092754,0.07059686193214507,0.26362840559807804,False,0.01155115511551155,108.56666564941406
OO,Skywest Airlines,SMF,Sacramento,CA,Early morning (05-09),921,899,45.0,0.05005561735261402,0.03761773727817633,0.06632253308597173,0.26348178245814585,False,0.026058631921824105,98.24444580078125
OO,Skywest Airlines,WYS,West Yellowstone,MT,Afternoon (12-17),200,200,10.0,0.05,0.027382349028644986,0.08957905629784384,0.26318902492208124,False,0.0,67.5999984741211
WN,Southwest Airlines,CLE,Cleveland,OH,Early morning (05-09),1621,1601,80.0,0.04996876951905059,0.0403317148888679,0.06176035450913374,0.2630246345255028,False,0.012338062924120914,48.54999923706055
EV,Atlantic Southeast Airlines,ROC,Rochester,NY,Early morning (05-09),309,301,15.0,0.04983388704318937,0.030429158630726982,0.08058456128151596,0.26231464277948296,False,0.025889967637540454,85.19999694824219
DL,Delta Air Lines,STL,St Louis,MO,Early morning (05-09),1207,1204,60.0,0.04983388704318937,0.038910481649073916,0.0636208436505349,0.26231464277948296,False,0.0024855012427506215,69.96666717529297
US,US Airways,PBI,West Palm Beach,FL,Early morning (05-09),490,482,24.0,0.04979253112033195,0.0336855662453635,0.0730191704424788,0.262096954279251,False,0.0163265306122449,42.33333206176758
MQ,American Eagle Airlines,FNT,Flint,MI,Early morning (05-09),316,302,15.0,0.04966887417218543,0.030327632069882832,0.08032311001360092,0.2614460512471006,False,0.04430379746835443,75.5999984741211
WN,Southwest Airlines,MCO,Orlando,FL,Early morning (05-09),6943,6868,341.0,0.04965055329062318,0.044760168884699435,0.05504445990651135,0.26134961414801894,False,0.010802246867348408,46.255130767822266
OO,Skywest Airlines,ISN,Williston,ND,Early morning (05-09),811,806,40.0,0.04962779156327544,0.03665467719843477,0.06687371650225932,0.26122980141149504,False,0.006165228113440197,175.60000610351562
OO,Skywest Airlines,ABQ,Albuquerque,NM,Early morning (05-09),617,605,30.0,0.049586776859504134,0.034951922822910306,0.06990556391912571,0.2610139090136343,False,0.019448946515397084,146.8333282470703
AS,Alaska Airlines,FAI,Fairbanks,AK,Early morning (05-09),668,667,33.0,0.049475262368815595,0.035443145340425086,0.06866727357217664,0.2604269212122543,False,0.0029940119760479044,109.1212158203125
US,US Airways,RSW,Ft. Myers,FL,Early morning (05-09),449,445,22.0,0.04943820224719101,0.03287174999398314,0.07371730057530457,0.260231844866777,False,0.008908685968819599,82.18181610107422
VX,Virgin America,EWR,Newark,NJ,Early morning (05-09),266,263,13.0,0.049429657794676805,0.02911112116353915,0.08272151662607086,0.26018686874426283,False,0.011278195488721804,36.92307662963867
EV,Atlantic Southeast Airlines,PVD,Providence,RI,Early morning (05-09),240,223,11.0,0.04932735426008968,0.027763488469651643,0.08615565158226123,0.25964836539398145,False,0.07083333333333333,118.36363983154297
WN,Southwest Airlines,OKC,Oklahoma City,OK,Early morning (05-09),1904,1875,92.0,0.04906666666666667,0.040177845985119684,0.05979950175936287,0.25827616312353574,False,0.01523109243697479,60.260868072509766
WN,Southwest Airlines,MHT,Manchester,NH,Early morning (05-09),1687,1651,81.0,0.049061175045427015,0.039648539710790257,0.0605674567930443,0.2582472564347496,False,0.02133965619442798,61.53086471557617
OO,Skywest Airlines,INL,International Falls,MN,Early morning (05-09),333,327,16.0,0.04892966360856269,0.03033906939458662,0.07799555357906604,0.25755500909806117,False,0.018018018018018018,202.4375
OO,Skywest Airlines,MAF,Midland,TX,Early morning (05-09),429,410,20.0,0.04878048780487805,0.03179657904588103,0.07414153834009468,0.2567697804117866,False,0.04428904428904429,135.0
AA,American Airlines,HNL,Honolulu,HI,Early morning (05-09),334,328,16.0,0.04878048780487805,0.03024589060163344,0.07776226750753673,0.2567697804117866,False,0.02694610778443114,563.3125
VX,Virgin America,LGA,New York,NY,Early morning (05-09),238,226,11.0,0.048672566371681415,0.027392019219457674,0.08504019496631199,0.25620170567636225,False,0.05042016806722689,46.54545593261719
WN,Southwest Airlines,HRL,Harlingen,TX,Early morning (05-09),332,329,16.0,0.0486322188449848,0.03015328245617661,0.07753037247157278,0.25598932515217626,False,0.009036144578313253,79.0625
DL,Delta Air Lines,TUL,Tulsa,OK,Early morning (05-09),330,329,16.0,0.0486322188449848,0.03015328245617661,0.07753037247157278,0.25598932515217626,False,0.0030303030303030303,82.375
DL,Delta Air Lines,SGF,Springfield,MO,Early morning (05-09),333,332,16.0,0.04819277108433735,0.029878829955883476,0.07684291029309105,0.2536761685995964,False,0.003003003003003003,138.125
B6,JetBlue Airways,EWR,Newark,NJ,Early morning (05-09),1507,1476,71.0,0.048102981029810296,0.03831057027340551,0.06024159909391057,0.2532035334616229,False,0.0225613802256138,50.197181701660156
DL,Delta Air Lines,DAY,Dayton,OH,Early morning (05-09),357,356,17.0,0.047752808988764044,0.030025070233715468,0.07513675652561419,0.2513603047008641,False,0.0028011204481792717,118.05882263183594
UA,United Air Lines,RSW,Ft. Myers,FL,Early morning (05-09),720,713,34.0,0.047685834502103785,0.03432244870409579,0.0658971814066567,0.25100776570408867,False,0.0125,84.76470947265625
WN,Southwest Airlines,SFO,San Francisco,CA,Early morning (05-09),3213,3137,149.0,0.047497609180745935,0.04059172492150516,0.05551041534561306,0.25001698892821234,False,0.023653906006847185,53.20134353637695
EV,Atlantic Southeast Airlines,BRO,Brownsville,TX,Early morning (05-09),619,591,28.0,0.047377326565143825,0.032979355789461894,0.06762154367688342,0.24938384764190438,False,0.045234248788368334,160.4642791748047
DL,Delta Air Lines,CLE,Cleveland,OH,Early morning (05-09),741,739,35.0,0.04736129905277402,0.03424870594706835,0.06515552774151344,0.24929948233485366,False,0.004048582995951417,88.45714569091797
WN,Southwest Airlines,OAK,Oakland,CA,Early morning (05-09),6638,6551,309.0,0.0471683712410319,0.04229464722826497,0.05257287786951924,0.2482839526817985,False,0.013257005122024707,40.31391525268555
DL,Delta Air Lines,MSO,Missoula,MT,Early morning (05-09),470,470,22.0,0.04680851063829787,0.03111186122078809,0.06985352468032319,0.24638972545896967,False,0.0,71.63636016845703
WN,Southwest Airlines,MKE,Milwaukee,WI,Early morning (05-09),3832,3785,177.0,0.046763540290620874,0.04048449667626161,0.05396167916809144,0.24615301141985935,False,0.012265135699373696,55.446327209472656
AS,Alaska Airlines,SJC,San Jose,CA,Early morning (05-09),1571,1569,72.0,0.045889101338432124,0.03659781218909261,0.057398684343043876,0.24155015671625046,False,0.001273074474856779,70.81944274902344
OO,Skywest Airlines,TUL,Tulsa,OK,Early morning (05-09),310,307,14.0,0.04560260586319218,0.02735574469848909,0.07508099478554395,0.2400421074207907,False,0.00967741935483871,66.21428680419922
F9,Frontier Airlines,PDX,Portland,OR,Early morning (05-09),221,220,10.0,0.045454545454545456,0.024874302834645305,0.08163672996712165,0.23926274992916477,False,0.004524886877828055,120.0999984741211
B6,JetBlue Airways,JAX,Jacksonville,FL,Early morning (05-09),645,640,29.0,0.0453125,0.03173208194907701,0.06431887219865125,0.23851505383563612,False,0.007751937984496124,62.86206817626953
EV,Atlantic Southeast Airlines,ELP,El Paso,TX,Early morning (05-09),383,376,17.0,0.04521276595744681,0.02841725839197593,0.07120742726646695,0.2379900757274139,False,0.020887728459530026,99.29412078857422
AS,Alaska Airlines,DCA,Arlington,VA,Early morning (05-09),333,333,15.0,0.04504504504504504,0.0274848656578903,0.07298253504321074,0.23710722965953263,False,0.003003003003003003,52.79999923706055
B6,JetBlue Airways,LGA,New York,NY,Early morning (05-09),1336,1312,59.0,0.04496951219512195,0.0350219224005133,0.057574025318421845,0.23670964131711575,False,0.017964071856287425,46.66101837158203
AS,Alaska Airlines,BUR,Burbank,CA,Early morning (05-09),334,334,15.0,0.04491017964071856,0.0274020104275105,0.07276801007914115,0.23639732777432446,False,0.0,74.4000015258789
AS,Alaska Airlines,LAX,Los Angeles,CA,Early morning (05-09),1519,1515,68.0,0.044884488448844885,0.035559175999523795,0.05651204459385474,0.23626209497955808,False,0.0026333113890717576,53.64706039428711
EV,Atlantic Southeast Airlines,CSG,Columbus,GA,Early morning (05-09),314,312,14.0,0.04487179487179487,0.02691429647339242,0.07390079564873461,0.23619527877622676,False,0.006369426751592357,84.71428680419922
DL,Delta Air Lines,GRR,Grand Rapids,MI,Early morning (05-09),1166,1164,52.0,0.044673539518900345,0.034228487001149804,0.058114173167832,0.23515170611594888,False,0.0017152658662092624,130.67308044433594
UA,United Air Lines,JFK,New York,NY,Late morning (09-12),342,336,15.0,0.044642857142857144,0.027237789735807982,0.07234272071376617,0.23499020082328684,False,0.017543859649122806,43.46666717529297
EV,Atlantic Southeast Airlines,GRB,Green Bay,WI,Early morning (05-09),540,517,23.0,0.04448742746615087,0.029824449532450163,0.0658699036067768,0.23417205312216127,False,0.04259259259259259,78.43478393554688
MQ,American Eagle Airlines,TLH,Tallahassee,FL,Early morning (05-09),234,225,10.0,0.044444444444444446,0.02431747739848865,0.07986637728527514,0.23394579993073888,False,0.038461538461538464,122.19999694824219
WN,Southwest Airlines,MSP,Minneapolis,MN,Early morning (05-09),2107,2077,92.0,0.04429465575349061,0.03625557884873642,0.0540163572755702,0.233157345140409,False,0.015187470336971999,66.26087188720703
WN,Southwest Airlines,ELP,El Paso,TX,Early morning (05-09),1813,1792,79.0,0.04408482142857143,0.035515548994621185,0.05460464868873796,0.23205282331299576,False,0.012134583563154992,73.67088317871094
OO,Skywest Airlines,PLN,Pellston,MI,Early morning (05-09),332,318,14.0,0.0440251572327044,0.026403009470282183,0.07253261600510695,0.23173876408233568,False,0.045180722891566265,217.14285278320312
HA,Hawaiian Airlines,KOA,Kailua/Kona,HI,Late morning (09-12),1716,1715,75.0,0.043731778425655975,0.03503012592234031,0.054472944052228606,0.2301944824391381,False,0.0005827505827505828,49.08000183105469
WN,Southwest Airlines,SMF,Sacramento,CA,Early morning (05-09),5034,4992,218.0,0.04366987179487179,0.03834300365728045,0.04969853873269442,0.2298686195232921,False,0.00854191497814859,50.678897857666016
US,US Airways,MCO,Orlando,FL,Early morning (05-09),1441,1425,62.0,0.04350877192982456,0.03408739340743952,0.05538480561028224,0.2290206251953549,False,0.012491325468424705,59.129032135009766
B6,JetBlue Airways,BTV,Burlington,VT,Early morning (05-09),334,324,14.0,0.043209876543209874,0.025910787339700897,0.07121416568639463,0.22744730548821834,False,0.029940119760479042,83.71428680419922
AA,American Airlines,BUF,Buffalo,NY,Early morning (05-09),304,301,13.0,0.04318936877076412,0.02541092232525206,0.0724812288772085,0.2273393570755519,False,0.009868421052631578,70.84615325927734
WN,Southwest Airlines,GRR,Grand Rapids,MI,Early morning (05-09),684,672,29.0,0.043154761904761904,0.030212675878589,0.06129042188869849,0.22715719412917726,False,0.017543859649122806,74.27586364746094
OO,Skywest Airlines,AVL,Asheville,NC,Early morning (05-09),334,325,14.0,0.043076923076923075,0.025830529199960282,0.07099906900172709,0.22674746762517767,False,0.029940119760479042,240.0
DL,Delta Air Lines,GRB,Green Bay,WI,Early morning (05-09),372,372,16.0,0.043010752688172046,0.026645228887359953,0.06871834981175161,0.2263991612232957,False,0.002688172043010753,103.5
WN,Southwest Airlines,SAT,San Antonio,TX,Early morning (05-09),3677,3643,156.0,0.04282185012352457,0.03671489077039646,0.04989199667982897,0.2254048195873987,False,0.009246668479738918,52.83333206176758
AS,Alaska Airlines,SFO,San Francisco,CA,Early morning (05-09),683,679,29.0,0.042709867452135494,0.029899501853300828,0.06066557209649953,0.2248153673855775,False,0.007320644216691069,89.10344696044922
OO,Skywest Airlines,GCC,Gillette,WY,Early morning (05-09),404,399,17.0,0.042606516290726815,0.02676881337829195,0.06716786049054385,0.2242713495576632,False,0.012376237623762377,55.05882263183594
DL,Delta Air Lines,GPT,Gulfport-Biloxi,MS,Early morning (05-09),330,329,14.0,0.0425531914893617,0.02551440808369196,0.07015151829089582,0.22399065950815425,False,0.0030303030303030303,96.0
DL,Delta Air Lines,FLL,Ft. Lauderdale,FL,Early morning (05-09),2368,2358,100.0,0.04240882103477523,0.034991748804367145,0.05131446241657163,0.2232307251247508,False,0.004222972972972973,101.37000274658203
US,US Airways,RDU,Raleigh,NC,Early morning (05-09),613,590,25.0,0.0423728813559322,0.02886326578737315,0.06180333621558522,0.22304154654413663,False,0.037520391517128875,42.400001525878906
OO,Skywest Airlines,PSC,Pasco,WA,Early morning (05-09),817,803,34.0,0.04234122042341221,0.030455741022672664,0.05858478440387946,0.2228748903449754,False,0.017135862913096694,94.76470947265625
WN,Southwest Airlines,RDU,Raleigh,NC,Early morning (05-09),2454,2409,102.0,0.04234122042341221,0.035002040260597625,0.051137721255450505,0.2228748903449754,False,0.018744906275468622,49.30392074584961
DL,Delta Air Lines,CHS,Charleston,SC,Early morning (05-09),1123,1111,47.0,0.0423042304230423,0.03196101135208493,0.055801770374036525,0.22268018310239096,False,0.01068566340160285,72.63829803466797
DL,Delta Air Lines,MLB,Melbourne,FL,Early morning (05-09),332,331,14.0,0.04229607250755287,0.02535923165353852,0.0697352846789602,0.22263724162592977,False,0.0030120481927710845,163.64285278320312
OO,Skywest Airlines,BJI,Bemidji,MN,Early morning (05-09),334,332,14.0,0.04216867469879518,0.02528234916653401,0.06952901428576017,0.22196664752464682,False,0.005988023952095809,163.7857208251953
MQ,American Eagle Airlines,CLL,College Station,TX,Early morning (05-09),304,285,12.0,0.042105263157894736,0.024247200386715368,0.07214334723523383,0.22163286309227892,False,0.0625,197.0833282470703
DL,Delta Air Lines,HNL,Honolulu,HI,Early morning (05-09),334,333,14.0,0.042042042042042045,0.02520593147584806,0.06932396031898964,0.2213000810155638,False,0.0029940119760479044,204.35714721679688
WN,Southwest Airlines,RNO,Reno,NV,Early morning (05-09),1801,1785,75.0,0.04201680672268908,0.033651083890706694,0.052349599456549996,0.22116724783368172,False,0.009994447529150472,45.573333740234375
HA,Hawaiian Airlines,PHX,Phoenix,AZ,Early morning (05-09),334,334,14.0,0.041916167664670656,0.025129974378985506,0.069120112052052,0.22063750592270281,False,0.0,95.28571319580078
WN,Southwest Airlines,JAX,Jacksonville,FL,Early morning (05-09),1035,1028,43.0,0.04182879377431906,0.03120063248918742,0.05586854557070084,0.22017758894259712,False,0.00676328502415459,64.81395721435547
WN,Southwest Airlines,PWM,Portland,ME,Early morning (05-09),322,311,13.0,0.04180064308681672,0.024588473914327072,0.0701944264393746,0.22002940990270456,False,0.034161490683229816,106.15384674072266
OO,Skywest Airlines,PAH,Paducah,KY,Early morning (05-09),332,311,13.0,0.04180064308681672,0.024588473914327072,0.0701944264393746,0.22002940990270456,False,0.06325301204819277,168.76922607421875
US,US Airways,FLL,Ft. Lauderdale,FL,Early morning (05-09),1138,1125,47.0,0.041777777777777775,0.031561460170277625,0.05511287925874413,0.21990905193489452,False,0.011423550087873463,62.0
AS,Alaska Airlines,PSP,Palm Springs,CA,Early morning (05-09),384,384,16.0,0.041666666666666664,0.025807346668707983,0.06660563842623798,0.21932418743506768,False,0.0,75.875
DL,Delta Air Lines,MHT,Manchester,NH,Early morning (05-09),365,361,15.0,0.04155124653739612,0.025339546428177834,0.06741741988268146,0.21871664120948578,False,0.0136986301369863,115.13333129882812
HA,Hawaiian Airlines,LIH,Lihue,HI,Late morning (09-12),1519,1519,63.0,0.041474654377880185,0.03255044385548771,0.05271226501718822,0.21831347689389227,False,0.0,35.66666793823242
OO,Skywest Airlines,LAR,Laramie,WY,Early morning (05-09),334,315,13.0,0.04126984126984127,0.024274211787784727,0.06931959780293367,0.2172353856499718,False,0.05688622754491018,66.76923370361328
WN,Southwest Airlines,CAK,Akron,OH,Early morning (05-09),1234,1212,50.0,0.041254125412541254,0.031431010718687535,0.053976167321609814,0.2171526608267997,False,0.017828200972447326,72.87999725341797
AS,Alaska Airlines,HNL,Honolulu,HI,Late morning (09-12),268,267,11.0,0.04119850187265917,0.02315756324138111,0.07225466294543806,0.2168598707223141,False,0.0037313432835820895,91.36363983154297
OO,Skywest Airlines,SLC,Salt Lake City,UT,Night (21-24),4121,4098,168.0,0.040995607613469986,0.03534228188201638,0.04750869900422748,0.2157918798775483,False,0.008978403300169862,51.33928680419922
OO,Skywest Airlines,SNA,Santa Ana,CA,Early morning (05-09),601,590,24.0,0.04067796610169491,0.027485402895101853,0.05981329763379339,0.21411988468237117,False,0.018302828618968387,102.95833587646484
OO,Skywest Airlines,MRY,Monterey,CA,Early morning (05-09),1245,1159,47.0,0.04055220017256255,0.030631487901583765,0.05350860478171893,0.21345788043723585,False,0.06907630522088354,168.46807861328125
WN,Southwest Airlines,SLC,Salt Lake City,UT,Early morning (05-09),2404,2395,97.0,0.04050104384133612,0.03331386325639473,0.04915994410128991,0.21318860473855433,False,0.004159733777038269,58.8865966796875
B6,JetBlue Airways,SYR,Syracuse,NY,Early morning (05-09),501,494,20.0,0.04048582995951417,0.026358696286977103,0.06170465559040717,0.21310852220411436,False,0.013972055888223553,54.5
DL,Delta Air Lines,RSW,Ft. Myers,FL,Early morning (05-09),1374,1365,55.0,0.040293040293040296,0.031086097553617627,0.052080281960272076,0.21209371971742813,False,0.006550218340611353,86.38182067871094
B6,JetBlue Airways,RIC,Richmond,VA,Early morning (05-09),708,695,28.0,0.04028776978417266,0.028018584032223078,0.05761112089661916,0.21206597691563378,False,0.018361581920903956,100.17857360839844
EV,Atlantic Southeast Airlines,CAK,Akron,OH,Early morning (05-09),458,447,18.0,0.040268456375838924,0.02562094479262022,0.0627506695393314,0.21196431537348823,False,0.024017467248908297,113.16666412353516
WN,Southwest Airlines,GEG,Spokane,WA,Early morning (05-09),971,969,39.0,0.04024767801857585,0.029579932299359932,0.05454640440334685,0.2118549426617372,False,0.0020597322348094747,135.61538696289062
DL,Delta Air Lines,MSN,Madison,WI,Early morning (05-09),872,870,35.0,0.040229885057471264,0.02906668086688988,0.0554355904829749,0.21176128442006537,False,0.0022935779816513763,113.05714416503906
DL,Delta Air Lines,CVG,Covington,KY,Early morning (05-09),1155,1151,46.0,0.03996524761077324,0.030094958136480637,0.05289616376283439,0.2103682909889789,False,0.003463203463203463,66.15217590332031
WN,Southwest Airlines,FNT,Flint,MI,Early morning (05-09),691,677,27.0,0.03988183161004431,0.027551665345795943,0.0574043655430334,0.209929207471084,False,0.02170767004341534,63.814815521240234
WN,Southwest Airlines,PBI,West Palm Beach,FL,Early morning (05-09),505,503,20.0,0.039761431411530816,0.02588440486686256,0.060615203689341195,0.20929544725414015,False,0.005940594059405941,77.55000305175781
B6,JetBlue Airways,PVD,Providence,RI,Early morning (05-09),334,327,13.0,0.039755351681957186,0.023377846876085694,0.06682120910720057,0.2092634448921747,False,0.023952095808383235,77.30769348144531
OO,Skywest Airlines,LGB,Long Beach,CA,Early morning (05-09),332,329,13.0,0.03951367781155015,0.02323484979120238,0.06642221230680458,0.20799132668614323,False,0.009036144578313253,138.84616088867188
OO,Skywest Airlines,MOT,Minot,ND,Early morning (05-09),471,458,18.0,0.039301310043668124,0.025002064701248328,0.06126474192682502,0.20687346937106824,False,0.027600849256900213,237.22222900390625
VX,Virgin America,AUS,Austin,TX,Early morning (05-09),465,460,18.0,0.0391304347826087,0.024892739400809088,0.06100210056179885,0.20597401950423752,False,0.010752688172043012,41.61111068725586
DL,Delta Air Lines,RNO,Reno,NV,Early morning (05-09),333,333,13.0,0.03903903903903904,0.02295404057896276,0.06563834230961157,0.20549293237159497,False,0.0,49.30769348144531
OO,Skywest Airlines,MTJ,Montrose,CO,Early morning (05-09),216,205,8.0,0.03902439024390244,0.019904392827067848,0.0751034983210559,0.20541582432942926,False,0.05092592592592592,43.75
B6,JetBlue Airways,SFO,San Francisco,CA,Early morning (05-09),1223,1211,47.0,0.038810900082576386,0.029310615609226036,0.05122795007703298,0.20429205898163202,False,0.01062959934587081,78.19149017333984
MQ,American Eagle Airlines,TOL,Toledo,OH,Early morning (05-09),329,310,12.0,0.03870967741935484,0.022279693230821542,0.06643257435894348,0.20375924510096613,False,0.057750759878419454,83.5
AS,Alaska Airlines,PHX,Phoenix,AZ,Early morning (05-09),803,802,31.0,0.03865336658354115,0.027362608198453875,0.054342779063757465,0.20346283722155906,False,0.0012453300124533001,51.225807189941406
HA,Hawaiian Airlines,HNL,Honolulu,HI,Late morning (09-12),4659,4650,179.0,0.03849462365591398,0.033335002248559814,0.044416161435223506,0.20262724929484965,False,0.0019317450096587251,36.35195541381836
DL,Delta Air Lines,TPA,Tampa,FL,Early morning (05-09),2910,2898,111.0,0.038302277432712216,0.03190365625029694,0.04592333471985112,0.2016147809962113,False,0.004123711340206186,114.56756591796875
UA,United Air Lines,RNO,Reno,NV,Early morning (05-09),368,368,14.0,0.03804347826086957,0.02279451579420573,0.06283764585742227,0.20025251896245314,False,0.0,67.5
OO,Skywest Airlines,FCA,Kalispell,MT,Early morning (05-09),588,583,22.0,0.03773584905660377,0.025050063465216914,0.05647380941632385,0.19863322635628772,False,0.01020408163265306,167.90908813476562
DL,Delta Air Lines,CHO,Charlottesville,VA,Early morning (05-09),322,319,12.0,0.03761755485893417,0.02164734121562088,0.06459185472443145,0.19801055166551568,False,0.009316770186335404,119.08333587646484
WN,Southwest Airlines,TPA,Tampa,FL,Early morning (05-09),4212,4175,157.0,0.03760479041916168,0.03224621162138229,0.04381352703920728,0.19794336245636768,False,0.009021842355175688,59.1464958190918
B6,JetBlue Airways,PBI,West Palm Beach,FL,Early morning (05-09),1524,1492,56.0,0.03753351206434316,0.029016279651549716,0.048426144733492126,0.19756816884231299,False,0.02099737532808399,50.60714340209961
AS,Alaska Airlines,SNA,Santa Ana,CA,Early morning (05-09),594,593,22.0,0.03709949409780776,0.024625467342194608,0.05553248411427224,0.19528359353409064,False,0.0016835016835016834,75.13636016845703
WN,Southwest Airlines,RSW,Ft. Myers,FL,Early morning (05-09),986,979,36.0,0.03677221654749745,0.026678058651975034,0.050487580246500574,0.19356087634718946,False,0.007099391480730223,79.86111450195312
WN,Southwest Airlines,PIT,Pittsburgh,PA,Early morning (05-09),3201,3168,116.0,0.036616161616161616,0.03061697552723092,0.04373780940276055,0.19273943744293828,False,0.010309278350515464,58.94827651977539
WN,Southwest Airlines,FLL,Ft. Lauderdale,FL,Early morning (05-09),3120,3097,113.0,0.03648692282854375,0.030436687741034772,0.043685640855176004,0.19205915283303313,False,0.007371794871794872,62.610618591308594
DL,Delta Air Lines,FNT,Flint,MI,Early morning (05-09),331,329,12.0,0.0364741641337386,0.020985542377092294,0.06266265544433385,0.1919919938641322,False,0.006042296072507553,126.5
WN,Southwest Airlines,MSY,New Orleans,LA,Early morning (05-09),3595,3547,129.0,0.03636876233436707,0.03069238079156449,0.04304833464896657,0.19143718192809966,False,0.013630041724617525,57.13178253173828
DL,Delta Air Lines,PSC,Pasco,WA,Early morning (05-09),303,303,11.0,0.036303630363036306,0.02038998121039413,0.06382806484333521,0.19109434152758376,False,0.0,95.63636016845703
AS,Alaska Airlines,SAN,San Diego,CA,Early morning (05-09),1674,1668,60.0,0.03597122302158273,0.028047526295876687,0.046027433915664884,0.1893446222461016,False,0.0035842293906810036,60.56666564941406
AS,Alaska Airlines,ABQ,Albuquerque,NM,Afternoon (12-17),334,334,12.0,0.03592814371257485,0.020669589526180455,0.06174062875362878,0.18911786221945956,False,0.0,58.91666793823242
DL,Delta Air Lines,BOI,Boise,ID,Early morning (05-09),503,503,18.0,0.03578528827037773,0.022753635282961565,0.05585396125212948,0.18836590252872612,False,0.0,214.11111450195312
OO,Skywest Airlines,FAR,Fargo,ND,Early morning (05-09),315,308,11.0,0.03571428571428571,0.020057061780366096,0.06281065054537878,0.18799216065862945,False,0.022222222222222223,114.63636016845703
OO,Skywest Airlines,GTF,Great Falls,MT,Early morning (05-09),879,870,31.0,0.035632183908045977,0.025214400562706726,0.05013289350065671,0.1875599947720579,False,0.010238907849829351,169.22579956054688
AS,Alaska Airlines,GEG,Spokane,WA,Early morning (05-09),591,590,21.0,0.03559322033898305,0.023396016747497125,0.05379897935920877,0.18735489909707478,False,0.001692047377326565,134.42857360839844
US,US Airways,RIC,Richmond,VA,Early morning (05-09),292,281,10.0,0.03558718861209965,0.019442874526466918,0.06425838259327962,0.187323149410734,False,0.03767123287671233,83.80000305175781
DL,Delta Air Lines,LIT,Little Rock,AR,Early morning (05-09),653,647,23.0,0.03554868624420402,0.023802779441608746,0.05277745144713593,0.18712048139746118,False,0.009188361408882083,100.86956787109375
DL,Delta Air Lines,PDX,Portland,OR,Early morning (05-09),1726,1725,60.0,0.034782608695652174,0.027117527558853834,0.044515177253432035,0.1830880173371,False,0.0005793742757821553,122.05000305175781
EV,Atlantic Southeast Airlines,FNT,Flint,MI,Early morning (05-09),328,317,11.0,0.03470031545741325,0.019484422149109653,0.061058749309953,0.18265484379450433,False,0.03353658536585366,111.2727279663086
DL,Delta Air Lines,SJU,San Juan,PR,Early morning (05-09),667,663,23.0,0.03469079939668175,0.02322563615476184,0.05151715133780012,0.18260475333960388,False,0.005997001499250375,83.78260803222656
WN,Southwest Airlines,SDF,Louisville,KY,Early morning (05-09),1094,1079,37.0,0.03429101019462465,0.024979065051963886,0.046907349359894684,0.18050035073432819,False,0.013711151736745886,61.35135269165039
B6,JetBlue Airways,CHS,Charleston,SC,Early morning (05-09),327,321,11.0,0.03426791277258567,0.019240280353588452,0.060311107153430354,0.1803787709746351,False,0.01834862385321101,89.0
AS,Alaska Airlines,HNL,Honolulu,HI,Early morning (05-09),264,263,9.0,0.034220532319391636,0.018105895346679998,0.06374640954131347,0.18012937066910503,False,0.003787878787878788,94.55555725097656
DL,Delta Air Lines,SRQ,Sarasota,FL,Early morning (05-09),618,618,21.0,0.03398058252427184,0.022330968368887944,0.051388126654667896,0.1788663276169484,False,0.0,80.71428680419922
EV,Atlantic Southeast Airlines,GPT,Gulfport-Biloxi,MS,Early morning (05-09),515,504,17.0,0.03373015873015873,0.02116417701783907,0.053350396030134944,0.17754815173315003,False,0.021359223300970873,120.0
AS,Alaska Airlines,SMF,Sacramento,CA,Early morning (05-09),535,535,18.0,0.03364485981308411,0.02138600892553332,0.05255334542275752,0.17709915695691447,False,0.0,71.77777862548828
DL,Delta Air Lines,BIL,Billings,MT,Early morning (05-09),628,628,21.0,0.03343949044585987,0.021973718689052152,0.05057864253565986,0.17601813768674224,False,0.0,88.71428680419922
DL,Delta Air Lines,MYR,Myrtle Beach,SC,Early morning (05-09),332,330,11.0,0.03333333333333333,0.01871271868367097,0.05869405147319384,0.17545934994805415,False,0.006024096385542169,70.54545593261719
OO,Skywest Airlines,LNK,Lincoln,NE,Early morning (05-09),338,333,11.0,0.03303303303303303,0.018543235963116574,0.058174129112931044,0.17387863508365725,False,0.014792899408284023,152.72727966308594
WN,Southwest Airlines,CHS,Charleston,SC,Early morning (05-09),681,668,22.0,0.03293413173652695,0.021848064994662825,0.04936157727815864,0.17335804036783795,False,0.01908957415565345,81.13636016845703
B6,JetBlue Airways,RSW,Ft. Myers,FL,Early morning (05-09),378,368,12.0,0.03260869565217391,0.018749993547498504,0.05612489941767806,0.17164501625353124,False,0.026455026455026454,56.16666793823242
EV,Atlantic Southeast Airlines,HRL,Harlingen,TX,Early morning (05-09),286,278,9.0,0.03237410071942446,0.01712368400304304,0.06037232794125476,0.17041016002149145,False,0.027972027972027972,104.77777862548828
DL,Delta Air Lines,TLH,Tallahassee,FL,Early morning (05-09),627,624,20.0,0.03205128205128205,0.020842366488487855,0.048986711419060795,0.16871091341159053,False,0.004784688995215311,113.5
HA,Hawaiian Airlines,ITO,Hilo,HI,Late morning (09-12),1001,1001,32.0,0.03196803196803197,0.022734142269049976,0.04478057845907274,0.16827270324688512,False,0.0,58.90625
AS,Alaska Airlines,OAK,Oakland,CA,Early morning (05-09),854,852,27.0,0.03169014084507042,0.02186923533865665,0.04571523356306535,0.16680994537315008,False,0.00234192037470726,52.03703689575195
DL,Delta Air Lines,CAE,Columbia,SC,Early morning (05-09),446,445,14.0,0.03146067415730337,0.018831163672114865,0.05211056721913944,0.1656020830970399,False,0.002242152466367713,117.5
WN,Southwest Airlines,DCA,Arlington,VA,Early morning (05-09),2897,2767,85.0,0.030719190458980847,0.02491186040324642,0.03782777797954674,0.16169907566589742,False,0.04659993096306524,67.76470947265625
EV,Atlantic Southeast Airlines,EWN,New Bern,NC,Early morning (05-09),332,326,10.0,0.03067484662576687,0.016745532858165327,0.055536435213781946,0.16146565946139954,False,0.018072289156626505,152.0
DL,Delta Air Lines,OAK,Oakland,CA,Early morning (05-09),328,328,10.0,0.03048780487804878,0.016642915748313843,0.0552034109328497,0.1604811127573666,False,0.0,125.69999694824219
OO,Skywest Airlines,GJT,Grand Junction,CO,Early morning (05-09),727,723,22.0,0.030428769017980636,0.020179074919377257,0.04564214389913836,0.16017036094843118,False,0.005502063273727648,125.0
AS,Alaska Airlines,LAS,Las Vegas,NV,Early morning (05-09),662,659,20.0,0.030349013657056147,0.019730665916202445,0.04641122982480114,0.1597505462349507,False,0.004531722054380665,115.69999694824219
OO,Skywest Airlines,PIH,Pocatello,ID,Early morning (05-09),333,333,10.0,0.03003003003003003,0.01639179249056237,0.05438806367922189,0.15807148643968844,False,0.0,204.10000610351562
OO,Skywest Airlines,CMX,Hancock,MI,Early morning (05-09),330,305,9.0,0.029508196721311476,0.01560036886817662,0.05512067389290219,0.15532467044581844,False,0.07575757575757576,205.3333282470703
HA,Hawaiian Airlines,ITO,Hilo,HI,Early morning (05-09),1203,1202,33.0,0.02745424292845258,0.01961466489842685,0.03830471688438774,0.14451310852626756,False,0.0008312551953449709,47.6363639831543
HA,Hawaiian Airlines,OGG,Kahului,HI,Early morning (05-09),1552,1551,42.0,0.027079303675048357,0.02009550777123302,0.03640002206280281,0.14253951059609815,False,0.0006443298969072165,43.80952453613281
B6,JetBlue Airways,PDX,Portland,OR,Early morning (05-09),334,333,9.0,0.02702702702702703,0.014282732737124874,0.05055961452639602,0.1422643377957196,False,0.0029940119760479044,38.44444274902344
HA,Hawaiian Airlines,LIH,Lihue,HI,Early morning (05-09),928,927,24.0,0.025889967637540454,0.01745862644825138,0.03823463006284568,0.13627910675577024,False,0.0021551724137931034,45.75
DL,Delta Air Lines,SAN,San Diego,CA,Early morning (05-09),2110,2103,54.0,0.025677603423680456,0.019733211149678805,0.033351747871445514,0.13516126814828708,False,0.0033175355450236967,126.46295928955078
OO,Skywest Airlines,CPR,Casper,WY,Early morning (05-09),558,554,14.0,0.02527075812274368,0.015111737000336337,0.04196826563840555,0.13301972378733348,False,0.007168458781362007,143.0
OO,Skywest Airlines,BTM,Butte,MT,Early morning (05-09),333,320,8.0,0.025,0.01272102568324087,0.04854843444788497,0.13159451246104062,False,0.03903903903903904,134.0
OO,Skywest Airlines,BRD,Brainerd,MN,Early morning (05-09),332,326,8.0,0.024539877300613498,0.012485928555014163,0.047669006419834375,0.12917252756911962,False,0.018072289156626505,147.5
AS,Alaska Airlines,KOA,Kailua/Kona,HI,Late morning (09-12),290,289,7.0,0.02422145328719723,0.011781214167581332,0.049144555941583484,0.12749641345706358,False,0.0034482758620689655,73.71428680419922
OO,Skywest Airlines,DIK,Dickinson,ND,Early morning (05-09),295,290,7.0,0.02413793103448276,0.011740421834928148,0.04897800605275011,0.1270567706520392,False,0.01694915254237288,193.14285278320312
OO,Skywest Airlines,FNT,Flint,MI,Early morning (05-09),222,220,5.0,0.022727272727272728,0.009745748492065297,0.052090835949790006,0.11963137496458238,False,0.009009009009009009,338.6000061035156
OO,Skywest Airlines,LSE,La Crosse,WI,Early morning (05-09),229,221,5.0,0.02262443438914027,0.009701476694402425,0.05186008486715914,0.11909005652582862,False,0.034934497816593885,130.1999969482422
HA,Hawaiian Airlines,HNL,Honolulu,HI,Early morning (05-09),7180,7175,156.0,0.021742160278745645,0.01861469260806202,0.025381486385495942,0.11444595926925344,False,0.0006963788300835655,36.0512809753418
OO,Skywest Airlines,RDD,Redding,CA,Early morning (05-09),334,324,7.0,0.021604938271604937,0.0105038614103964,0.043917542096663105,0.11372365274410917,False,0.03293413173652695,87.14286041259766
OO,Skywest Airlines,TWF,Twin Falls,ID,Early morning (05-09),333,327,7.0,0.021406727828746176,0.010407144020594377,0.04352077798195911,0.11268031648040175,False,0.018018018018018018,81.71428680419922
HA,Hawaiian Airlines,KOA,Kailua/Kona,HI,Early morning (05-09),1191,1188,24.0,0.020202020202020204,0.013612661886744457,0.029884393426646182,0.10633899996851769,False,0.0025188916876574307,42.33333206176758
OO,Skywest Airlines,EKO,Elko,NV,Early morning (05-09),292,283,5.0,0.0176678445229682,0.00756955151014117,0.040685652755906715,0.09299965544949867,False,0.030821917808219176,223.1999969482422
WN,Southwest Airlines,SJU,San Juan,PR,Early morning (05-09),862,860,15.0,0.01744186046511628,0.010597951642260994,0.028577749088058074,0.09181012497281904,False,0.002320185614849188,67.26667022705078
DL,Delta Air Lines,TUS,Tucson,AZ,Early morning (05-09),332,331,4.0,0.012084592145015106,0.004709147311665609,0.03065563412528846,0.06361064046455135,False,0.0030120481927710845,73.25
OO,Skywest Airlines,LWS,Lewiston,ID,Early morning (05-09),332,332,3.0,0.009036144578313253,0.0030777145017795333,0.026226576568772777,0.04756428161242432,False,0.0,128.3333282470703
